[2026-01-02 08:06:26] local.ERROR: SQLSTATE[HY000]: General error: 1005 Can't create table `apel_app`.`assignments` (errno: 150 "Foreign key constraint is incorrectly formed") (Connection: mysql, SQL: alter table `assignments` add constraint `assignments_schedule_id_foreign` foreign key (`schedule_id`) references `schedules` (`id`) on delete cascade) {"exception":"[object] (Illuminate\\Database\\QueryException(code: HY000): SQLSTATE[HY000]: General error: 1005 Can't create table `apel_app`.`assignments` (errno: 150 \"Foreign key constraint is incorrectly formed\") (Connection: mysql, SQL: alter table `assignments` add constraint `assignments_schedule_id_foreign` foreign key (`schedule_id`) references `schedules` (`id`) on delete cascade) at /Volumes/Home/moohard/Kerjaan-Kepegawaian/apel-app/vendor/laravel/framework/src/Illuminate/Database/Connection.php:826)
[stacktrace]
#0 /Volumes/Home/moohard/Kerjaan-Kepegawaian/apel-app/vendor/laravel/framework/src/Illuminate/Database/Connection.php(780): Illuminate\\Database\\Connection->runQueryCallback('alter table `as...', Array, Object(Closure))
#1 /Volumes/Home/moohard/Kerjaan-Kepegawaian/apel-app/vendor/laravel/framework/src/Illuminate/Database/Connection.php(559): Illuminate\\Database\\Connection->run('alter table `as...', Array, Object(Closure))
#2 /Volumes/Home/moohard/Kerjaan-Kepegawaian/apel-app/vendor/laravel/framework/src/Illuminate/Database/Schema/Blueprint.php(121): Illuminate\\Database\\Connection->statement('alter table `as...')
#3 /Volumes/Home/moohard/Kerjaan-Kepegawaian/apel-app/vendor/laravel/framework/src/Illuminate/Database/Schema/Builder.php(650): Illuminate\\Database\\Schema\\Blueprint->build()
#4 /Volumes/Home/moohard/Kerjaan-Kepegawaian/apel-app/vendor/laravel/framework/src/Illuminate/Database/Schema/Builder.php(504): Illuminate\\Database\\Schema\\Builder->build(Object(Illuminate\\Database\\Schema\\Blueprint))
#5 /Volumes/Home/moohard/Kerjaan-Kepegawaian/apel-app/vendor/laravel/framework/src/Illuminate/Support/Facades/Facade.php(363): Illuminate\\Database\\Schema\\Builder->create('assignments', Object(Closure))
#6 /Volumes/Home/moohard/Kerjaan-Kepegawaian/apel-app/database/migrations/2026_01_02_080558_create_assignments_table.php(14): Illuminate\\Support\\Facades\\Facade::__callStatic('create', Array)
#7 /Volumes/Home/moohard/Kerjaan-Kepegawaian/apel-app/vendor/laravel/framework/src/Illuminate/Database/Migrations/Migrator.php(517): Illuminate\\Database\\Migrations\\Migration@anonymous->up()
#8 /Volumes/Home/moohard/Kerjaan-Kepegawaian/apel-app/vendor/laravel/framework/src/Illuminate/Database/Migrations/Migrator.php(442): Illuminate\\Database\\Migrations\\Migrator->runMethod(Object(Illuminate\\Database\\MySqlConnection), Object(Illuminate\\Database\\Migrations\\Migration@anonymous), 'up')
#9 /Volumes/Home/moohard/Kerjaan-Kepegawaian/apel-app/vendor/laravel/framework/src/Illuminate/Database/Migrations/Migrator.php(451): Illuminate\\Database\\Migrations\\Migrator->{closure:Illuminate\\Database\\Migrations\\Migrator::runMigration():438}()
#10 /Volumes/Home/moohard/Kerjaan-Kepegawaian/apel-app/vendor/laravel/framework/src/Illuminate/Database/Migrations/Migrator.php(253): Illuminate\\Database\\Migrations\\Migrator->runMigration(Object(Illuminate\\Database\\Migrations\\Migration@anonymous), 'up')
#11 /Volumes/Home/moohard/Kerjaan-Kepegawaian/apel-app/vendor/laravel/framework/src/Illuminate/Console/View/Components/Task.php(41): Illuminate\\Database\\Migrations\\Migrator->{closure:Illuminate\\Database\\Migrations\\Migrator::runUp():253}()
#12 /Volumes/Home/moohard/Kerjaan-Kepegawaian/apel-app/vendor/laravel/framework/src/Illuminate/Database/Migrations/Migrator.php(812): Illuminate\\Console\\View\\Components\\Task->render('2026_01_02_0805...', Object(Closure))
#13 /Volumes/Home/moohard/Kerjaan-Kepegawaian/apel-app/vendor/laravel/framework/src/Illuminate/Database/Migrations/Migrator.php(253): Illuminate\\Database\\Migrations\\Migrator->write('Illuminate\\\\Cons...', '2026_01_02_0805...', Object(Closure))
#14 /Volumes/Home/moohard/Kerjaan-Kepegawaian/apel-app/vendor/laravel/framework/src/Illuminate/Database/Migrations/Migrator.php(211): Illuminate\\Database\\Migrations\\Migrator->runUp('/Volumes/Home/m...', 2, false)
#15 /Volumes/Home/moohard/Kerjaan-Kepegawaian/apel-app/vendor/laravel/framework/src/Illuminate/Database/Migrations/Migrator.php(138): Illuminate\\Database\\Migrations\\Migrator->runPending(Array, Array)
#16 /Volumes/Home/moohard/Kerjaan-Kepegawaian/apel-app/vendor/laravel/framework/src/Illuminate/Database/Console/Migrations/MigrateCommand.php(116): Illuminate\\Database\\Migrations\\Migrator->run(Array, Array)
#17 /Volumes/Home/moohard/Kerjaan-Kepegawaian/apel-app/vendor/laravel/framework/src/Illuminate/Database/Migrations/Migrator.php(669): Illuminate\\Database\\Console\\Migrations\\MigrateCommand->{closure:Illuminate\\Database\\Console\\Migrations\\MigrateCommand::runMigrations():109}()
#18 /Volumes/Home/moohard/Kerjaan-Kepegawaian/apel-app/vendor/laravel/framework/src/Illuminate/Database/Console/Migrations/MigrateCommand.php(109): Illuminate\\Database\\Migrations\\Migrator->usingConnection(NULL, Object(Closure))
#19 /Volumes/Home/moohard/Kerjaan-Kepegawaian/apel-app/vendor/laravel/framework/src/Illuminate/Database/Console/Migrations/MigrateCommand.php(88): Illuminate\\Database\\Console\\Migrations\\MigrateCommand->runMigrations()
#20 /Volumes/Home/moohard/Kerjaan-Kepegawaian/apel-app/vendor/laravel/framework/src/Illuminate/Container/BoundMethod.php(36): Illuminate\\Database\\Console\\Migrations\\MigrateCommand->handle()
#21 /Volumes/Home/moohard/Kerjaan-Kepegawaian/apel-app/vendor/laravel/framework/src/Illuminate/Container/Util.php(43): Illuminate\\Container\\BoundMethod::{closure:Illuminate\\Container\\BoundMethod::call():35}()
#22 /Volumes/Home/moohard/Kerjaan-Kepegawaian/apel-app/vendor/laravel/framework/src/Illuminate/Container/BoundMethod.php(96): Illuminate\\Container\\Util::unwrapIfClosure(Object(Closure))
#23 /Volumes/Home/moohard/Kerjaan-Kepegawaian/apel-app/vendor/laravel/framework/src/Illuminate/Container/BoundMethod.php(35): Illuminate\\Container\\BoundMethod::callBoundMethod(Object(Illuminate\\Foundation\\Application), Array, Object(Closure))
#24 /Volumes/Home/moohard/Kerjaan-Kepegawaian/apel-app/vendor/laravel/framework/src/Illuminate/Container/Container.php(799): Illuminate\\Container\\BoundMethod::call(Object(Illuminate\\Foundation\\Application), Array, Array, NULL)
#25 /Volumes/Home/moohard/Kerjaan-Kepegawaian/apel-app/vendor/laravel/framework/src/Illuminate/Console/Command.php(211): Illuminate\\Container\\Container->call(Array)
#26 /Volumes/Home/moohard/Kerjaan-Kepegawaian/apel-app/vendor/symfony/console/Command/Command.php(341): Illuminate\\Console\\Command->execute(Object(Symfony\\Component\\Console\\Input\\ArgvInput), Object(Illuminate\\Console\\OutputStyle))
#27 /Volumes/Home/moohard/Kerjaan-Kepegawaian/apel-app/vendor/laravel/framework/src/Illuminate/Console/Command.php(180): Symfony\\Component\\Console\\Command\\Command->run(Object(Symfony\\Component\\Console\\Input\\ArgvInput), Object(Illuminate\\Console\\OutputStyle))
#28 /Volumes/Home/moohard/Kerjaan-Kepegawaian/apel-app/vendor/symfony/console/Application.php(1102): Illuminate\\Console\\Command->run(Object(Symfony\\Component\\Console\\Input\\ArgvInput), Object(Symfony\\Component\\Console\\Output\\ConsoleOutput))
#29 /Volumes/Home/moohard/Kerjaan-Kepegawaian/apel-app/vendor/symfony/console/Application.php(356): Symfony\\Component\\Console\\Application->doRunCommand(Object(Illuminate\\Database\\Console\\Migrations\\MigrateCommand), Object(Symfony\\Component\\Console\\Input\\ArgvInput), Object(Symfony\\Component\\Console\\Output\\ConsoleOutput))
#30 /Volumes/Home/moohard/Kerjaan-Kepegawaian/apel-app/vendor/symfony/console/Application.php(195): Symfony\\Component\\Console\\Application->doRun(Object(Symfony\\Component\\Console\\Input\\ArgvInput), Object(Symfony\\Component\\Console\\Output\\ConsoleOutput))
#31 /Volumes/Home/moohard/Kerjaan-Kepegawaian/apel-app/vendor/laravel/framework/src/Illuminate/Foundation/Console/Kernel.php(198): Symfony\\Component\\Console\\Application->run(Object(Symfony\\Component\\Console\\Input\\ArgvInput), Object(Symfony\\Component\\Console\\Output\\ConsoleOutput))
#32 /Volumes/Home/moohard/Kerjaan-Kepegawaian/apel-app/vendor/laravel/framework/src/Illuminate/Foundation/Application.php(1235): Illuminate\\Foundation\\Console\\Kernel->handle(Object(Symfony\\Component\\Console\\Input\\ArgvInput), Object(Symfony\\Component\\Console\\Output\\ConsoleOutput))
#33 /Volumes/Home/moohard/Kerjaan-Kepegawaian/apel-app/artisan(16): Illuminate\\Foundation\\Application->handleCommand(Object(Symfony\\Component\\Console\\Input\\ArgvInput))
#34 {main}

[previous exception] [object] (PDOException(code: HY000): SQLSTATE[HY000]: General error: 1005 Can't create table `apel_app`.`assignments` (errno: 150 \"Foreign key constraint is incorrectly formed\") at /Volumes/Home/moohard/Kerjaan-Kepegawaian/apel-app/vendor/laravel/framework/src/Illuminate/Database/Connection.php:570)
[stacktrace]
#0 /Volumes/Home/moohard/Kerjaan-Kepegawaian/apel-app/vendor/laravel/framework/src/Illuminate/Database/Connection.php(570): PDOStatement->execute()
#1 /Volumes/Home/moohard/Kerjaan-Kepegawaian/apel-app/vendor/laravel/framework/src/Illuminate/Database/Connection.php(813): Illuminate\\Database\\Connection->{closure:Illuminate\\Database\\Connection::statement():559}('alter table `as...', Array)
#2 /Volumes/Home/moohard/Kerjaan-Kepegawaian/apel-app/vendor/laravel/framework/src/Illuminate/Database/Connection.php(780): Illuminate\\Database\\Connection->runQueryCallback('alter table `as...', Array, Object(Closure))
#3 /Volumes/Home/moohard/Kerjaan-Kepegawaian/apel-app/vendor/laravel/framework/src/Illuminate/Database/Connection.php(559): Illuminate\\Database\\Connection->run('alter table `as...', Array, Object(Closure))
#4 /Volumes/Home/moohard/Kerjaan-Kepegawaian/apel-app/vendor/laravel/framework/src/Illuminate/Database/Schema/Blueprint.php(121): Illuminate\\Database\\Connection->statement('alter table `as...')
#5 /Volumes/Home/moohard/Kerjaan-Kepegawaian/apel-app/vendor/laravel/framework/src/Illuminate/Database/Schema/Builder.php(650): Illuminate\\Database\\Schema\\Blueprint->build()
#6 /Volumes/Home/moohard/Kerjaan-Kepegawaian/apel-app/vendor/laravel/framework/src/Illuminate/Database/Schema/Builder.php(504): Illuminate\\Database\\Schema\\Builder->build(Object(Illuminate\\Database\\Schema\\Blueprint))
#7 /Volumes/Home/moohard/Kerjaan-Kepegawaian/apel-app/vendor/laravel/framework/src/Illuminate/Support/Facades/Facade.php(363): Illuminate\\Database\\Schema\\Builder->create('assignments', Object(Closure))
#8 /Volumes/Home/moohard/Kerjaan-Kepegawaian/apel-app/database/migrations/2026_01_02_080558_create_assignments_table.php(14): Illuminate\\Support\\Facades\\Facade::__callStatic('create', Array)
#9 /Volumes/Home/moohard/Kerjaan-Kepegawaian/apel-app/vendor/laravel/framework/src/Illuminate/Database/Migrations/Migrator.php(517): Illuminate\\Database\\Migrations\\Migration@anonymous->up()
#10 /Volumes/Home/moohard/Kerjaan-Kepegawaian/apel-app/vendor/laravel/framework/src/Illuminate/Database/Migrations/Migrator.php(442): Illuminate\\Database\\Migrations\\Migrator->runMethod(Object(Illuminate\\Database\\MySqlConnection), Object(Illuminate\\Database\\Migrations\\Migration@anonymous), 'up')
#11 /Volumes/Home/moohard/Kerjaan-Kepegawaian/apel-app/vendor/laravel/framework/src/Illuminate/Database/Migrations/Migrator.php(451): Illuminate\\Database\\Migrations\\Migrator->{closure:Illuminate\\Database\\Migrations\\Migrator::runMigration():438}()
#12 /Volumes/Home/moohard/Kerjaan-Kepegawaian/apel-app/vendor/laravel/framework/src/Illuminate/Database/Migrations/Migrator.php(253): Illuminate\\Database\\Migrations\\Migrator->runMigration(Object(Illuminate\\Database\\Migrations\\Migration@anonymous), 'up')
#13 /Volumes/Home/moohard/Kerjaan-Kepegawaian/apel-app/vendor/laravel/framework/src/Illuminate/Console/View/Components/Task.php(41): Illuminate\\Database\\Migrations\\Migrator->{closure:Illuminate\\Database\\Migrations\\Migrator::runUp():253}()
#14 /Volumes/Home/moohard/Kerjaan-Kepegawaian/apel-app/vendor/laravel/framework/src/Illuminate/Database/Migrations/Migrator.php(812): Illuminate\\Console\\View\\Components\\Task->render('2026_01_02_0805...', Object(Closure))
#15 /Volumes/Home/moohard/Kerjaan-Kepegawaian/apel-app/vendor/laravel/framework/src/Illuminate/Database/Migrations/Migrator.php(253): Illuminate\\Database\\Migrations\\Migrator->write('Illuminate\\\\Cons...', '2026_01_02_0805...', Object(Closure))
#16 /Volumes/Home/moohard/Kerjaan-Kepegawaian/apel-app/vendor/laravel/framework/src/Illuminate/Database/Migrations/Migrator.php(211): Illuminate\\Database\\Migrations\\Migrator->runUp('/Volumes/Home/m...', 2, false)
#17 /Volumes/Home/moohard/Kerjaan-Kepegawaian/apel-app/vendor/laravel/framework/src/Illuminate/Database/Migrations/Migrator.php(138): Illuminate\\Database\\Migrations\\Migrator->runPending(Array, Array)
#18 /Volumes/Home/moohard/Kerjaan-Kepegawaian/apel-app/vendor/laravel/framework/src/Illuminate/Database/Console/Migrations/MigrateCommand.php(116): Illuminate\\Database\\Migrations\\Migrator->run(Array, Array)
#19 /Volumes/Home/moohard/Kerjaan-Kepegawaian/apel-app/vendor/laravel/framework/src/Illuminate/Database/Migrations/Migrator.php(669): Illuminate\\Database\\Console\\Migrations\\MigrateCommand->{closure:Illuminate\\Database\\Console\\Migrations\\MigrateCommand::runMigrations():109}()
#20 /Volumes/Home/moohard/Kerjaan-Kepegawaian/apel-app/vendor/laravel/framework/src/Illuminate/Database/Console/Migrations/MigrateCommand.php(109): Illuminate\\Database\\Migrations\\Migrator->usingConnection(NULL, Object(Closure))
#21 /Volumes/Home/moohard/Kerjaan-Kepegawaian/apel-app/vendor/laravel/framework/src/Illuminate/Database/Console/Migrations/MigrateCommand.php(88): Illuminate\\Database\\Console\\Migrations\\MigrateCommand->runMigrations()
#22 /Volumes/Home/moohard/Kerjaan-Kepegawaian/apel-app/vendor/laravel/framework/src/Illuminate/Container/BoundMethod.php(36): Illuminate\\Database\\Console\\Migrations\\MigrateCommand->handle()
#23 /Volumes/Home/moohard/Kerjaan-Kepegawaian/apel-app/vendor/laravel/framework/src/Illuminate/Container/Util.php(43): Illuminate\\Container\\BoundMethod::{closure:Illuminate\\Container\\BoundMethod::call():35}()
#24 /Volumes/Home/moohard/Kerjaan-Kepegawaian/apel-app/vendor/laravel/framework/src/Illuminate/Container/BoundMethod.php(96): Illuminate\\Container\\Util::unwrapIfClosure(Object(Closure))
#25 /Volumes/Home/moohard/Kerjaan-Kepegawaian/apel-app/vendor/laravel/framework/src/Illuminate/Container/BoundMethod.php(35): Illuminate\\Container\\BoundMethod::callBoundMethod(Object(Illuminate\\Foundation\\Application), Array, Object(Closure))
#26 /Volumes/Home/moohard/Kerjaan-Kepegawaian/apel-app/vendor/laravel/framework/src/Illuminate/Container/Container.php(799): Illuminate\\Container\\BoundMethod::call(Object(Illuminate\\Foundation\\Application), Array, Array, NULL)
#27 /Volumes/Home/moohard/Kerjaan-Kepegawaian/apel-app/vendor/laravel/framework/src/Illuminate/Console/Command.php(211): Illuminate\\Container\\Container->call(Array)
#28 /Volumes/Home/moohard/Kerjaan-Kepegawaian/apel-app/vendor/symfony/console/Command/Command.php(341): Illuminate\\Console\\Command->execute(Object(Symfony\\Component\\Console\\Input\\ArgvInput), Object(Illuminate\\Console\\OutputStyle))
#29 /Volumes/Home/moohard/Kerjaan-Kepegawaian/apel-app/vendor/laravel/framework/src/Illuminate/Console/Command.php(180): Symfony\\Component\\Console\\Command\\Command->run(Object(Symfony\\Component\\Console\\Input\\ArgvInput), Object(Illuminate\\Console\\OutputStyle))
#30 /Volumes/Home/moohard/Kerjaan-Kepegawaian/apel-app/vendor/symfony/console/Application.php(1102): Illuminate\\Console\\Command->run(Object(Symfony\\Component\\Console\\Input\\ArgvInput), Object(Symfony\\Component\\Console\\Output\\ConsoleOutput))
#31 /Volumes/Home/moohard/Kerjaan-Kepegawaian/apel-app/vendor/symfony/console/Application.php(356): Symfony\\Component\\Console\\Application->doRunCommand(Object(Illuminate\\Database\\Console\\Migrations\\MigrateCommand), Object(Symfony\\Component\\Console\\Input\\ArgvInput), Object(Symfony\\Component\\Console\\Output\\ConsoleOutput))
#32 /Volumes/Home/moohard/Kerjaan-Kepegawaian/apel-app/vendor/symfony/console/Application.php(195): Symfony\\Component\\Console\\Application->doRun(Object(Symfony\\Component\\Console\\Input\\ArgvInput), Object(Symfony\\Component\\Console\\Output\\ConsoleOutput))
#33 /Volumes/Home/moohard/Kerjaan-Kepegawaian/apel-app/vendor/laravel/framework/src/Illuminate/Foundation/Console/Kernel.php(198): Symfony\\Component\\Console\\Application->run(Object(Symfony\\Component\\Console\\Input\\ArgvInput), Object(Symfony\\Component\\Console\\Output\\ConsoleOutput))
#34 /Volumes/Home/moohard/Kerjaan-Kepegawaian/apel-app/vendor/laravel/framework/src/Illuminate/Foundation/Application.php(1235): Illuminate\\Foundation\\Console\\Kernel->handle(Object(Symfony\\Component\\Console\\Input\\ArgvInput), Object(Symfony\\Component\\Console\\Output\\ConsoleOutput))
#35 /Volumes/Home/moohard/Kerjaan-Kepegawaian/apel-app/artisan(16): Illuminate\\Foundation\\Application->handleCommand(Object(Symfony\\Component\\Console\\Input\\ArgvInput))
#36 {main}
"} 
[2026-01-02 08:06:37] local.ERROR: SQLSTATE[42S01]: Base table or view already exists: 1050 Table 'assignments' already exists (Connection: mysql, SQL: create table `assignments` (`id` bigint unsigned not null auto_increment primary key, `schedule_id` bigint unsigned not null, `user_id` bigint unsigned not null, `role` varchar(255) not null, `created_at` timestamp null, `updated_at` timestamp null) default character set utf8mb4 collate 'utf8mb4_unicode_ci') {"exception":"[object] (Illuminate\\Database\\QueryException(code: 42S01): SQLSTATE[42S01]: Base table or view already exists: 1050 Table 'assignments' already exists (Connection: mysql, SQL: create table `assignments` (`id` bigint unsigned not null auto_increment primary key, `schedule_id` bigint unsigned not null, `user_id` bigint unsigned not null, `role` varchar(255) not null, `created_at` timestamp null, `updated_at` timestamp null) default character set utf8mb4 collate 'utf8mb4_unicode_ci') at /Volumes/Home/moohard/Kerjaan-Kepegawaian/apel-app/vendor/laravel/framework/src/Illuminate/Database/Connection.php:826)
[stacktrace]
#0 /Volumes/Home/moohard/Kerjaan-Kepegawaian/apel-app/vendor/laravel/framework/src/Illuminate/Database/Connection.php(780): Illuminate\\Database\\Connection->runQueryCallback('create table `a...', Array, Object(Closure))
#1 /Volumes/Home/moohard/Kerjaan-Kepegawaian/apel-app/vendor/laravel/framework/src/Illuminate/Database/Connection.php(559): Illuminate\\Database\\Connection->run('create table `a...', Array, Object(Closure))
#2 /Volumes/Home/moohard/Kerjaan-Kepegawaian/apel-app/vendor/laravel/framework/src/Illuminate/Database/Schema/Blueprint.php(121): Illuminate\\Database\\Connection->statement('create table `a...')
#3 /Volumes/Home/moohard/Kerjaan-Kepegawaian/apel-app/vendor/laravel/framework/src/Illuminate/Database/Schema/Builder.php(650): Illuminate\\Database\\Schema\\Blueprint->build()
#4 /Volumes/Home/moohard/Kerjaan-Kepegawaian/apel-app/vendor/laravel/framework/src/Illuminate/Database/Schema/Builder.php(504): Illuminate\\Database\\Schema\\Builder->build(Object(Illuminate\\Database\\Schema\\Blueprint))
#5 /Volumes/Home/moohard/Kerjaan-Kepegawaian/apel-app/vendor/laravel/framework/src/Illuminate/Support/Facades/Facade.php(363): Illuminate\\Database\\Schema\\Builder->create('assignments', Object(Closure))
#6 /Volumes/Home/moohard/Kerjaan-Kepegawaian/apel-app/database/migrations/2026_01_02_080559_create_assignments_table.php(14): Illuminate\\Support\\Facades\\Facade::__callStatic('create', Array)
#7 /Volumes/Home/moohard/Kerjaan-Kepegawaian/apel-app/vendor/laravel/framework/src/Illuminate/Database/Migrations/Migrator.php(517): Illuminate\\Database\\Migrations\\Migration@anonymous->up()
#8 /Volumes/Home/moohard/Kerjaan-Kepegawaian/apel-app/vendor/laravel/framework/src/Illuminate/Database/Migrations/Migrator.php(442): Illuminate\\Database\\Migrations\\Migrator->runMethod(Object(Illuminate\\Database\\MySqlConnection), Object(Illuminate\\Database\\Migrations\\Migration@anonymous), 'up')
#9 /Volumes/Home/moohard/Kerjaan-Kepegawaian/apel-app/vendor/laravel/framework/src/Illuminate/Database/Migrations/Migrator.php(451): Illuminate\\Database\\Migrations\\Migrator->{closure:Illuminate\\Database\\Migrations\\Migrator::runMigration():438}()
#10 /Volumes/Home/moohard/Kerjaan-Kepegawaian/apel-app/vendor/laravel/framework/src/Illuminate/Database/Migrations/Migrator.php(253): Illuminate\\Database\\Migrations\\Migrator->runMigration(Object(Illuminate\\Database\\Migrations\\Migration@anonymous), 'up')
#11 /Volumes/Home/moohard/Kerjaan-Kepegawaian/apel-app/vendor/laravel/framework/src/Illuminate/Console/View/Components/Task.php(41): Illuminate\\Database\\Migrations\\Migrator->{closure:Illuminate\\Database\\Migrations\\Migrator::runUp():253}()
#12 /Volumes/Home/moohard/Kerjaan-Kepegawaian/apel-app/vendor/laravel/framework/src/Illuminate/Database/Migrations/Migrator.php(812): Illuminate\\Console\\View\\Components\\Task->render('2026_01_02_0805...', Object(Closure))
#13 /Volumes/Home/moohard/Kerjaan-Kepegawaian/apel-app/vendor/laravel/framework/src/Illuminate/Database/Migrations/Migrator.php(253): Illuminate\\Database\\Migrations\\Migrator->write('Illuminate\\\\Cons...', '2026_01_02_0805...', Object(Closure))
#14 /Volumes/Home/moohard/Kerjaan-Kepegawaian/apel-app/vendor/laravel/framework/src/Illuminate/Database/Migrations/Migrator.php(211): Illuminate\\Database\\Migrations\\Migrator->runUp('/Volumes/Home/m...', 2, false)
#15 /Volumes/Home/moohard/Kerjaan-Kepegawaian/apel-app/vendor/laravel/framework/src/Illuminate/Database/Migrations/Migrator.php(138): Illuminate\\Database\\Migrations\\Migrator->runPending(Array, Array)
#16 /Volumes/Home/moohard/Kerjaan-Kepegawaian/apel-app/vendor/laravel/framework/src/Illuminate/Database/Console/Migrations/MigrateCommand.php(116): Illuminate\\Database\\Migrations\\Migrator->run(Array, Array)
#17 /Volumes/Home/moohard/Kerjaan-Kepegawaian/apel-app/vendor/laravel/framework/src/Illuminate/Database/Migrations/Migrator.php(669): Illuminate\\Database\\Console\\Migrations\\MigrateCommand->{closure:Illuminate\\Database\\Console\\Migrations\\MigrateCommand::runMigrations():109}()
#18 /Volumes/Home/moohard/Kerjaan-Kepegawaian/apel-app/vendor/laravel/framework/src/Illuminate/Database/Console/Migrations/MigrateCommand.php(109): Illuminate\\Database\\Migrations\\Migrator->usingConnection(NULL, Object(Closure))
#19 /Volumes/Home/moohard/Kerjaan-Kepegawaian/apel-app/vendor/laravel/framework/src/Illuminate/Database/Console/Migrations/MigrateCommand.php(88): Illuminate\\Database\\Console\\Migrations\\MigrateCommand->runMigrations()
#20 /Volumes/Home/moohard/Kerjaan-Kepegawaian/apel-app/vendor/laravel/framework/src/Illuminate/Container/BoundMethod.php(36): Illuminate\\Database\\Console\\Migrations\\MigrateCommand->handle()
#21 /Volumes/Home/moohard/Kerjaan-Kepegawaian/apel-app/vendor/laravel/framework/src/Illuminate/Container/Util.php(43): Illuminate\\Container\\BoundMethod::{closure:Illuminate\\Container\\BoundMethod::call():35}()
#22 /Volumes/Home/moohard/Kerjaan-Kepegawaian/apel-app/vendor/laravel/framework/src/Illuminate/Container/BoundMethod.php(96): Illuminate\\Container\\Util::unwrapIfClosure(Object(Closure))
#23 /Volumes/Home/moohard/Kerjaan-Kepegawaian/apel-app/vendor/laravel/framework/src/Illuminate/Container/BoundMethod.php(35): Illuminate\\Container\\BoundMethod::callBoundMethod(Object(Illuminate\\Foundation\\Application), Array, Object(Closure))
#24 /Volumes/Home/moohard/Kerjaan-Kepegawaian/apel-app/vendor/laravel/framework/src/Illuminate/Container/Container.php(799): Illuminate\\Container\\BoundMethod::call(Object(Illuminate\\Foundation\\Application), Array, Array, NULL)
#25 /Volumes/Home/moohard/Kerjaan-Kepegawaian/apel-app/vendor/laravel/framework/src/Illuminate/Console/Command.php(211): Illuminate\\Container\\Container->call(Array)
#26 /Volumes/Home/moohard/Kerjaan-Kepegawaian/apel-app/vendor/symfony/console/Command/Command.php(341): Illuminate\\Console\\Command->execute(Object(Symfony\\Component\\Console\\Input\\ArgvInput), Object(Illuminate\\Console\\OutputStyle))
#27 /Volumes/Home/moohard/Kerjaan-Kepegawaian/apel-app/vendor/laravel/framework/src/Illuminate/Console/Command.php(180): Symfony\\Component\\Console\\Command\\Command->run(Object(Symfony\\Component\\Console\\Input\\ArgvInput), Object(Illuminate\\Console\\OutputStyle))
#28 /Volumes/Home/moohard/Kerjaan-Kepegawaian/apel-app/vendor/symfony/console/Application.php(1102): Illuminate\\Console\\Command->run(Object(Symfony\\Component\\Console\\Input\\ArgvInput), Object(Symfony\\Component\\Console\\Output\\ConsoleOutput))
#29 /Volumes/Home/moohard/Kerjaan-Kepegawaian/apel-app/vendor/symfony/console/Application.php(356): Symfony\\Component\\Console\\Application->doRunCommand(Object(Illuminate\\Database\\Console\\Migrations\\MigrateCommand), Object(Symfony\\Component\\Console\\Input\\ArgvInput), Object(Symfony\\Component\\Console\\Output\\ConsoleOutput))
#30 /Volumes/Home/moohard/Kerjaan-Kepegawaian/apel-app/vendor/symfony/console/Application.php(195): Symfony\\Component\\Console\\Application->doRun(Object(Symfony\\Component\\Console\\Input\\ArgvInput), Object(Symfony\\Component\\Console\\Output\\ConsoleOutput))
#31 /Volumes/Home/moohard/Kerjaan-Kepegawaian/apel-app/vendor/laravel/framework/src/Illuminate/Foundation/Console/Kernel.php(198): Symfony\\Component\\Console\\Application->run(Object(Symfony\\Component\\Console\\Input\\ArgvInput), Object(Symfony\\Component\\Console\\Output\\ConsoleOutput))
#32 /Volumes/Home/moohard/Kerjaan-Kepegawaian/apel-app/vendor/laravel/framework/src/Illuminate/Foundation/Application.php(1235): Illuminate\\Foundation\\Console\\Kernel->handle(Object(Symfony\\Component\\Console\\Input\\ArgvInput), Object(Symfony\\Component\\Console\\Output\\ConsoleOutput))
#33 /Volumes/Home/moohard/Kerjaan-Kepegawaian/apel-app/artisan(16): Illuminate\\Foundation\\Application->handleCommand(Object(Symfony\\Component\\Console\\Input\\ArgvInput))
#34 {main}

[previous exception] [object] (PDOException(code: 42S01): SQLSTATE[42S01]: Base table or view already exists: 1050 Table 'assignments' already exists at /Volumes/Home/moohard/Kerjaan-Kepegawaian/apel-app/vendor/laravel/framework/src/Illuminate/Database/Connection.php:570)
[stacktrace]
#0 /Volumes/Home/moohard/Kerjaan-Kepegawaian/apel-app/vendor/laravel/framework/src/Illuminate/Database/Connection.php(570): PDOStatement->execute()
#1 /Volumes/Home/moohard/Kerjaan-Kepegawaian/apel-app/vendor/laravel/framework/src/Illuminate/Database/Connection.php(813): Illuminate\\Database\\Connection->{closure:Illuminate\\Database\\Connection::statement():559}('create table `a...', Array)
#2 /Volumes/Home/moohard/Kerjaan-Kepegawaian/apel-app/vendor/laravel/framework/src/Illuminate/Database/Connection.php(780): Illuminate\\Database\\Connection->runQueryCallback('create table `a...', Array, Object(Closure))
#3 /Volumes/Home/moohard/Kerjaan-Kepegawaian/apel-app/vendor/laravel/framework/src/Illuminate/Database/Connection.php(559): Illuminate\\Database\\Connection->run('create table `a...', Array, Object(Closure))
#4 /Volumes/Home/moohard/Kerjaan-Kepegawaian/apel-app/vendor/laravel/framework/src/Illuminate/Database/Schema/Blueprint.php(121): Illuminate\\Database\\Connection->statement('create table `a...')
#5 /Volumes/Home/moohard/Kerjaan-Kepegawaian/apel-app/vendor/laravel/framework/src/Illuminate/Database/Schema/Builder.php(650): Illuminate\\Database\\Schema\\Blueprint->build()
#6 /Volumes/Home/moohard/Kerjaan-Kepegawaian/apel-app/vendor/laravel/framework/src/Illuminate/Database/Schema/Builder.php(504): Illuminate\\Database\\Schema\\Builder->build(Object(Illuminate\\Database\\Schema\\Blueprint))
#7 /Volumes/Home/moohard/Kerjaan-Kepegawaian/apel-app/vendor/laravel/framework/src/Illuminate/Support/Facades/Facade.php(363): Illuminate\\Database\\Schema\\Builder->create('assignments', Object(Closure))
#8 /Volumes/Home/moohard/Kerjaan-Kepegawaian/apel-app/database/migrations/2026_01_02_080559_create_assignments_table.php(14): Illuminate\\Support\\Facades\\Facade::__callStatic('create', Array)
#9 /Volumes/Home/moohard/Kerjaan-Kepegawaian/apel-app/vendor/laravel/framework/src/Illuminate/Database/Migrations/Migrator.php(517): Illuminate\\Database\\Migrations\\Migration@anonymous->up()
#10 /Volumes/Home/moohard/Kerjaan-Kepegawaian/apel-app/vendor/laravel/framework/src/Illuminate/Database/Migrations/Migrator.php(442): Illuminate\\Database\\Migrations\\Migrator->runMethod(Object(Illuminate\\Database\\MySqlConnection), Object(Illuminate\\Database\\Migrations\\Migration@anonymous), 'up')
#11 /Volumes/Home/moohard/Kerjaan-Kepegawaian/apel-app/vendor/laravel/framework/src/Illuminate/Database/Migrations/Migrator.php(451): Illuminate\\Database\\Migrations\\Migrator->{closure:Illuminate\\Database\\Migrations\\Migrator::runMigration():438}()
#12 /Volumes/Home/moohard/Kerjaan-Kepegawaian/apel-app/vendor/laravel/framework/src/Illuminate/Database/Migrations/Migrator.php(253): Illuminate\\Database\\Migrations\\Migrator->runMigration(Object(Illuminate\\Database\\Migrations\\Migration@anonymous), 'up')
#13 /Volumes/Home/moohard/Kerjaan-Kepegawaian/apel-app/vendor/laravel/framework/src/Illuminate/Console/View/Components/Task.php(41): Illuminate\\Database\\Migrations\\Migrator->{closure:Illuminate\\Database\\Migrations\\Migrator::runUp():253}()
#14 /Volumes/Home/moohard/Kerjaan-Kepegawaian/apel-app/vendor/laravel/framework/src/Illuminate/Database/Migrations/Migrator.php(812): Illuminate\\Console\\View\\Components\\Task->render('2026_01_02_0805...', Object(Closure))
#15 /Volumes/Home/moohard/Kerjaan-Kepegawaian/apel-app/vendor/laravel/framework/src/Illuminate/Database/Migrations/Migrator.php(253): Illuminate\\Database\\Migrations\\Migrator->write('Illuminate\\\\Cons...', '2026_01_02_0805...', Object(Closure))
#16 /Volumes/Home/moohard/Kerjaan-Kepegawaian/apel-app/vendor/laravel/framework/src/Illuminate/Database/Migrations/Migrator.php(211): Illuminate\\Database\\Migrations\\Migrator->runUp('/Volumes/Home/m...', 2, false)
#17 /Volumes/Home/moohard/Kerjaan-Kepegawaian/apel-app/vendor/laravel/framework/src/Illuminate/Database/Migrations/Migrator.php(138): Illuminate\\Database\\Migrations\\Migrator->runPending(Array, Array)
#18 /Volumes/Home/moohard/Kerjaan-Kepegawaian/apel-app/vendor/laravel/framework/src/Illuminate/Database/Console/Migrations/MigrateCommand.php(116): Illuminate\\Database\\Migrations\\Migrator->run(Array, Array)
#19 /Volumes/Home/moohard/Kerjaan-Kepegawaian/apel-app/vendor/laravel/framework/src/Illuminate/Database/Migrations/Migrator.php(669): Illuminate\\Database\\Console\\Migrations\\MigrateCommand->{closure:Illuminate\\Database\\Console\\Migrations\\MigrateCommand::runMigrations():109}()
#20 /Volumes/Home/moohard/Kerjaan-Kepegawaian/apel-app/vendor/laravel/framework/src/Illuminate/Database/Console/Migrations/MigrateCommand.php(109): Illuminate\\Database\\Migrations\\Migrator->usingConnection(NULL, Object(Closure))
#21 /Volumes/Home/moohard/Kerjaan-Kepegawaian/apel-app/vendor/laravel/framework/src/Illuminate/Database/Console/Migrations/MigrateCommand.php(88): Illuminate\\Database\\Console\\Migrations\\MigrateCommand->runMigrations()
#22 /Volumes/Home/moohard/Kerjaan-Kepegawaian/apel-app/vendor/laravel/framework/src/Illuminate/Container/BoundMethod.php(36): Illuminate\\Database\\Console\\Migrations\\MigrateCommand->handle()
#23 /Volumes/Home/moohard/Kerjaan-Kepegawaian/apel-app/vendor/laravel/framework/src/Illuminate/Container/Util.php(43): Illuminate\\Container\\BoundMethod::{closure:Illuminate\\Container\\BoundMethod::call():35}()
#24 /Volumes/Home/moohard/Kerjaan-Kepegawaian/apel-app/vendor/laravel/framework/src/Illuminate/Container/BoundMethod.php(96): Illuminate\\Container\\Util::unwrapIfClosure(Object(Closure))
#25 /Volumes/Home/moohard/Kerjaan-Kepegawaian/apel-app/vendor/laravel/framework/src/Illuminate/Container/BoundMethod.php(35): Illuminate\\Container\\BoundMethod::callBoundMethod(Object(Illuminate\\Foundation\\Application), Array, Object(Closure))
#26 /Volumes/Home/moohard/Kerjaan-Kepegawaian/apel-app/vendor/laravel/framework/src/Illuminate/Container/Container.php(799): Illuminate\\Container\\BoundMethod::call(Object(Illuminate\\Foundation\\Application), Array, Array, NULL)
#27 /Volumes/Home/moohard/Kerjaan-Kepegawaian/apel-app/vendor/laravel/framework/src/Illuminate/Console/Command.php(211): Illuminate\\Container\\Container->call(Array)
#28 /Volumes/Home/moohard/Kerjaan-Kepegawaian/apel-app/vendor/symfony/console/Command/Command.php(341): Illuminate\\Console\\Command->execute(Object(Symfony\\Component\\Console\\Input\\ArgvInput), Object(Illuminate\\Console\\OutputStyle))
#29 /Volumes/Home/moohard/Kerjaan-Kepegawaian/apel-app/vendor/laravel/framework/src/Illuminate/Console/Command.php(180): Symfony\\Component\\Console\\Command\\Command->run(Object(Symfony\\Component\\Console\\Input\\ArgvInput), Object(Illuminate\\Console\\OutputStyle))
#30 /Volumes/Home/moohard/Kerjaan-Kepegawaian/apel-app/vendor/symfony/console/Application.php(1102): Illuminate\\Console\\Command->run(Object(Symfony\\Component\\Console\\Input\\ArgvInput), Object(Symfony\\Component\\Console\\Output\\ConsoleOutput))
#31 /Volumes/Home/moohard/Kerjaan-Kepegawaian/apel-app/vendor/symfony/console/Application.php(356): Symfony\\Component\\Console\\Application->doRunCommand(Object(Illuminate\\Database\\Console\\Migrations\\MigrateCommand), Object(Symfony\\Component\\Console\\Input\\ArgvInput), Object(Symfony\\Component\\Console\\Output\\ConsoleOutput))
#32 /Volumes/Home/moohard/Kerjaan-Kepegawaian/apel-app/vendor/symfony/console/Application.php(195): Symfony\\Component\\Console\\Application->doRun(Object(Symfony\\Component\\Console\\Input\\ArgvInput), Object(Symfony\\Component\\Console\\Output\\ConsoleOutput))
#33 /Volumes/Home/moohard/Kerjaan-Kepegawaian/apel-app/vendor/laravel/framework/src/Illuminate/Foundation/Console/Kernel.php(198): Symfony\\Component\\Console\\Application->run(Object(Symfony\\Component\\Console\\Input\\ArgvInput), Object(Symfony\\Component\\Console\\Output\\ConsoleOutput))
#34 /Volumes/Home/moohard/Kerjaan-Kepegawaian/apel-app/vendor/laravel/framework/src/Illuminate/Foundation/Application.php(1235): Illuminate\\Foundation\\Console\\Kernel->handle(Object(Symfony\\Component\\Console\\Input\\ArgvInput), Object(Symfony\\Component\\Console\\Output\\ConsoleOutput))
#35 /Volumes/Home/moohard/Kerjaan-Kepegawaian/apel-app/artisan(16): Illuminate\\Foundation\\Application->handleCommand(Object(Symfony\\Component\\Console\\Input\\ArgvInput))
#36 {main}
"} 
[2026-01-02 08:19:10] local.ERROR: SQLSTATE[42S02]: Base table or view not found: 1146 Table 'apel_app.sessions' doesn't exist (Connection: mysql, SQL: select * from `sessions` where `id` = hmjElkGQcxwqsrg9V1ETwpfkXa55tvX1RxQ19wq6 limit 1) {"exception":"[object] (Illuminate\\Database\\QueryException(code: 42S02): SQLSTATE[42S02]: Base table or view not found: 1146 Table 'apel_app.sessions' doesn't exist (Connection: mysql, SQL: select * from `sessions` where `id` = hmjElkGQcxwqsrg9V1ETwpfkXa55tvX1RxQ19wq6 limit 1) at /Volumes/Home/moohard/Kerjaan-Kepegawaian/apel-app/vendor/laravel/framework/src/Illuminate/Database/Connection.php:826)
[stacktrace]
#0 /Volumes/Home/moohard/Kerjaan-Kepegawaian/apel-app/vendor/laravel/framework/src/Illuminate/Database/Connection.php(780): Illuminate\\Database\\Connection->runQueryCallback('select * from `...', Array, Object(Closure))
#1 /Volumes/Home/moohard/Kerjaan-Kepegawaian/apel-app/vendor/laravel/framework/src/Illuminate/Database/Connection.php(397): Illuminate\\Database\\Connection->run('select * from `...', Array, Object(Closure))
#2 /Volumes/Home/moohard/Kerjaan-Kepegawaian/apel-app/vendor/laravel/framework/src/Illuminate/Database/Query/Builder.php(3188): Illuminate\\Database\\Connection->select('select * from `...', Array, false)
#3 /Volumes/Home/moohard/Kerjaan-Kepegawaian/apel-app/vendor/laravel/framework/src/Illuminate/Database/Query/Builder.php(3173): Illuminate\\Database\\Query\\Builder->runSelect()
#4 /Volumes/Home/moohard/Kerjaan-Kepegawaian/apel-app/vendor/laravel/framework/src/Illuminate/Database/Query/Builder.php(3763): Illuminate\\Database\\Query\\Builder->{closure:Illuminate\\Database\\Query\\Builder::get():3172}()
#5 /Volumes/Home/moohard/Kerjaan-Kepegawaian/apel-app/vendor/laravel/framework/src/Illuminate/Database/Query/Builder.php(3172): Illuminate\\Database\\Query\\Builder->onceWithColumns(Array, Object(Closure))
#6 /Volumes/Home/moohard/Kerjaan-Kepegawaian/apel-app/vendor/laravel/framework/src/Illuminate/Database/Concerns/BuildsQueries.php(366): Illuminate\\Database\\Query\\Builder->get(Array)
#7 /Volumes/Home/moohard/Kerjaan-Kepegawaian/apel-app/vendor/laravel/framework/src/Illuminate/Database/Query/Builder.php(3095): Illuminate\\Database\\Query\\Builder->first(Array)
#8 /Volumes/Home/moohard/Kerjaan-Kepegawaian/apel-app/vendor/laravel/framework/src/Illuminate/Session/DatabaseSessionHandler.php(96): Illuminate\\Database\\Query\\Builder->find('hmjElkGQcxwqsrg...')
#9 /Volumes/Home/moohard/Kerjaan-Kepegawaian/apel-app/vendor/laravel/framework/src/Illuminate/Session/Store.php(117): Illuminate\\Session\\DatabaseSessionHandler->read('hmjElkGQcxwqsrg...')
#10 /Volumes/Home/moohard/Kerjaan-Kepegawaian/apel-app/vendor/laravel/framework/src/Illuminate/Session/Store.php(105): Illuminate\\Session\\Store->readFromHandler()
#11 /Volumes/Home/moohard/Kerjaan-Kepegawaian/apel-app/vendor/laravel/framework/src/Illuminate/Session/Store.php(89): Illuminate\\Session\\Store->loadSession()
#12 /Volumes/Home/moohard/Kerjaan-Kepegawaian/apel-app/vendor/laravel/framework/src/Illuminate/Session/Middleware/StartSession.php(146): Illuminate\\Session\\Store->start()
#13 /Volumes/Home/moohard/Kerjaan-Kepegawaian/apel-app/vendor/laravel/framework/src/Illuminate/Support/helpers.php(390): Illuminate\\Session\\Middleware\\StartSession->{closure:Illuminate\\Session\\Middleware\\StartSession::startSession():143}(Object(Illuminate\\Session\\Store))
#14 /Volumes/Home/moohard/Kerjaan-Kepegawaian/apel-app/vendor/laravel/framework/src/Illuminate/Session/Middleware/StartSession.php(143): tap(Object(Illuminate\\Session\\Store), Object(Closure))
#15 /Volumes/Home/moohard/Kerjaan-Kepegawaian/apel-app/vendor/laravel/framework/src/Illuminate/Session/Middleware/StartSession.php(115): Illuminate\\Session\\Middleware\\StartSession->startSession(Object(Illuminate\\Http\\Request), Object(Illuminate\\Session\\Store))
#16 /Volumes/Home/moohard/Kerjaan-Kepegawaian/apel-app/vendor/laravel/framework/src/Illuminate/Session/Middleware/StartSession.php(63): Illuminate\\Session\\Middleware\\StartSession->handleStatefulRequest(Object(Illuminate\\Http\\Request), Object(Illuminate\\Session\\Store), Object(Closure))
#17 /Volumes/Home/moohard/Kerjaan-Kepegawaian/apel-app/vendor/laravel/framework/src/Illuminate/Pipeline/Pipeline.php(219): Illuminate\\Session\\Middleware\\StartSession->handle(Object(Illuminate\\Http\\Request), Object(Closure))
#18 /Volumes/Home/moohard/Kerjaan-Kepegawaian/apel-app/vendor/laravel/framework/src/Illuminate/Cookie/Middleware/AddQueuedCookiesToResponse.php(36): Illuminate\\Pipeline\\Pipeline->{closure:{closure:Illuminate\\Pipeline\\Pipeline::carry():194}:195}(Object(Illuminate\\Http\\Request))
#19 /Volumes/Home/moohard/Kerjaan-Kepegawaian/apel-app/vendor/laravel/framework/src/Illuminate/Pipeline/Pipeline.php(219): Illuminate\\Cookie\\Middleware\\AddQueuedCookiesToResponse->handle(Object(Illuminate\\Http\\Request), Object(Closure))
#20 /Volumes/Home/moohard/Kerjaan-Kepegawaian/apel-app/vendor/laravel/framework/src/Illuminate/Cookie/Middleware/EncryptCookies.php(74): Illuminate\\Pipeline\\Pipeline->{closure:{closure:Illuminate\\Pipeline\\Pipeline::carry():194}:195}(Object(Illuminate\\Http\\Request))
#21 /Volumes/Home/moohard/Kerjaan-Kepegawaian/apel-app/vendor/laravel/framework/src/Illuminate/Pipeline/Pipeline.php(219): Illuminate\\Cookie\\Middleware\\EncryptCookies->handle(Object(Illuminate\\Http\\Request), Object(Closure))
#22 /Volumes/Home/moohard/Kerjaan-Kepegawaian/apel-app/vendor/laravel/framework/src/Illuminate/Pipeline/Pipeline.php(137): Illuminate\\Pipeline\\Pipeline->{closure:{closure:Illuminate\\Pipeline\\Pipeline::carry():194}:195}(Object(Illuminate\\Http\\Request))
#23 /Volumes/Home/moohard/Kerjaan-Kepegawaian/apel-app/vendor/laravel/framework/src/Illuminate/Routing/Router.php(821): Illuminate\\Pipeline\\Pipeline->then(Object(Closure))
#24 /Volumes/Home/moohard/Kerjaan-Kepegawaian/apel-app/vendor/laravel/framework/src/Illuminate/Routing/Router.php(800): Illuminate\\Routing\\Router->runRouteWithinStack(Object(Illuminate\\Routing\\Route), Object(Illuminate\\Http\\Request))
#25 /Volumes/Home/moohard/Kerjaan-Kepegawaian/apel-app/vendor/laravel/framework/src/Illuminate/Routing/Router.php(764): Illuminate\\Routing\\Router->runRoute(Object(Illuminate\\Http\\Request), Object(Illuminate\\Routing\\Route))
#26 /Volumes/Home/moohard/Kerjaan-Kepegawaian/apel-app/vendor/laravel/framework/src/Illuminate/Routing/Router.php(753): Illuminate\\Routing\\Router->dispatchToRoute(Object(Illuminate\\Http\\Request))
#27 /Volumes/Home/moohard/Kerjaan-Kepegawaian/apel-app/vendor/laravel/framework/src/Illuminate/Foundation/Http/Kernel.php(200): Illuminate\\Routing\\Router->dispatch(Object(Illuminate\\Http\\Request))
#28 /Volumes/Home/moohard/Kerjaan-Kepegawaian/apel-app/vendor/laravel/framework/src/Illuminate/Pipeline/Pipeline.php(180): Illuminate\\Foundation\\Http\\Kernel->{closure:Illuminate\\Foundation\\Http\\Kernel::dispatchToRouter():197}(Object(Illuminate\\Http\\Request))
#29 /Volumes/Home/moohard/Kerjaan-Kepegawaian/apel-app/vendor/laravel/framework/src/Illuminate/Foundation/Http/Middleware/TransformsRequest.php(21): Illuminate\\Pipeline\\Pipeline->{closure:Illuminate\\Pipeline\\Pipeline::prepareDestination():178}(Object(Illuminate\\Http\\Request))
#30 /Volumes/Home/moohard/Kerjaan-Kepegawaian/apel-app/vendor/laravel/framework/src/Illuminate/Foundation/Http/Middleware/ConvertEmptyStringsToNull.php(31): Illuminate\\Foundation\\Http\\Middleware\\TransformsRequest->handle(Object(Illuminate\\Http\\Request), Object(Closure))
#31 /Volumes/Home/moohard/Kerjaan-Kepegawaian/apel-app/vendor/laravel/framework/src/Illuminate/Pipeline/Pipeline.php(219): Illuminate\\Foundation\\Http\\Middleware\\ConvertEmptyStringsToNull->handle(Object(Illuminate\\Http\\Request), Object(Closure))
#32 /Volumes/Home/moohard/Kerjaan-Kepegawaian/apel-app/vendor/laravel/framework/src/Illuminate/Foundation/Http/Middleware/TransformsRequest.php(21): Illuminate\\Pipeline\\Pipeline->{closure:{closure:Illuminate\\Pipeline\\Pipeline::carry():194}:195}(Object(Illuminate\\Http\\Request))
#33 /Volumes/Home/moohard/Kerjaan-Kepegawaian/apel-app/vendor/laravel/framework/src/Illuminate/Foundation/Http/Middleware/TrimStrings.php(51): Illuminate\\Foundation\\Http\\Middleware\\TransformsRequest->handle(Object(Illuminate\\Http\\Request), Object(Closure))
#34 /Volumes/Home/moohard/Kerjaan-Kepegawaian/apel-app/vendor/laravel/framework/src/Illuminate/Pipeline/Pipeline.php(219): Illuminate\\Foundation\\Http\\Middleware\\TrimStrings->handle(Object(Illuminate\\Http\\Request), Object(Closure))
#35 /Volumes/Home/moohard/Kerjaan-Kepegawaian/apel-app/vendor/laravel/framework/src/Illuminate/Http/Middleware/ValidatePostSize.php(27): Illuminate\\Pipeline\\Pipeline->{closure:{closure:Illuminate\\Pipeline\\Pipeline::carry():194}:195}(Object(Illuminate\\Http\\Request))
#36 /Volumes/Home/moohard/Kerjaan-Kepegawaian/apel-app/vendor/laravel/framework/src/Illuminate/Pipeline/Pipeline.php(219): Illuminate\\Http\\Middleware\\ValidatePostSize->handle(Object(Illuminate\\Http\\Request), Object(Closure))
#37 /Volumes/Home/moohard/Kerjaan-Kepegawaian/apel-app/vendor/laravel/framework/src/Illuminate/Foundation/Http/Middleware/PreventRequestsDuringMaintenance.php(109): Illuminate\\Pipeline\\Pipeline->{closure:{closure:Illuminate\\Pipeline\\Pipeline::carry():194}:195}(Object(Illuminate\\Http\\Request))
#38 /Volumes/Home/moohard/Kerjaan-Kepegawaian/apel-app/vendor/laravel/framework/src/Illuminate/Pipeline/Pipeline.php(219): Illuminate\\Foundation\\Http\\Middleware\\PreventRequestsDuringMaintenance->handle(Object(Illuminate\\Http\\Request), Object(Closure))
#39 /Volumes/Home/moohard/Kerjaan-Kepegawaian/apel-app/vendor/laravel/framework/src/Illuminate/Http/Middleware/HandleCors.php(48): Illuminate\\Pipeline\\Pipeline->{closure:{closure:Illuminate\\Pipeline\\Pipeline::carry():194}:195}(Object(Illuminate\\Http\\Request))
#40 /Volumes/Home/moohard/Kerjaan-Kepegawaian/apel-app/vendor/laravel/framework/src/Illuminate/Pipeline/Pipeline.php(219): Illuminate\\Http\\Middleware\\HandleCors->handle(Object(Illuminate\\Http\\Request), Object(Closure))
#41 /Volumes/Home/moohard/Kerjaan-Kepegawaian/apel-app/vendor/laravel/framework/src/Illuminate/Http/Middleware/TrustProxies.php(58): Illuminate\\Pipeline\\Pipeline->{closure:{closure:Illuminate\\Pipeline\\Pipeline::carry():194}:195}(Object(Illuminate\\Http\\Request))
#42 /Volumes/Home/moohard/Kerjaan-Kepegawaian/apel-app/vendor/laravel/framework/src/Illuminate/Pipeline/Pipeline.php(219): Illuminate\\Http\\Middleware\\TrustProxies->handle(Object(Illuminate\\Http\\Request), Object(Closure))
#43 /Volumes/Home/moohard/Kerjaan-Kepegawaian/apel-app/vendor/laravel/framework/src/Illuminate/Foundation/Http/Middleware/InvokeDeferredCallbacks.php(22): Illuminate\\Pipeline\\Pipeline->{closure:{closure:Illuminate\\Pipeline\\Pipeline::carry():194}:195}(Object(Illuminate\\Http\\Request))
#44 /Volumes/Home/moohard/Kerjaan-Kepegawaian/apel-app/vendor/laravel/framework/src/Illuminate/Pipeline/Pipeline.php(219): Illuminate\\Foundation\\Http\\Middleware\\InvokeDeferredCallbacks->handle(Object(Illuminate\\Http\\Request), Object(Closure))
#45 /Volumes/Home/moohard/Kerjaan-Kepegawaian/apel-app/vendor/laravel/framework/src/Illuminate/Http/Middleware/ValidatePathEncoding.php(26): Illuminate\\Pipeline\\Pipeline->{closure:{closure:Illuminate\\Pipeline\\Pipeline::carry():194}:195}(Object(Illuminate\\Http\\Request))
#46 /Volumes/Home/moohard/Kerjaan-Kepegawaian/apel-app/vendor/laravel/framework/src/Illuminate/Pipeline/Pipeline.php(219): Illuminate\\Http\\Middleware\\ValidatePathEncoding->handle(Object(Illuminate\\Http\\Request), Object(Closure))
#47 /Volumes/Home/moohard/Kerjaan-Kepegawaian/apel-app/vendor/laravel/framework/src/Illuminate/Pipeline/Pipeline.php(137): Illuminate\\Pipeline\\Pipeline->{closure:{closure:Illuminate\\Pipeline\\Pipeline::carry():194}:195}(Object(Illuminate\\Http\\Request))
#48 /Volumes/Home/moohard/Kerjaan-Kepegawaian/apel-app/vendor/laravel/framework/src/Illuminate/Foundation/Http/Kernel.php(175): Illuminate\\Pipeline\\Pipeline->then(Object(Closure))
#49 /Volumes/Home/moohard/Kerjaan-Kepegawaian/apel-app/vendor/laravel/framework/src/Illuminate/Foundation/Http/Kernel.php(144): Illuminate\\Foundation\\Http\\Kernel->sendRequestThroughRouter(Object(Illuminate\\Http\\Request))
#50 /Volumes/Home/moohard/Kerjaan-Kepegawaian/apel-app/vendor/laravel/framework/src/Illuminate/Foundation/Application.php(1220): Illuminate\\Foundation\\Http\\Kernel->handle(Object(Illuminate\\Http\\Request))
#51 /Volumes/Home/moohard/Kerjaan-Kepegawaian/apel-app/public/index.php(20): Illuminate\\Foundation\\Application->handleRequest(Object(Illuminate\\Http\\Request))
#52 /Volumes/Home/moohard/Kerjaan-Kepegawaian/apel-app/vendor/laravel/framework/src/Illuminate/Foundation/resources/server.php(23): require_once('/Volumes/Home/m...')
#53 {main}

[previous exception] [object] (PDOException(code: 42S02): SQLSTATE[42S02]: Base table or view not found: 1146 Table 'apel_app.sessions' doesn't exist at /Volumes/Home/moohard/Kerjaan-Kepegawaian/apel-app/vendor/laravel/framework/src/Illuminate/Database/Connection.php:406)
[stacktrace]
#0 /Volumes/Home/moohard/Kerjaan-Kepegawaian/apel-app/vendor/laravel/framework/src/Illuminate/Database/Connection.php(406): PDO->prepare('select * from `...')
#1 /Volumes/Home/moohard/Kerjaan-Kepegawaian/apel-app/vendor/laravel/framework/src/Illuminate/Database/Connection.php(813): Illuminate\\Database\\Connection->{closure:Illuminate\\Database\\Connection::select():397}('select * from `...', Array)
#2 /Volumes/Home/moohard/Kerjaan-Kepegawaian/apel-app/vendor/laravel/framework/src/Illuminate/Database/Connection.php(780): Illuminate\\Database\\Connection->runQueryCallback('select * from `...', Array, Object(Closure))
#3 /Volumes/Home/moohard/Kerjaan-Kepegawaian/apel-app/vendor/laravel/framework/src/Illuminate/Database/Connection.php(397): Illuminate\\Database\\Connection->run('select * from `...', Array, Object(Closure))
#4 /Volumes/Home/moohard/Kerjaan-Kepegawaian/apel-app/vendor/laravel/framework/src/Illuminate/Database/Query/Builder.php(3188): Illuminate\\Database\\Connection->select('select * from `...', Array, false)
#5 /Volumes/Home/moohard/Kerjaan-Kepegawaian/apel-app/vendor/laravel/framework/src/Illuminate/Database/Query/Builder.php(3173): Illuminate\\Database\\Query\\Builder->runSelect()
#6 /Volumes/Home/moohard/Kerjaan-Kepegawaian/apel-app/vendor/laravel/framework/src/Illuminate/Database/Query/Builder.php(3763): Illuminate\\Database\\Query\\Builder->{closure:Illuminate\\Database\\Query\\Builder::get():3172}()
#7 /Volumes/Home/moohard/Kerjaan-Kepegawaian/apel-app/vendor/laravel/framework/src/Illuminate/Database/Query/Builder.php(3172): Illuminate\\Database\\Query\\Builder->onceWithColumns(Array, Object(Closure))
#8 /Volumes/Home/moohard/Kerjaan-Kepegawaian/apel-app/vendor/laravel/framework/src/Illuminate/Database/Concerns/BuildsQueries.php(366): Illuminate\\Database\\Query\\Builder->get(Array)
#9 /Volumes/Home/moohard/Kerjaan-Kepegawaian/apel-app/vendor/laravel/framework/src/Illuminate/Database/Query/Builder.php(3095): Illuminate\\Database\\Query\\Builder->first(Array)
#10 /Volumes/Home/moohard/Kerjaan-Kepegawaian/apel-app/vendor/laravel/framework/src/Illuminate/Session/DatabaseSessionHandler.php(96): Illuminate\\Database\\Query\\Builder->find('hmjElkGQcxwqsrg...')
#11 /Volumes/Home/moohard/Kerjaan-Kepegawaian/apel-app/vendor/laravel/framework/src/Illuminate/Session/Store.php(117): Illuminate\\Session\\DatabaseSessionHandler->read('hmjElkGQcxwqsrg...')
#12 /Volumes/Home/moohard/Kerjaan-Kepegawaian/apel-app/vendor/laravel/framework/src/Illuminate/Session/Store.php(105): Illuminate\\Session\\Store->readFromHandler()
#13 /Volumes/Home/moohard/Kerjaan-Kepegawaian/apel-app/vendor/laravel/framework/src/Illuminate/Session/Store.php(89): Illuminate\\Session\\Store->loadSession()
#14 /Volumes/Home/moohard/Kerjaan-Kepegawaian/apel-app/vendor/laravel/framework/src/Illuminate/Session/Middleware/StartSession.php(146): Illuminate\\Session\\Store->start()
#15 /Volumes/Home/moohard/Kerjaan-Kepegawaian/apel-app/vendor/laravel/framework/src/Illuminate/Support/helpers.php(390): Illuminate\\Session\\Middleware\\StartSession->{closure:Illuminate\\Session\\Middleware\\StartSession::startSession():143}(Object(Illuminate\\Session\\Store))
#16 /Volumes/Home/moohard/Kerjaan-Kepegawaian/apel-app/vendor/laravel/framework/src/Illuminate/Session/Middleware/StartSession.php(143): tap(Object(Illuminate\\Session\\Store), Object(Closure))
#17 /Volumes/Home/moohard/Kerjaan-Kepegawaian/apel-app/vendor/laravel/framework/src/Illuminate/Session/Middleware/StartSession.php(115): Illuminate\\Session\\Middleware\\StartSession->startSession(Object(Illuminate\\Http\\Request), Object(Illuminate\\Session\\Store))
#18 /Volumes/Home/moohard/Kerjaan-Kepegawaian/apel-app/vendor/laravel/framework/src/Illuminate/Session/Middleware/StartSession.php(63): Illuminate\\Session\\Middleware\\StartSession->handleStatefulRequest(Object(Illuminate\\Http\\Request), Object(Illuminate\\Session\\Store), Object(Closure))
#19 /Volumes/Home/moohard/Kerjaan-Kepegawaian/apel-app/vendor/laravel/framework/src/Illuminate/Pipeline/Pipeline.php(219): Illuminate\\Session\\Middleware\\StartSession->handle(Object(Illuminate\\Http\\Request), Object(Closure))
#20 /Volumes/Home/moohard/Kerjaan-Kepegawaian/apel-app/vendor/laravel/framework/src/Illuminate/Cookie/Middleware/AddQueuedCookiesToResponse.php(36): Illuminate\\Pipeline\\Pipeline->{closure:{closure:Illuminate\\Pipeline\\Pipeline::carry():194}:195}(Object(Illuminate\\Http\\Request))
#21 /Volumes/Home/moohard/Kerjaan-Kepegawaian/apel-app/vendor/laravel/framework/src/Illuminate/Pipeline/Pipeline.php(219): Illuminate\\Cookie\\Middleware\\AddQueuedCookiesToResponse->handle(Object(Illuminate\\Http\\Request), Object(Closure))
#22 /Volumes/Home/moohard/Kerjaan-Kepegawaian/apel-app/vendor/laravel/framework/src/Illuminate/Cookie/Middleware/EncryptCookies.php(74): Illuminate\\Pipeline\\Pipeline->{closure:{closure:Illuminate\\Pipeline\\Pipeline::carry():194}:195}(Object(Illuminate\\Http\\Request))
#23 /Volumes/Home/moohard/Kerjaan-Kepegawaian/apel-app/vendor/laravel/framework/src/Illuminate/Pipeline/Pipeline.php(219): Illuminate\\Cookie\\Middleware\\EncryptCookies->handle(Object(Illuminate\\Http\\Request), Object(Closure))
#24 /Volumes/Home/moohard/Kerjaan-Kepegawaian/apel-app/vendor/laravel/framework/src/Illuminate/Pipeline/Pipeline.php(137): Illuminate\\Pipeline\\Pipeline->{closure:{closure:Illuminate\\Pipeline\\Pipeline::carry():194}:195}(Object(Illuminate\\Http\\Request))
#25 /Volumes/Home/moohard/Kerjaan-Kepegawaian/apel-app/vendor/laravel/framework/src/Illuminate/Routing/Router.php(821): Illuminate\\Pipeline\\Pipeline->then(Object(Closure))
#26 /Volumes/Home/moohard/Kerjaan-Kepegawaian/apel-app/vendor/laravel/framework/src/Illuminate/Routing/Router.php(800): Illuminate\\Routing\\Router->runRouteWithinStack(Object(Illuminate\\Routing\\Route), Object(Illuminate\\Http\\Request))
#27 /Volumes/Home/moohard/Kerjaan-Kepegawaian/apel-app/vendor/laravel/framework/src/Illuminate/Routing/Router.php(764): Illuminate\\Routing\\Router->runRoute(Object(Illuminate\\Http\\Request), Object(Illuminate\\Routing\\Route))
#28 /Volumes/Home/moohard/Kerjaan-Kepegawaian/apel-app/vendor/laravel/framework/src/Illuminate/Routing/Router.php(753): Illuminate\\Routing\\Router->dispatchToRoute(Object(Illuminate\\Http\\Request))
#29 /Volumes/Home/moohard/Kerjaan-Kepegawaian/apel-app/vendor/laravel/framework/src/Illuminate/Foundation/Http/Kernel.php(200): Illuminate\\Routing\\Router->dispatch(Object(Illuminate\\Http\\Request))
#30 /Volumes/Home/moohard/Kerjaan-Kepegawaian/apel-app/vendor/laravel/framework/src/Illuminate/Pipeline/Pipeline.php(180): Illuminate\\Foundation\\Http\\Kernel->{closure:Illuminate\\Foundation\\Http\\Kernel::dispatchToRouter():197}(Object(Illuminate\\Http\\Request))
#31 /Volumes/Home/moohard/Kerjaan-Kepegawaian/apel-app/vendor/laravel/framework/src/Illuminate/Foundation/Http/Middleware/TransformsRequest.php(21): Illuminate\\Pipeline\\Pipeline->{closure:Illuminate\\Pipeline\\Pipeline::prepareDestination():178}(Object(Illuminate\\Http\\Request))
#32 /Volumes/Home/moohard/Kerjaan-Kepegawaian/apel-app/vendor/laravel/framework/src/Illuminate/Foundation/Http/Middleware/ConvertEmptyStringsToNull.php(31): Illuminate\\Foundation\\Http\\Middleware\\TransformsRequest->handle(Object(Illuminate\\Http\\Request), Object(Closure))
#33 /Volumes/Home/moohard/Kerjaan-Kepegawaian/apel-app/vendor/laravel/framework/src/Illuminate/Pipeline/Pipeline.php(219): Illuminate\\Foundation\\Http\\Middleware\\ConvertEmptyStringsToNull->handle(Object(Illuminate\\Http\\Request), Object(Closure))
#34 /Volumes/Home/moohard/Kerjaan-Kepegawaian/apel-app/vendor/laravel/framework/src/Illuminate/Foundation/Http/Middleware/TransformsRequest.php(21): Illuminate\\Pipeline\\Pipeline->{closure:{closure:Illuminate\\Pipeline\\Pipeline::carry():194}:195}(Object(Illuminate\\Http\\Request))
#35 /Volumes/Home/moohard/Kerjaan-Kepegawaian/apel-app/vendor/laravel/framework/src/Illuminate/Foundation/Http/Middleware/TrimStrings.php(51): Illuminate\\Foundation\\Http\\Middleware\\TransformsRequest->handle(Object(Illuminate\\Http\\Request), Object(Closure))
#36 /Volumes/Home/moohard/Kerjaan-Kepegawaian/apel-app/vendor/laravel/framework/src/Illuminate/Pipeline/Pipeline.php(219): Illuminate\\Foundation\\Http\\Middleware\\TrimStrings->handle(Object(Illuminate\\Http\\Request), Object(Closure))
#37 /Volumes/Home/moohard/Kerjaan-Kepegawaian/apel-app/vendor/laravel/framework/src/Illuminate/Http/Middleware/ValidatePostSize.php(27): Illuminate\\Pipeline\\Pipeline->{closure:{closure:Illuminate\\Pipeline\\Pipeline::carry():194}:195}(Object(Illuminate\\Http\\Request))
#38 /Volumes/Home/moohard/Kerjaan-Kepegawaian/apel-app/vendor/laravel/framework/src/Illuminate/Pipeline/Pipeline.php(219): Illuminate\\Http\\Middleware\\ValidatePostSize->handle(Object(Illuminate\\Http\\Request), Object(Closure))
#39 /Volumes/Home/moohard/Kerjaan-Kepegawaian/apel-app/vendor/laravel/framework/src/Illuminate/Foundation/Http/Middleware/PreventRequestsDuringMaintenance.php(109): Illuminate\\Pipeline\\Pipeline->{closure:{closure:Illuminate\\Pipeline\\Pipeline::carry():194}:195}(Object(Illuminate\\Http\\Request))
#40 /Volumes/Home/moohard/Kerjaan-Kepegawaian/apel-app/vendor/laravel/framework/src/Illuminate/Pipeline/Pipeline.php(219): Illuminate\\Foundation\\Http\\Middleware\\PreventRequestsDuringMaintenance->handle(Object(Illuminate\\Http\\Request), Object(Closure))
#41 /Volumes/Home/moohard/Kerjaan-Kepegawaian/apel-app/vendor/laravel/framework/src/Illuminate/Http/Middleware/HandleCors.php(48): Illuminate\\Pipeline\\Pipeline->{closure:{closure:Illuminate\\Pipeline\\Pipeline::carry():194}:195}(Object(Illuminate\\Http\\Request))
#42 /Volumes/Home/moohard/Kerjaan-Kepegawaian/apel-app/vendor/laravel/framework/src/Illuminate/Pipeline/Pipeline.php(219): Illuminate\\Http\\Middleware\\HandleCors->handle(Object(Illuminate\\Http\\Request), Object(Closure))
#43 /Volumes/Home/moohard/Kerjaan-Kepegawaian/apel-app/vendor/laravel/framework/src/Illuminate/Http/Middleware/TrustProxies.php(58): Illuminate\\Pipeline\\Pipeline->{closure:{closure:Illuminate\\Pipeline\\Pipeline::carry():194}:195}(Object(Illuminate\\Http\\Request))
#44 /Volumes/Home/moohard/Kerjaan-Kepegawaian/apel-app/vendor/laravel/framework/src/Illuminate/Pipeline/Pipeline.php(219): Illuminate\\Http\\Middleware\\TrustProxies->handle(Object(Illuminate\\Http\\Request), Object(Closure))
#45 /Volumes/Home/moohard/Kerjaan-Kepegawaian/apel-app/vendor/laravel/framework/src/Illuminate/Foundation/Http/Middleware/InvokeDeferredCallbacks.php(22): Illuminate\\Pipeline\\Pipeline->{closure:{closure:Illuminate\\Pipeline\\Pipeline::carry():194}:195}(Object(Illuminate\\Http\\Request))
#46 /Volumes/Home/moohard/Kerjaan-Kepegawaian/apel-app/vendor/laravel/framework/src/Illuminate/Pipeline/Pipeline.php(219): Illuminate\\Foundation\\Http\\Middleware\\InvokeDeferredCallbacks->handle(Object(Illuminate\\Http\\Request), Object(Closure))
#47 /Volumes/Home/moohard/Kerjaan-Kepegawaian/apel-app/vendor/laravel/framework/src/Illuminate/Http/Middleware/ValidatePathEncoding.php(26): Illuminate\\Pipeline\\Pipeline->{closure:{closure:Illuminate\\Pipeline\\Pipeline::carry():194}:195}(Object(Illuminate\\Http\\Request))
#48 /Volumes/Home/moohard/Kerjaan-Kepegawaian/apel-app/vendor/laravel/framework/src/Illuminate/Pipeline/Pipeline.php(219): Illuminate\\Http\\Middleware\\ValidatePathEncoding->handle(Object(Illuminate\\Http\\Request), Object(Closure))
#49 /Volumes/Home/moohard/Kerjaan-Kepegawaian/apel-app/vendor/laravel/framework/src/Illuminate/Pipeline/Pipeline.php(137): Illuminate\\Pipeline\\Pipeline->{closure:{closure:Illuminate\\Pipeline\\Pipeline::carry():194}:195}(Object(Illuminate\\Http\\Request))
#50 /Volumes/Home/moohard/Kerjaan-Kepegawaian/apel-app/vendor/laravel/framework/src/Illuminate/Foundation/Http/Kernel.php(175): Illuminate\\Pipeline\\Pipeline->then(Object(Closure))
#51 /Volumes/Home/moohard/Kerjaan-Kepegawaian/apel-app/vendor/laravel/framework/src/Illuminate/Foundation/Http/Kernel.php(144): Illuminate\\Foundation\\Http\\Kernel->sendRequestThroughRouter(Object(Illuminate\\Http\\Request))
#52 /Volumes/Home/moohard/Kerjaan-Kepegawaian/apel-app/vendor/laravel/framework/src/Illuminate/Foundation/Application.php(1220): Illuminate\\Foundation\\Http\\Kernel->handle(Object(Illuminate\\Http\\Request))
#53 /Volumes/Home/moohard/Kerjaan-Kepegawaian/apel-app/public/index.php(20): Illuminate\\Foundation\\Application->handleRequest(Object(Illuminate\\Http\\Request))
#54 /Volumes/Home/moohard/Kerjaan-Kepegawaian/apel-app/vendor/laravel/framework/src/Illuminate/Foundation/resources/server.php(23): require_once('/Volumes/Home/m...')
#55 {main}
"} 
[2026-01-02 08:19:58] local.ERROR: syntax error, unexpected identifier "Schema", expecting "function" {"exception":"[object] (ParseError(code: 0): syntax error, unexpected identifier \"Schema\", expecting \"function\" at /Volumes/Home/moohard/Kerjaan-Kepegawaian/apel-app/database/migrations/2026_01_02_081948_create_password_reset_tokens_table.php:12)
[stacktrace]
#0 /Volumes/Home/moohard/Kerjaan-Kepegawaian/apel-app/vendor/laravel/framework/src/Illuminate/Filesystem/Filesystem.php(149): Illuminate\\Filesystem\\Filesystem::{closure:Illuminate\\Filesystem\\Filesystem::requireOnce():145}()
#1 /Volumes/Home/moohard/Kerjaan-Kepegawaian/apel-app/vendor/laravel/framework/src/Illuminate/Database/Migrations/Migrator.php(598): Illuminate\\Filesystem\\Filesystem->requireOnce('/Volumes/Home/m...')
#2 /Volumes/Home/moohard/Kerjaan-Kepegawaian/apel-app/vendor/laravel/framework/src/Illuminate/Database/Migrations/Migrator.php(131): Illuminate\\Database\\Migrations\\Migrator->requireFiles(Array)
#3 /Volumes/Home/moohard/Kerjaan-Kepegawaian/apel-app/vendor/laravel/framework/src/Illuminate/Database/Console/Migrations/MigrateCommand.php(116): Illuminate\\Database\\Migrations\\Migrator->run(Array, Array)
#4 /Volumes/Home/moohard/Kerjaan-Kepegawaian/apel-app/vendor/laravel/framework/src/Illuminate/Database/Migrations/Migrator.php(669): Illuminate\\Database\\Console\\Migrations\\MigrateCommand->{closure:Illuminate\\Database\\Console\\Migrations\\MigrateCommand::runMigrations():109}()
#5 /Volumes/Home/moohard/Kerjaan-Kepegawaian/apel-app/vendor/laravel/framework/src/Illuminate/Database/Console/Migrations/MigrateCommand.php(109): Illuminate\\Database\\Migrations\\Migrator->usingConnection(NULL, Object(Closure))
#6 /Volumes/Home/moohard/Kerjaan-Kepegawaian/apel-app/vendor/laravel/framework/src/Illuminate/Database/Console/Migrations/MigrateCommand.php(88): Illuminate\\Database\\Console\\Migrations\\MigrateCommand->runMigrations()
#7 /Volumes/Home/moohard/Kerjaan-Kepegawaian/apel-app/vendor/laravel/framework/src/Illuminate/Container/BoundMethod.php(36): Illuminate\\Database\\Console\\Migrations\\MigrateCommand->handle()
#8 /Volumes/Home/moohard/Kerjaan-Kepegawaian/apel-app/vendor/laravel/framework/src/Illuminate/Container/Util.php(43): Illuminate\\Container\\BoundMethod::{closure:Illuminate\\Container\\BoundMethod::call():35}()
#9 /Volumes/Home/moohard/Kerjaan-Kepegawaian/apel-app/vendor/laravel/framework/src/Illuminate/Container/BoundMethod.php(96): Illuminate\\Container\\Util::unwrapIfClosure(Object(Closure))
#10 /Volumes/Home/moohard/Kerjaan-Kepegawaian/apel-app/vendor/laravel/framework/src/Illuminate/Container/BoundMethod.php(35): Illuminate\\Container\\BoundMethod::callBoundMethod(Object(Illuminate\\Foundation\\Application), Array, Object(Closure))
#11 /Volumes/Home/moohard/Kerjaan-Kepegawaian/apel-app/vendor/laravel/framework/src/Illuminate/Container/Container.php(799): Illuminate\\Container\\BoundMethod::call(Object(Illuminate\\Foundation\\Application), Array, Array, NULL)
#12 /Volumes/Home/moohard/Kerjaan-Kepegawaian/apel-app/vendor/laravel/framework/src/Illuminate/Console/Command.php(211): Illuminate\\Container\\Container->call(Array)
#13 /Volumes/Home/moohard/Kerjaan-Kepegawaian/apel-app/vendor/symfony/console/Command/Command.php(341): Illuminate\\Console\\Command->execute(Object(Symfony\\Component\\Console\\Input\\ArgvInput), Object(Illuminate\\Console\\OutputStyle))
#14 /Volumes/Home/moohard/Kerjaan-Kepegawaian/apel-app/vendor/laravel/framework/src/Illuminate/Console/Command.php(180): Symfony\\Component\\Console\\Command\\Command->run(Object(Symfony\\Component\\Console\\Input\\ArgvInput), Object(Illuminate\\Console\\OutputStyle))
#15 /Volumes/Home/moohard/Kerjaan-Kepegawaian/apel-app/vendor/symfony/console/Application.php(1102): Illuminate\\Console\\Command->run(Object(Symfony\\Component\\Console\\Input\\ArgvInput), Object(Symfony\\Component\\Console\\Output\\ConsoleOutput))
#16 /Volumes/Home/moohard/Kerjaan-Kepegawaian/apel-app/vendor/symfony/console/Application.php(356): Symfony\\Component\\Console\\Application->doRunCommand(Object(Illuminate\\Database\\Console\\Migrations\\MigrateCommand), Object(Symfony\\Component\\Console\\Input\\ArgvInput), Object(Symfony\\Component\\Console\\Output\\ConsoleOutput))
#17 /Volumes/Home/moohard/Kerjaan-Kepegawaian/apel-app/vendor/symfony/console/Application.php(195): Symfony\\Component\\Console\\Application->doRun(Object(Symfony\\Component\\Console\\Input\\ArgvInput), Object(Symfony\\Component\\Console\\Output\\ConsoleOutput))
#18 /Volumes/Home/moohard/Kerjaan-Kepegawaian/apel-app/vendor/laravel/framework/src/Illuminate/Foundation/Console/Kernel.php(198): Symfony\\Component\\Console\\Application->run(Object(Symfony\\Component\\Console\\Input\\ArgvInput), Object(Symfony\\Component\\Console\\Output\\ConsoleOutput))
#19 /Volumes/Home/moohard/Kerjaan-Kepegawaian/apel-app/vendor/laravel/framework/src/Illuminate/Foundation/Application.php(1235): Illuminate\\Foundation\\Console\\Kernel->handle(Object(Symfony\\Component\\Console\\Input\\ArgvInput), Object(Symfony\\Component\\Console\\Output\\ConsoleOutput))
#20 /Volumes/Home/moohard/Kerjaan-Kepegawaian/apel-app/artisan(16): Illuminate\\Foundation\\Application->handleCommand(Object(Symfony\\Component\\Console\\Input\\ArgvInput))
#21 {main}
"} 
[2026-01-09 02:30:14] local.ERROR: There are no commands defined in the "boost" namespace. {"exception":"[object] (Symfony\\Component\\Console\\Exception\\NamespaceNotFoundException(code: 0): There are no commands defined in the \"boost\" namespace. at /Volumes/Home/moohard/Kerjaan-Kepegawaian/apel-app/vendor/symfony/console/Application.php:694)
[stacktrace]
#0 /Volumes/Home/moohard/Kerjaan-Kepegawaian/apel-app/vendor/symfony/console/Application.php(743): Symfony\\Component\\Console\\Application->findNamespace('boost')
#1 /Volumes/Home/moohard/Kerjaan-Kepegawaian/apel-app/vendor/symfony/console/Application.php(298): Symfony\\Component\\Console\\Application->find('boost:mcp')
#2 /Volumes/Home/moohard/Kerjaan-Kepegawaian/apel-app/vendor/symfony/console/Application.php(195): Symfony\\Component\\Console\\Application->doRun(Object(Symfony\\Component\\Console\\Input\\ArgvInput), Object(Symfony\\Component\\Console\\Output\\ConsoleOutput))
#3 /Volumes/Home/moohard/Kerjaan-Kepegawaian/apel-app/vendor/laravel/framework/src/Illuminate/Foundation/Console/Kernel.php(198): Symfony\\Component\\Console\\Application->run(Object(Symfony\\Component\\Console\\Input\\ArgvInput), Object(Symfony\\Component\\Console\\Output\\ConsoleOutput))
#4 /Volumes/Home/moohard/Kerjaan-Kepegawaian/apel-app/vendor/laravel/framework/src/Illuminate/Foundation/Application.php(1235): Illuminate\\Foundation\\Console\\Kernel->handle(Object(Symfony\\Component\\Console\\Input\\ArgvInput), Object(Symfony\\Component\\Console\\Output\\ConsoleOutput))
#5 /Volumes/Home/moohard/Kerjaan-Kepegawaian/apel-app/artisan(16): Illuminate\\Foundation\\Application->handleCommand(Object(Symfony\\Component\\Console\\Input\\ArgvInput))
#6 {main}
"} 
[2026-01-09 02:31:42] local.ERROR: There are no commands defined in the "boost" namespace. {"exception":"[object] (Symfony\\Component\\Console\\Exception\\NamespaceNotFoundException(code: 0): There are no commands defined in the \"boost\" namespace. at /Volumes/Home/moohard/Kerjaan-Kepegawaian/apel-app/vendor/symfony/console/Application.php:694)
[stacktrace]
#0 /Volumes/Home/moohard/Kerjaan-Kepegawaian/apel-app/vendor/symfony/console/Application.php(743): Symfony\\Component\\Console\\Application->findNamespace('boost')
#1 /Volumes/Home/moohard/Kerjaan-Kepegawaian/apel-app/vendor/symfony/console/Application.php(298): Symfony\\Component\\Console\\Application->find('boost:install')
#2 /Volumes/Home/moohard/Kerjaan-Kepegawaian/apel-app/vendor/symfony/console/Application.php(195): Symfony\\Component\\Console\\Application->doRun(Object(Symfony\\Component\\Console\\Input\\ArgvInput), Object(Symfony\\Component\\Console\\Output\\ConsoleOutput))
#3 /Volumes/Home/moohard/Kerjaan-Kepegawaian/apel-app/vendor/laravel/framework/src/Illuminate/Foundation/Console/Kernel.php(198): Symfony\\Component\\Console\\Application->run(Object(Symfony\\Component\\Console\\Input\\ArgvInput), Object(Symfony\\Component\\Console\\Output\\ConsoleOutput))
#4 /Volumes/Home/moohard/Kerjaan-Kepegawaian/apel-app/vendor/laravel/framework/src/Illuminate/Foundation/Application.php(1235): Illuminate\\Foundation\\Console\\Kernel->handle(Object(Symfony\\Component\\Console\\Input\\ArgvInput), Object(Symfony\\Component\\Console\\Output\\ConsoleOutput))
#5 /Volumes/Home/moohard/Kerjaan-Kepegawaian/apel-app/artisan(16): Illuminate\\Foundation\\Application->handleCommand(Object(Symfony\\Component\\Console\\Input\\ArgvInput))
#6 {main}
"} 
[2026-01-09 02:32:09] local.ERROR: SQLSTATE[HY000] [2002] Connection refused (Connection: mysql, SQL: select * from `cache` where `key` in (laravel-cache-boost.roster.scan)) {"exception":"[object] (Illuminate\\Database\\QueryException(code: 2002): SQLSTATE[HY000] [2002] Connection refused (Connection: mysql, SQL: select * from `cache` where `key` in (laravel-cache-boost.roster.scan)) at /Volumes/Home/moohard/Kerjaan-Kepegawaian/apel-app/vendor/laravel/framework/src/Illuminate/Database/Connection.php:826)
[stacktrace]
#0 /Volumes/Home/moohard/Kerjaan-Kepegawaian/apel-app/vendor/laravel/framework/src/Illuminate/Database/Connection.php(980): Illuminate\\Database\\Connection->runQueryCallback('select * from `...', Array, Object(Closure))
#1 /Volumes/Home/moohard/Kerjaan-Kepegawaian/apel-app/vendor/laravel/framework/src/Illuminate/Database/Connection.php(959): Illuminate\\Database\\Connection->tryAgainIfCausedByLostConnection(Object(Illuminate\\Database\\QueryException), 'select * from `...', Array, Object(Closure))
#2 /Volumes/Home/moohard/Kerjaan-Kepegawaian/apel-app/vendor/laravel/framework/src/Illuminate/Database/Connection.php(782): Illuminate\\Database\\Connection->handleQueryException(Object(Illuminate\\Database\\QueryException), 'select * from `...', Array, Object(Closure))
#3 /Volumes/Home/moohard/Kerjaan-Kepegawaian/apel-app/vendor/laravel/framework/src/Illuminate/Database/Connection.php(397): Illuminate\\Database\\Connection->run('select * from `...', Array, Object(Closure))
#4 /Volumes/Home/moohard/Kerjaan-Kepegawaian/apel-app/vendor/laravel/framework/src/Illuminate/Database/Query/Builder.php(3188): Illuminate\\Database\\Connection->select('select * from `...', Array, true)
#5 /Volumes/Home/moohard/Kerjaan-Kepegawaian/apel-app/vendor/laravel/framework/src/Illuminate/Database/Query/Builder.php(3173): Illuminate\\Database\\Query\\Builder->runSelect()
#6 /Volumes/Home/moohard/Kerjaan-Kepegawaian/apel-app/vendor/laravel/framework/src/Illuminate/Database/Query/Builder.php(3763): Illuminate\\Database\\Query\\Builder->{closure:Illuminate\\Database\\Query\\Builder::get():3172}()
#7 /Volumes/Home/moohard/Kerjaan-Kepegawaian/apel-app/vendor/laravel/framework/src/Illuminate/Database/Query/Builder.php(3172): Illuminate\\Database\\Query\\Builder->onceWithColumns(Array, Object(Closure))
#8 /Volumes/Home/moohard/Kerjaan-Kepegawaian/apel-app/vendor/laravel/framework/src/Illuminate/Cache/DatabaseStore.php(130): Illuminate\\Database\\Query\\Builder->get()
#9 /Volumes/Home/moohard/Kerjaan-Kepegawaian/apel-app/vendor/laravel/framework/src/Illuminate/Cache/DatabaseStore.php(105): Illuminate\\Cache\\DatabaseStore->many(Array)
#10 /Volumes/Home/moohard/Kerjaan-Kepegawaian/apel-app/vendor/laravel/framework/src/Illuminate/Cache/Repository.php(119): Illuminate\\Cache\\DatabaseStore->get('boost.roster.sc...')
#11 /Volumes/Home/moohard/Kerjaan-Kepegawaian/apel-app/vendor/laravel/framework/src/Illuminate/Cache/CacheManager.php(530): Illuminate\\Cache\\Repository->get('boost.roster.sc...')
#12 /Volumes/Home/moohard/Kerjaan-Kepegawaian/apel-app/vendor/laravel/boost/src/BoostServiceProvider.php(50): Illuminate\\Cache\\CacheManager->__call('get', Array)
#13 /Volumes/Home/moohard/Kerjaan-Kepegawaian/apel-app/vendor/laravel/framework/src/Illuminate/Container/Container.php(1115): Laravel\\Boost\\BoostServiceProvider->{closure:Laravel\\Boost\\BoostServiceProvider::register():37}(Object(Illuminate\\Foundation\\Application), Array)
#14 /Volumes/Home/moohard/Kerjaan-Kepegawaian/apel-app/vendor/laravel/framework/src/Illuminate/Container/Container.php(933): Illuminate\\Container\\Container->build(Object(Closure))
#15 /Volumes/Home/moohard/Kerjaan-Kepegawaian/apel-app/vendor/laravel/framework/src/Illuminate/Foundation/Application.php(1078): Illuminate\\Container\\Container->resolve('Laravel\\\\Roster\\\\...', Array, true)
#16 /Volumes/Home/moohard/Kerjaan-Kepegawaian/apel-app/vendor/laravel/framework/src/Illuminate/Container/Container.php(864): Illuminate\\Foundation\\Application->resolve('Laravel\\\\Roster\\\\...', Array)
#17 /Volumes/Home/moohard/Kerjaan-Kepegawaian/apel-app/vendor/laravel/framework/src/Illuminate/Foundation/Application.php(1058): Illuminate\\Container\\Container->make('Laravel\\\\Roster\\\\...', Array)
#18 /Volumes/Home/moohard/Kerjaan-Kepegawaian/apel-app/vendor/laravel/framework/src/Illuminate/Container/Container.php(1338): Illuminate\\Foundation\\Application->make('Laravel\\\\Roster\\\\...')
#19 /Volumes/Home/moohard/Kerjaan-Kepegawaian/apel-app/vendor/laravel/framework/src/Illuminate/Container/Container.php(1239): Illuminate\\Container\\Container->resolveClass(Object(ReflectionParameter))
#20 /Volumes/Home/moohard/Kerjaan-Kepegawaian/apel-app/vendor/laravel/framework/src/Illuminate/Container/Container.php(1162): Illuminate\\Container\\Container->resolveDependencies(Array)
#21 /Volumes/Home/moohard/Kerjaan-Kepegawaian/apel-app/vendor/laravel/framework/src/Illuminate/Container/Container.php(933): Illuminate\\Container\\Container->build('Laravel\\\\Boost\\\\I...')
#22 /Volumes/Home/moohard/Kerjaan-Kepegawaian/apel-app/vendor/laravel/framework/src/Illuminate/Foundation/Application.php(1078): Illuminate\\Container\\Container->resolve('Laravel\\\\Boost\\\\I...', Array, true)
#23 /Volumes/Home/moohard/Kerjaan-Kepegawaian/apel-app/vendor/laravel/framework/src/Illuminate/Container/Container.php(864): Illuminate\\Foundation\\Application->resolve('Laravel\\\\Boost\\\\I...', Array)
#24 /Volumes/Home/moohard/Kerjaan-Kepegawaian/apel-app/vendor/laravel/framework/src/Illuminate/Foundation/Application.php(1058): Illuminate\\Container\\Container->make('Laravel\\\\Boost\\\\I...', Array)
#25 /Volumes/Home/moohard/Kerjaan-Kepegawaian/apel-app/vendor/laravel/framework/src/Illuminate/Foundation/helpers.php(138): Illuminate\\Foundation\\Application->make('Laravel\\\\Boost\\\\I...', Array)
#26 /Volumes/Home/moohard/Kerjaan-Kepegawaian/apel-app/vendor/laravel/boost/src/Console/InstallCommand.php(310): app('Laravel\\\\Boost\\\\I...')
#27 /Volumes/Home/moohard/Kerjaan-Kepegawaian/apel-app/vendor/laravel/boost/src/Console/InstallCommand.php(156): Laravel\\Boost\\Console\\InstallCommand->selectAiGuidelines()
#28 /Volumes/Home/moohard/Kerjaan-Kepegawaian/apel-app/vendor/laravel/boost/src/Console/InstallCommand.php(102): Laravel\\Boost\\Console\\InstallCommand->collectInstallationPreferences()
#29 /Volumes/Home/moohard/Kerjaan-Kepegawaian/apel-app/vendor/laravel/framework/src/Illuminate/Container/BoundMethod.php(36): Laravel\\Boost\\Console\\InstallCommand->handle(Object(Laravel\\Boost\\Install\\CodeEnvironmentsDetector), Object(Laravel\\Boost\\Install\\Herd), Object(Laravel\\Boost\\Install\\Sail), Object(Laravel\\Prompts\\Terminal))
#30 /Volumes/Home/moohard/Kerjaan-Kepegawaian/apel-app/vendor/laravel/framework/src/Illuminate/Container/Util.php(43): Illuminate\\Container\\BoundMethod::{closure:Illuminate\\Container\\BoundMethod::call():35}()
#31 /Volumes/Home/moohard/Kerjaan-Kepegawaian/apel-app/vendor/laravel/framework/src/Illuminate/Container/BoundMethod.php(96): Illuminate\\Container\\Util::unwrapIfClosure(Object(Closure))
#32 /Volumes/Home/moohard/Kerjaan-Kepegawaian/apel-app/vendor/laravel/framework/src/Illuminate/Container/BoundMethod.php(35): Illuminate\\Container\\BoundMethod::callBoundMethod(Object(Illuminate\\Foundation\\Application), Array, Object(Closure))
#33 /Volumes/Home/moohard/Kerjaan-Kepegawaian/apel-app/vendor/laravel/framework/src/Illuminate/Container/Container.php(799): Illuminate\\Container\\BoundMethod::call(Object(Illuminate\\Foundation\\Application), Array, Array, NULL)
#34 /Volumes/Home/moohard/Kerjaan-Kepegawaian/apel-app/vendor/laravel/framework/src/Illuminate/Console/Command.php(211): Illuminate\\Container\\Container->call(Array)
#35 /Volumes/Home/moohard/Kerjaan-Kepegawaian/apel-app/vendor/symfony/console/Command/Command.php(341): Illuminate\\Console\\Command->execute(Object(Symfony\\Component\\Console\\Input\\ArgvInput), Object(Illuminate\\Console\\OutputStyle))
#36 /Volumes/Home/moohard/Kerjaan-Kepegawaian/apel-app/vendor/laravel/framework/src/Illuminate/Console/Command.php(180): Symfony\\Component\\Console\\Command\\Command->run(Object(Symfony\\Component\\Console\\Input\\ArgvInput), Object(Illuminate\\Console\\OutputStyle))
#37 /Volumes/Home/moohard/Kerjaan-Kepegawaian/apel-app/vendor/symfony/console/Application.php(1102): Illuminate\\Console\\Command->run(Object(Symfony\\Component\\Console\\Input\\ArgvInput), Object(Symfony\\Component\\Console\\Output\\ConsoleOutput))
#38 /Volumes/Home/moohard/Kerjaan-Kepegawaian/apel-app/vendor/symfony/console/Application.php(356): Symfony\\Component\\Console\\Application->doRunCommand(Object(Laravel\\Boost\\Console\\InstallCommand), Object(Symfony\\Component\\Console\\Input\\ArgvInput), Object(Symfony\\Component\\Console\\Output\\ConsoleOutput))
#39 /Volumes/Home/moohard/Kerjaan-Kepegawaian/apel-app/vendor/symfony/console/Application.php(195): Symfony\\Component\\Console\\Application->doRun(Object(Symfony\\Component\\Console\\Input\\ArgvInput), Object(Symfony\\Component\\Console\\Output\\ConsoleOutput))
#40 /Volumes/Home/moohard/Kerjaan-Kepegawaian/apel-app/vendor/laravel/framework/src/Illuminate/Foundation/Console/Kernel.php(198): Symfony\\Component\\Console\\Application->run(Object(Symfony\\Component\\Console\\Input\\ArgvInput), Object(Symfony\\Component\\Console\\Output\\ConsoleOutput))
#41 /Volumes/Home/moohard/Kerjaan-Kepegawaian/apel-app/vendor/laravel/framework/src/Illuminate/Foundation/Application.php(1235): Illuminate\\Foundation\\Console\\Kernel->handle(Object(Symfony\\Component\\Console\\Input\\ArgvInput), Object(Symfony\\Component\\Console\\Output\\ConsoleOutput))
#42 /Volumes/Home/moohard/Kerjaan-Kepegawaian/apel-app/artisan(16): Illuminate\\Foundation\\Application->handleCommand(Object(Symfony\\Component\\Console\\Input\\ArgvInput))
#43 {main}

[previous exception] [object] (PDOException(code: 2002): SQLSTATE[HY000] [2002] Connection refused at /Volumes/Home/moohard/Kerjaan-Kepegawaian/apel-app/vendor/laravel/framework/src/Illuminate/Database/Connectors/Connector.php:67)
[stacktrace]
#0 /Volumes/Home/moohard/Kerjaan-Kepegawaian/apel-app/vendor/laravel/framework/src/Illuminate/Database/Connectors/Connector.php(67): PDO::connect('mysql:host=127....', 'root', Object(SensitiveParameterValue), Array)
#1 /Volumes/Home/moohard/Kerjaan-Kepegawaian/apel-app/vendor/laravel/framework/src/Illuminate/Database/Connectors/Connector.php(85): Illuminate\\Database\\Connectors\\Connector->createPdoConnection('mysql:host=127....', 'root', Object(SensitiveParameterValue), Array)
#2 /Volumes/Home/moohard/Kerjaan-Kepegawaian/apel-app/vendor/laravel/framework/src/Illuminate/Database/Connectors/Connector.php(48): Illuminate\\Database\\Connectors\\Connector->tryAgainIfCausedByLostConnection(Object(PDOException), 'mysql:host=127....', 'root', Object(SensitiveParameterValue), Array)
#3 /Volumes/Home/moohard/Kerjaan-Kepegawaian/apel-app/vendor/laravel/framework/src/Illuminate/Database/Connectors/MySqlConnector.php(24): Illuminate\\Database\\Connectors\\Connector->createConnection('mysql:host=127....', Array, Array)
#4 /Volumes/Home/moohard/Kerjaan-Kepegawaian/apel-app/vendor/laravel/framework/src/Illuminate/Database/Connectors/ConnectionFactory.php(184): Illuminate\\Database\\Connectors\\MySqlConnector->connect(Array)
#5 [internal function]: Illuminate\\Database\\Connectors\\ConnectionFactory->{closure:Illuminate\\Database\\Connectors\\ConnectionFactory::createPdoResolverWithHosts():179}()
#6 /Volumes/Home/moohard/Kerjaan-Kepegawaian/apel-app/vendor/laravel/framework/src/Illuminate/Database/Connection.php(1236): call_user_func(Object(Closure))
#7 /Volumes/Home/moohard/Kerjaan-Kepegawaian/apel-app/vendor/laravel/framework/src/Illuminate/Database/Connection.php(1272): Illuminate\\Database\\Connection->getPdo()
#8 /Volumes/Home/moohard/Kerjaan-Kepegawaian/apel-app/vendor/laravel/framework/src/Illuminate/Database/Connection.php(511): Illuminate\\Database\\Connection->getReadPdo()
#9 /Volumes/Home/moohard/Kerjaan-Kepegawaian/apel-app/vendor/laravel/framework/src/Illuminate/Database/Connection.php(406): Illuminate\\Database\\Connection->getPdoForSelect(true)
#10 /Volumes/Home/moohard/Kerjaan-Kepegawaian/apel-app/vendor/laravel/framework/src/Illuminate/Database/Connection.php(813): Illuminate\\Database\\Connection->{closure:Illuminate\\Database\\Connection::select():397}('select * from `...', Array)
#11 /Volumes/Home/moohard/Kerjaan-Kepegawaian/apel-app/vendor/laravel/framework/src/Illuminate/Database/Connection.php(980): Illuminate\\Database\\Connection->runQueryCallback('select * from `...', Array, Object(Closure))
#12 /Volumes/Home/moohard/Kerjaan-Kepegawaian/apel-app/vendor/laravel/framework/src/Illuminate/Database/Connection.php(959): Illuminate\\Database\\Connection->tryAgainIfCausedByLostConnection(Object(Illuminate\\Database\\QueryException), 'select * from `...', Array, Object(Closure))
#13 /Volumes/Home/moohard/Kerjaan-Kepegawaian/apel-app/vendor/laravel/framework/src/Illuminate/Database/Connection.php(782): Illuminate\\Database\\Connection->handleQueryException(Object(Illuminate\\Database\\QueryException), 'select * from `...', Array, Object(Closure))
#14 /Volumes/Home/moohard/Kerjaan-Kepegawaian/apel-app/vendor/laravel/framework/src/Illuminate/Database/Connection.php(397): Illuminate\\Database\\Connection->run('select * from `...', Array, Object(Closure))
#15 /Volumes/Home/moohard/Kerjaan-Kepegawaian/apel-app/vendor/laravel/framework/src/Illuminate/Database/Query/Builder.php(3188): Illuminate\\Database\\Connection->select('select * from `...', Array, true)
#16 /Volumes/Home/moohard/Kerjaan-Kepegawaian/apel-app/vendor/laravel/framework/src/Illuminate/Database/Query/Builder.php(3173): Illuminate\\Database\\Query\\Builder->runSelect()
#17 /Volumes/Home/moohard/Kerjaan-Kepegawaian/apel-app/vendor/laravel/framework/src/Illuminate/Database/Query/Builder.php(3763): Illuminate\\Database\\Query\\Builder->{closure:Illuminate\\Database\\Query\\Builder::get():3172}()
#18 /Volumes/Home/moohard/Kerjaan-Kepegawaian/apel-app/vendor/laravel/framework/src/Illuminate/Database/Query/Builder.php(3172): Illuminate\\Database\\Query\\Builder->onceWithColumns(Array, Object(Closure))
#19 /Volumes/Home/moohard/Kerjaan-Kepegawaian/apel-app/vendor/laravel/framework/src/Illuminate/Cache/DatabaseStore.php(130): Illuminate\\Database\\Query\\Builder->get()
#20 /Volumes/Home/moohard/Kerjaan-Kepegawaian/apel-app/vendor/laravel/framework/src/Illuminate/Cache/DatabaseStore.php(105): Illuminate\\Cache\\DatabaseStore->many(Array)
#21 /Volumes/Home/moohard/Kerjaan-Kepegawaian/apel-app/vendor/laravel/framework/src/Illuminate/Cache/Repository.php(119): Illuminate\\Cache\\DatabaseStore->get('boost.roster.sc...')
#22 /Volumes/Home/moohard/Kerjaan-Kepegawaian/apel-app/vendor/laravel/framework/src/Illuminate/Cache/CacheManager.php(530): Illuminate\\Cache\\Repository->get('boost.roster.sc...')
#23 /Volumes/Home/moohard/Kerjaan-Kepegawaian/apel-app/vendor/laravel/boost/src/BoostServiceProvider.php(50): Illuminate\\Cache\\CacheManager->__call('get', Array)
#24 /Volumes/Home/moohard/Kerjaan-Kepegawaian/apel-app/vendor/laravel/framework/src/Illuminate/Container/Container.php(1115): Laravel\\Boost\\BoostServiceProvider->{closure:Laravel\\Boost\\BoostServiceProvider::register():37}(Object(Illuminate\\Foundation\\Application), Array)
#25 /Volumes/Home/moohard/Kerjaan-Kepegawaian/apel-app/vendor/laravel/framework/src/Illuminate/Container/Container.php(933): Illuminate\\Container\\Container->build(Object(Closure))
#26 /Volumes/Home/moohard/Kerjaan-Kepegawaian/apel-app/vendor/laravel/framework/src/Illuminate/Foundation/Application.php(1078): Illuminate\\Container\\Container->resolve('Laravel\\\\Roster\\\\...', Array, true)
#27 /Volumes/Home/moohard/Kerjaan-Kepegawaian/apel-app/vendor/laravel/framework/src/Illuminate/Container/Container.php(864): Illuminate\\Foundation\\Application->resolve('Laravel\\\\Roster\\\\...', Array)
#28 /Volumes/Home/moohard/Kerjaan-Kepegawaian/apel-app/vendor/laravel/framework/src/Illuminate/Foundation/Application.php(1058): Illuminate\\Container\\Container->make('Laravel\\\\Roster\\\\...', Array)
#29 /Volumes/Home/moohard/Kerjaan-Kepegawaian/apel-app/vendor/laravel/framework/src/Illuminate/Container/Container.php(1338): Illuminate\\Foundation\\Application->make('Laravel\\\\Roster\\\\...')
#30 /Volumes/Home/moohard/Kerjaan-Kepegawaian/apel-app/vendor/laravel/framework/src/Illuminate/Container/Container.php(1239): Illuminate\\Container\\Container->resolveClass(Object(ReflectionParameter))
#31 /Volumes/Home/moohard/Kerjaan-Kepegawaian/apel-app/vendor/laravel/framework/src/Illuminate/Container/Container.php(1162): Illuminate\\Container\\Container->resolveDependencies(Array)
#32 /Volumes/Home/moohard/Kerjaan-Kepegawaian/apel-app/vendor/laravel/framework/src/Illuminate/Container/Container.php(933): Illuminate\\Container\\Container->build('Laravel\\\\Boost\\\\I...')
#33 /Volumes/Home/moohard/Kerjaan-Kepegawaian/apel-app/vendor/laravel/framework/src/Illuminate/Foundation/Application.php(1078): Illuminate\\Container\\Container->resolve('Laravel\\\\Boost\\\\I...', Array, true)
#34 /Volumes/Home/moohard/Kerjaan-Kepegawaian/apel-app/vendor/laravel/framework/src/Illuminate/Container/Container.php(864): Illuminate\\Foundation\\Application->resolve('Laravel\\\\Boost\\\\I...', Array)
#35 /Volumes/Home/moohard/Kerjaan-Kepegawaian/apel-app/vendor/laravel/framework/src/Illuminate/Foundation/Application.php(1058): Illuminate\\Container\\Container->make('Laravel\\\\Boost\\\\I...', Array)
#36 /Volumes/Home/moohard/Kerjaan-Kepegawaian/apel-app/vendor/laravel/framework/src/Illuminate/Foundation/helpers.php(138): Illuminate\\Foundation\\Application->make('Laravel\\\\Boost\\\\I...', Array)
#37 /Volumes/Home/moohard/Kerjaan-Kepegawaian/apel-app/vendor/laravel/boost/src/Console/InstallCommand.php(310): app('Laravel\\\\Boost\\\\I...')
#38 /Volumes/Home/moohard/Kerjaan-Kepegawaian/apel-app/vendor/laravel/boost/src/Console/InstallCommand.php(156): Laravel\\Boost\\Console\\InstallCommand->selectAiGuidelines()
#39 /Volumes/Home/moohard/Kerjaan-Kepegawaian/apel-app/vendor/laravel/boost/src/Console/InstallCommand.php(102): Laravel\\Boost\\Console\\InstallCommand->collectInstallationPreferences()
#40 /Volumes/Home/moohard/Kerjaan-Kepegawaian/apel-app/vendor/laravel/framework/src/Illuminate/Container/BoundMethod.php(36): Laravel\\Boost\\Console\\InstallCommand->handle(Object(Laravel\\Boost\\Install\\CodeEnvironmentsDetector), Object(Laravel\\Boost\\Install\\Herd), Object(Laravel\\Boost\\Install\\Sail), Object(Laravel\\Prompts\\Terminal))
#41 /Volumes/Home/moohard/Kerjaan-Kepegawaian/apel-app/vendor/laravel/framework/src/Illuminate/Container/Util.php(43): Illuminate\\Container\\BoundMethod::{closure:Illuminate\\Container\\BoundMethod::call():35}()
#42 /Volumes/Home/moohard/Kerjaan-Kepegawaian/apel-app/vendor/laravel/framework/src/Illuminate/Container/BoundMethod.php(96): Illuminate\\Container\\Util::unwrapIfClosure(Object(Closure))
#43 /Volumes/Home/moohard/Kerjaan-Kepegawaian/apel-app/vendor/laravel/framework/src/Illuminate/Container/BoundMethod.php(35): Illuminate\\Container\\BoundMethod::callBoundMethod(Object(Illuminate\\Foundation\\Application), Array, Object(Closure))
#44 /Volumes/Home/moohard/Kerjaan-Kepegawaian/apel-app/vendor/laravel/framework/src/Illuminate/Container/Container.php(799): Illuminate\\Container\\BoundMethod::call(Object(Illuminate\\Foundation\\Application), Array, Array, NULL)
#45 /Volumes/Home/moohard/Kerjaan-Kepegawaian/apel-app/vendor/laravel/framework/src/Illuminate/Console/Command.php(211): Illuminate\\Container\\Container->call(Array)
#46 /Volumes/Home/moohard/Kerjaan-Kepegawaian/apel-app/vendor/symfony/console/Command/Command.php(341): Illuminate\\Console\\Command->execute(Object(Symfony\\Component\\Console\\Input\\ArgvInput), Object(Illuminate\\Console\\OutputStyle))
#47 /Volumes/Home/moohard/Kerjaan-Kepegawaian/apel-app/vendor/laravel/framework/src/Illuminate/Console/Command.php(180): Symfony\\Component\\Console\\Command\\Command->run(Object(Symfony\\Component\\Console\\Input\\ArgvInput), Object(Illuminate\\Console\\OutputStyle))
#48 /Volumes/Home/moohard/Kerjaan-Kepegawaian/apel-app/vendor/symfony/console/Application.php(1102): Illuminate\\Console\\Command->run(Object(Symfony\\Component\\Console\\Input\\ArgvInput), Object(Symfony\\Component\\Console\\Output\\ConsoleOutput))
#49 /Volumes/Home/moohard/Kerjaan-Kepegawaian/apel-app/vendor/symfony/console/Application.php(356): Symfony\\Component\\Console\\Application->doRunCommand(Object(Laravel\\Boost\\Console\\InstallCommand), Object(Symfony\\Component\\Console\\Input\\ArgvInput), Object(Symfony\\Component\\Console\\Output\\ConsoleOutput))
#50 /Volumes/Home/moohard/Kerjaan-Kepegawaian/apel-app/vendor/symfony/console/Application.php(195): Symfony\\Component\\Console\\Application->doRun(Object(Symfony\\Component\\Console\\Input\\ArgvInput), Object(Symfony\\Component\\Console\\Output\\ConsoleOutput))
#51 /Volumes/Home/moohard/Kerjaan-Kepegawaian/apel-app/vendor/laravel/framework/src/Illuminate/Foundation/Console/Kernel.php(198): Symfony\\Component\\Console\\Application->run(Object(Symfony\\Component\\Console\\Input\\ArgvInput), Object(Symfony\\Component\\Console\\Output\\ConsoleOutput))
#52 /Volumes/Home/moohard/Kerjaan-Kepegawaian/apel-app/vendor/laravel/framework/src/Illuminate/Foundation/Application.php(1235): Illuminate\\Foundation\\Console\\Kernel->handle(Object(Symfony\\Component\\Console\\Input\\ArgvInput), Object(Symfony\\Component\\Console\\Output\\ConsoleOutput))
#53 /Volumes/Home/moohard/Kerjaan-Kepegawaian/apel-app/artisan(16): Illuminate\\Foundation\\Application->handleCommand(Object(Symfony\\Component\\Console\\Input\\ArgvInput))
#54 {main}
"} 
[2026-01-09 09:00:43] local.ERROR: SQLSTATE[42S02]: Base table or view not found: 1146 Table 'apel_app.users' doesn't exist (Connection: mysql, SQL: alter table `users` add `phone` varchar(255) null after `email`) {"exception":"[object] (Illuminate\\Database\\QueryException(code: 42S02): SQLSTATE[42S02]: Base table or view not found: 1146 Table 'apel_app.users' doesn't exist (Connection: mysql, SQL: alter table `users` add `phone` varchar(255) null after `email`) at /Volumes/Home/moohard/Kerjaan-Kepegawaian/apel-app/vendor/laravel/framework/src/Illuminate/Database/Connection.php:826)
[stacktrace]
#0 /Volumes/Home/moohard/Kerjaan-Kepegawaian/apel-app/vendor/laravel/framework/src/Illuminate/Database/Connection.php(780): Illuminate\\Database\\Connection->runQueryCallback('alter table `us...', Array, Object(Closure))
#1 /Volumes/Home/moohard/Kerjaan-Kepegawaian/apel-app/vendor/laravel/framework/src/Illuminate/Database/Connection.php(559): Illuminate\\Database\\Connection->run('alter table `us...', Array, Object(Closure))
#2 /Volumes/Home/moohard/Kerjaan-Kepegawaian/apel-app/vendor/laravel/framework/src/Illuminate/Database/Schema/Blueprint.php(121): Illuminate\\Database\\Connection->statement('alter table `us...')
#3 /Volumes/Home/moohard/Kerjaan-Kepegawaian/apel-app/vendor/laravel/framework/src/Illuminate/Database/Schema/Builder.php(650): Illuminate\\Database\\Schema\\Blueprint->build()
#4 /Volumes/Home/moohard/Kerjaan-Kepegawaian/apel-app/vendor/laravel/framework/src/Illuminate/Database/Schema/Builder.php(492): Illuminate\\Database\\Schema\\Builder->build(Object(Illuminate\\Database\\Schema\\Blueprint))
#5 /Volumes/Home/moohard/Kerjaan-Kepegawaian/apel-app/vendor/laravel/framework/src/Illuminate/Support/Facades/Facade.php(363): Illuminate\\Database\\Schema\\Builder->table('users', Object(Closure))
#6 /Volumes/Home/moohard/Kerjaan-Kepegawaian/apel-app/database/migrations/2026_01_02_083313_add_phone_to_users_table.php(14): Illuminate\\Support\\Facades\\Facade::__callStatic('table', Array)
#7 /Volumes/Home/moohard/Kerjaan-Kepegawaian/apel-app/vendor/laravel/framework/src/Illuminate/Database/Migrations/Migrator.php(517): Illuminate\\Database\\Migrations\\Migration@anonymous->up()
#8 /Volumes/Home/moohard/Kerjaan-Kepegawaian/apel-app/vendor/laravel/framework/src/Illuminate/Database/Migrations/Migrator.php(442): Illuminate\\Database\\Migrations\\Migrator->runMethod(Object(Illuminate\\Database\\MySqlConnection), Object(Illuminate\\Database\\Migrations\\Migration@anonymous), 'up')
#9 /Volumes/Home/moohard/Kerjaan-Kepegawaian/apel-app/vendor/laravel/framework/src/Illuminate/Database/Migrations/Migrator.php(451): Illuminate\\Database\\Migrations\\Migrator->{closure:Illuminate\\Database\\Migrations\\Migrator::runMigration():438}()
#10 /Volumes/Home/moohard/Kerjaan-Kepegawaian/apel-app/vendor/laravel/framework/src/Illuminate/Database/Migrations/Migrator.php(253): Illuminate\\Database\\Migrations\\Migrator->runMigration(Object(Illuminate\\Database\\Migrations\\Migration@anonymous), 'up')
#11 /Volumes/Home/moohard/Kerjaan-Kepegawaian/apel-app/vendor/laravel/framework/src/Illuminate/Console/View/Components/Task.php(41): Illuminate\\Database\\Migrations\\Migrator->{closure:Illuminate\\Database\\Migrations\\Migrator::runUp():253}()
#12 /Volumes/Home/moohard/Kerjaan-Kepegawaian/apel-app/vendor/laravel/framework/src/Illuminate/Database/Migrations/Migrator.php(812): Illuminate\\Console\\View\\Components\\Task->render('2026_01_02_0833...', Object(Closure))
#13 /Volumes/Home/moohard/Kerjaan-Kepegawaian/apel-app/vendor/laravel/framework/src/Illuminate/Database/Migrations/Migrator.php(253): Illuminate\\Database\\Migrations\\Migrator->write('Illuminate\\\\Cons...', '2026_01_02_0833...', Object(Closure))
#14 /Volumes/Home/moohard/Kerjaan-Kepegawaian/apel-app/vendor/laravel/framework/src/Illuminate/Database/Migrations/Migrator.php(211): Illuminate\\Database\\Migrations\\Migrator->runUp('/Volumes/Home/m...', 1, false)
#15 /Volumes/Home/moohard/Kerjaan-Kepegawaian/apel-app/vendor/laravel/framework/src/Illuminate/Database/Migrations/Migrator.php(138): Illuminate\\Database\\Migrations\\Migrator->runPending(Array, Array)
#16 /Volumes/Home/moohard/Kerjaan-Kepegawaian/apel-app/vendor/laravel/framework/src/Illuminate/Database/Console/Migrations/MigrateCommand.php(116): Illuminate\\Database\\Migrations\\Migrator->run(Array, Array)
#17 /Volumes/Home/moohard/Kerjaan-Kepegawaian/apel-app/vendor/laravel/framework/src/Illuminate/Database/Migrations/Migrator.php(669): Illuminate\\Database\\Console\\Migrations\\MigrateCommand->{closure:Illuminate\\Database\\Console\\Migrations\\MigrateCommand::runMigrations():109}()
#18 /Volumes/Home/moohard/Kerjaan-Kepegawaian/apel-app/vendor/laravel/framework/src/Illuminate/Database/Console/Migrations/MigrateCommand.php(109): Illuminate\\Database\\Migrations\\Migrator->usingConnection(NULL, Object(Closure))
#19 /Volumes/Home/moohard/Kerjaan-Kepegawaian/apel-app/vendor/laravel/framework/src/Illuminate/Database/Console/Migrations/MigrateCommand.php(88): Illuminate\\Database\\Console\\Migrations\\MigrateCommand->runMigrations()
#20 /Volumes/Home/moohard/Kerjaan-Kepegawaian/apel-app/vendor/laravel/framework/src/Illuminate/Container/BoundMethod.php(36): Illuminate\\Database\\Console\\Migrations\\MigrateCommand->handle()
#21 /Volumes/Home/moohard/Kerjaan-Kepegawaian/apel-app/vendor/laravel/framework/src/Illuminate/Container/Util.php(43): Illuminate\\Container\\BoundMethod::{closure:Illuminate\\Container\\BoundMethod::call():35}()
#22 /Volumes/Home/moohard/Kerjaan-Kepegawaian/apel-app/vendor/laravel/framework/src/Illuminate/Container/BoundMethod.php(96): Illuminate\\Container\\Util::unwrapIfClosure(Object(Closure))
#23 /Volumes/Home/moohard/Kerjaan-Kepegawaian/apel-app/vendor/laravel/framework/src/Illuminate/Container/BoundMethod.php(35): Illuminate\\Container\\BoundMethod::callBoundMethod(Object(Illuminate\\Foundation\\Application), Array, Object(Closure))
#24 /Volumes/Home/moohard/Kerjaan-Kepegawaian/apel-app/vendor/laravel/framework/src/Illuminate/Container/Container.php(799): Illuminate\\Container\\BoundMethod::call(Object(Illuminate\\Foundation\\Application), Array, Array, NULL)
#25 /Volumes/Home/moohard/Kerjaan-Kepegawaian/apel-app/vendor/laravel/framework/src/Illuminate/Console/Command.php(211): Illuminate\\Container\\Container->call(Array)
#26 /Volumes/Home/moohard/Kerjaan-Kepegawaian/apel-app/vendor/symfony/console/Command/Command.php(341): Illuminate\\Console\\Command->execute(Object(Symfony\\Component\\Console\\Input\\ArrayInput), Object(Illuminate\\Console\\OutputStyle))
#27 /Volumes/Home/moohard/Kerjaan-Kepegawaian/apel-app/vendor/laravel/framework/src/Illuminate/Console/Command.php(180): Symfony\\Component\\Console\\Command\\Command->run(Object(Symfony\\Component\\Console\\Input\\ArrayInput), Object(Illuminate\\Console\\OutputStyle))
#28 /Volumes/Home/moohard/Kerjaan-Kepegawaian/apel-app/vendor/laravel/framework/src/Illuminate/Console/Concerns/CallsCommands.php(68): Illuminate\\Console\\Command->run(Object(Symfony\\Component\\Console\\Input\\ArrayInput), Object(Illuminate\\Console\\OutputStyle))
#29 /Volumes/Home/moohard/Kerjaan-Kepegawaian/apel-app/vendor/laravel/framework/src/Illuminate/Console/Concerns/CallsCommands.php(29): Illuminate\\Console\\Command->runCommand('migrate', Array, Object(Illuminate\\Console\\OutputStyle))
#30 /Volumes/Home/moohard/Kerjaan-Kepegawaian/apel-app/vendor/laravel/framework/src/Illuminate/Database/Console/Migrations/FreshCommand.php(81): Illuminate\\Console\\Command->call('migrate', Array)
#31 /Volumes/Home/moohard/Kerjaan-Kepegawaian/apel-app/vendor/laravel/framework/src/Illuminate/Container/BoundMethod.php(36): Illuminate\\Database\\Console\\Migrations\\FreshCommand->handle()
#32 /Volumes/Home/moohard/Kerjaan-Kepegawaian/apel-app/vendor/laravel/framework/src/Illuminate/Container/Util.php(43): Illuminate\\Container\\BoundMethod::{closure:Illuminate\\Container\\BoundMethod::call():35}()
#33 /Volumes/Home/moohard/Kerjaan-Kepegawaian/apel-app/vendor/laravel/framework/src/Illuminate/Container/BoundMethod.php(96): Illuminate\\Container\\Util::unwrapIfClosure(Object(Closure))
#34 /Volumes/Home/moohard/Kerjaan-Kepegawaian/apel-app/vendor/laravel/framework/src/Illuminate/Container/BoundMethod.php(35): Illuminate\\Container\\BoundMethod::callBoundMethod(Object(Illuminate\\Foundation\\Application), Array, Object(Closure))
#35 /Volumes/Home/moohard/Kerjaan-Kepegawaian/apel-app/vendor/laravel/framework/src/Illuminate/Container/Container.php(799): Illuminate\\Container\\BoundMethod::call(Object(Illuminate\\Foundation\\Application), Array, Array, NULL)
#36 /Volumes/Home/moohard/Kerjaan-Kepegawaian/apel-app/vendor/laravel/framework/src/Illuminate/Console/Command.php(211): Illuminate\\Container\\Container->call(Array)
#37 /Volumes/Home/moohard/Kerjaan-Kepegawaian/apel-app/vendor/symfony/console/Command/Command.php(341): Illuminate\\Console\\Command->execute(Object(Symfony\\Component\\Console\\Input\\ArgvInput), Object(Illuminate\\Console\\OutputStyle))
#38 /Volumes/Home/moohard/Kerjaan-Kepegawaian/apel-app/vendor/laravel/framework/src/Illuminate/Console/Command.php(180): Symfony\\Component\\Console\\Command\\Command->run(Object(Symfony\\Component\\Console\\Input\\ArgvInput), Object(Illuminate\\Console\\OutputStyle))
#39 /Volumes/Home/moohard/Kerjaan-Kepegawaian/apel-app/vendor/symfony/console/Application.php(1102): Illuminate\\Console\\Command->run(Object(Symfony\\Component\\Console\\Input\\ArgvInput), Object(Symfony\\Component\\Console\\Output\\ConsoleOutput))
#40 /Volumes/Home/moohard/Kerjaan-Kepegawaian/apel-app/vendor/symfony/console/Application.php(356): Symfony\\Component\\Console\\Application->doRunCommand(Object(Illuminate\\Database\\Console\\Migrations\\FreshCommand), Object(Symfony\\Component\\Console\\Input\\ArgvInput), Object(Symfony\\Component\\Console\\Output\\ConsoleOutput))
#41 /Volumes/Home/moohard/Kerjaan-Kepegawaian/apel-app/vendor/symfony/console/Application.php(195): Symfony\\Component\\Console\\Application->doRun(Object(Symfony\\Component\\Console\\Input\\ArgvInput), Object(Symfony\\Component\\Console\\Output\\ConsoleOutput))
#42 /Volumes/Home/moohard/Kerjaan-Kepegawaian/apel-app/vendor/laravel/framework/src/Illuminate/Foundation/Console/Kernel.php(198): Symfony\\Component\\Console\\Application->run(Object(Symfony\\Component\\Console\\Input\\ArgvInput), Object(Symfony\\Component\\Console\\Output\\ConsoleOutput))
#43 /Volumes/Home/moohard/Kerjaan-Kepegawaian/apel-app/vendor/laravel/framework/src/Illuminate/Foundation/Application.php(1235): Illuminate\\Foundation\\Console\\Kernel->handle(Object(Symfony\\Component\\Console\\Input\\ArgvInput), Object(Symfony\\Component\\Console\\Output\\ConsoleOutput))
#44 /Volumes/Home/moohard/Kerjaan-Kepegawaian/apel-app/artisan(16): Illuminate\\Foundation\\Application->handleCommand(Object(Symfony\\Component\\Console\\Input\\ArgvInput))
#45 {main}

[previous exception] [object] (PDOException(code: 42S02): SQLSTATE[42S02]: Base table or view not found: 1146 Table 'apel_app.users' doesn't exist at /Volumes/Home/moohard/Kerjaan-Kepegawaian/apel-app/vendor/laravel/framework/src/Illuminate/Database/Connection.php:570)
[stacktrace]
#0 /Volumes/Home/moohard/Kerjaan-Kepegawaian/apel-app/vendor/laravel/framework/src/Illuminate/Database/Connection.php(570): PDOStatement->execute()
#1 /Volumes/Home/moohard/Kerjaan-Kepegawaian/apel-app/vendor/laravel/framework/src/Illuminate/Database/Connection.php(813): Illuminate\\Database\\Connection->{closure:Illuminate\\Database\\Connection::statement():559}('alter table `us...', Array)
#2 /Volumes/Home/moohard/Kerjaan-Kepegawaian/apel-app/vendor/laravel/framework/src/Illuminate/Database/Connection.php(780): Illuminate\\Database\\Connection->runQueryCallback('alter table `us...', Array, Object(Closure))
#3 /Volumes/Home/moohard/Kerjaan-Kepegawaian/apel-app/vendor/laravel/framework/src/Illuminate/Database/Connection.php(559): Illuminate\\Database\\Connection->run('alter table `us...', Array, Object(Closure))
#4 /Volumes/Home/moohard/Kerjaan-Kepegawaian/apel-app/vendor/laravel/framework/src/Illuminate/Database/Schema/Blueprint.php(121): Illuminate\\Database\\Connection->statement('alter table `us...')
#5 /Volumes/Home/moohard/Kerjaan-Kepegawaian/apel-app/vendor/laravel/framework/src/Illuminate/Database/Schema/Builder.php(650): Illuminate\\Database\\Schema\\Blueprint->build()
#6 /Volumes/Home/moohard/Kerjaan-Kepegawaian/apel-app/vendor/laravel/framework/src/Illuminate/Database/Schema/Builder.php(492): Illuminate\\Database\\Schema\\Builder->build(Object(Illuminate\\Database\\Schema\\Blueprint))
#7 /Volumes/Home/moohard/Kerjaan-Kepegawaian/apel-app/vendor/laravel/framework/src/Illuminate/Support/Facades/Facade.php(363): Illuminate\\Database\\Schema\\Builder->table('users', Object(Closure))
#8 /Volumes/Home/moohard/Kerjaan-Kepegawaian/apel-app/database/migrations/2026_01_02_083313_add_phone_to_users_table.php(14): Illuminate\\Support\\Facades\\Facade::__callStatic('table', Array)
#9 /Volumes/Home/moohard/Kerjaan-Kepegawaian/apel-app/vendor/laravel/framework/src/Illuminate/Database/Migrations/Migrator.php(517): Illuminate\\Database\\Migrations\\Migration@anonymous->up()
#10 /Volumes/Home/moohard/Kerjaan-Kepegawaian/apel-app/vendor/laravel/framework/src/Illuminate/Database/Migrations/Migrator.php(442): Illuminate\\Database\\Migrations\\Migrator->runMethod(Object(Illuminate\\Database\\MySqlConnection), Object(Illuminate\\Database\\Migrations\\Migration@anonymous), 'up')
#11 /Volumes/Home/moohard/Kerjaan-Kepegawaian/apel-app/vendor/laravel/framework/src/Illuminate/Database/Migrations/Migrator.php(451): Illuminate\\Database\\Migrations\\Migrator->{closure:Illuminate\\Database\\Migrations\\Migrator::runMigration():438}()
#12 /Volumes/Home/moohard/Kerjaan-Kepegawaian/apel-app/vendor/laravel/framework/src/Illuminate/Database/Migrations/Migrator.php(253): Illuminate\\Database\\Migrations\\Migrator->runMigration(Object(Illuminate\\Database\\Migrations\\Migration@anonymous), 'up')
#13 /Volumes/Home/moohard/Kerjaan-Kepegawaian/apel-app/vendor/laravel/framework/src/Illuminate/Console/View/Components/Task.php(41): Illuminate\\Database\\Migrations\\Migrator->{closure:Illuminate\\Database\\Migrations\\Migrator::runUp():253}()
#14 /Volumes/Home/moohard/Kerjaan-Kepegawaian/apel-app/vendor/laravel/framework/src/Illuminate/Database/Migrations/Migrator.php(812): Illuminate\\Console\\View\\Components\\Task->render('2026_01_02_0833...', Object(Closure))
#15 /Volumes/Home/moohard/Kerjaan-Kepegawaian/apel-app/vendor/laravel/framework/src/Illuminate/Database/Migrations/Migrator.php(253): Illuminate\\Database\\Migrations\\Migrator->write('Illuminate\\\\Cons...', '2026_01_02_0833...', Object(Closure))
#16 /Volumes/Home/moohard/Kerjaan-Kepegawaian/apel-app/vendor/laravel/framework/src/Illuminate/Database/Migrations/Migrator.php(211): Illuminate\\Database\\Migrations\\Migrator->runUp('/Volumes/Home/m...', 1, false)
#17 /Volumes/Home/moohard/Kerjaan-Kepegawaian/apel-app/vendor/laravel/framework/src/Illuminate/Database/Migrations/Migrator.php(138): Illuminate\\Database\\Migrations\\Migrator->runPending(Array, Array)
#18 /Volumes/Home/moohard/Kerjaan-Kepegawaian/apel-app/vendor/laravel/framework/src/Illuminate/Database/Console/Migrations/MigrateCommand.php(116): Illuminate\\Database\\Migrations\\Migrator->run(Array, Array)
#19 /Volumes/Home/moohard/Kerjaan-Kepegawaian/apel-app/vendor/laravel/framework/src/Illuminate/Database/Migrations/Migrator.php(669): Illuminate\\Database\\Console\\Migrations\\MigrateCommand->{closure:Illuminate\\Database\\Console\\Migrations\\MigrateCommand::runMigrations():109}()
#20 /Volumes/Home/moohard/Kerjaan-Kepegawaian/apel-app/vendor/laravel/framework/src/Illuminate/Database/Console/Migrations/MigrateCommand.php(109): Illuminate\\Database\\Migrations\\Migrator->usingConnection(NULL, Object(Closure))
#21 /Volumes/Home/moohard/Kerjaan-Kepegawaian/apel-app/vendor/laravel/framework/src/Illuminate/Database/Console/Migrations/MigrateCommand.php(88): Illuminate\\Database\\Console\\Migrations\\MigrateCommand->runMigrations()
#22 /Volumes/Home/moohard/Kerjaan-Kepegawaian/apel-app/vendor/laravel/framework/src/Illuminate/Container/BoundMethod.php(36): Illuminate\\Database\\Console\\Migrations\\MigrateCommand->handle()
#23 /Volumes/Home/moohard/Kerjaan-Kepegawaian/apel-app/vendor/laravel/framework/src/Illuminate/Container/Util.php(43): Illuminate\\Container\\BoundMethod::{closure:Illuminate\\Container\\BoundMethod::call():35}()
#24 /Volumes/Home/moohard/Kerjaan-Kepegawaian/apel-app/vendor/laravel/framework/src/Illuminate/Container/BoundMethod.php(96): Illuminate\\Container\\Util::unwrapIfClosure(Object(Closure))
#25 /Volumes/Home/moohard/Kerjaan-Kepegawaian/apel-app/vendor/laravel/framework/src/Illuminate/Container/BoundMethod.php(35): Illuminate\\Container\\BoundMethod::callBoundMethod(Object(Illuminate\\Foundation\\Application), Array, Object(Closure))
#26 /Volumes/Home/moohard/Kerjaan-Kepegawaian/apel-app/vendor/laravel/framework/src/Illuminate/Container/Container.php(799): Illuminate\\Container\\BoundMethod::call(Object(Illuminate\\Foundation\\Application), Array, Array, NULL)
#27 /Volumes/Home/moohard/Kerjaan-Kepegawaian/apel-app/vendor/laravel/framework/src/Illuminate/Console/Command.php(211): Illuminate\\Container\\Container->call(Array)
#28 /Volumes/Home/moohard/Kerjaan-Kepegawaian/apel-app/vendor/symfony/console/Command/Command.php(341): Illuminate\\Console\\Command->execute(Object(Symfony\\Component\\Console\\Input\\ArrayInput), Object(Illuminate\\Console\\OutputStyle))
#29 /Volumes/Home/moohard/Kerjaan-Kepegawaian/apel-app/vendor/laravel/framework/src/Illuminate/Console/Command.php(180): Symfony\\Component\\Console\\Command\\Command->run(Object(Symfony\\Component\\Console\\Input\\ArrayInput), Object(Illuminate\\Console\\OutputStyle))
#30 /Volumes/Home/moohard/Kerjaan-Kepegawaian/apel-app/vendor/laravel/framework/src/Illuminate/Console/Concerns/CallsCommands.php(68): Illuminate\\Console\\Command->run(Object(Symfony\\Component\\Console\\Input\\ArrayInput), Object(Illuminate\\Console\\OutputStyle))
#31 /Volumes/Home/moohard/Kerjaan-Kepegawaian/apel-app/vendor/laravel/framework/src/Illuminate/Console/Concerns/CallsCommands.php(29): Illuminate\\Console\\Command->runCommand('migrate', Array, Object(Illuminate\\Console\\OutputStyle))
#32 /Volumes/Home/moohard/Kerjaan-Kepegawaian/apel-app/vendor/laravel/framework/src/Illuminate/Database/Console/Migrations/FreshCommand.php(81): Illuminate\\Console\\Command->call('migrate', Array)
#33 /Volumes/Home/moohard/Kerjaan-Kepegawaian/apel-app/vendor/laravel/framework/src/Illuminate/Container/BoundMethod.php(36): Illuminate\\Database\\Console\\Migrations\\FreshCommand->handle()
#34 /Volumes/Home/moohard/Kerjaan-Kepegawaian/apel-app/vendor/laravel/framework/src/Illuminate/Container/Util.php(43): Illuminate\\Container\\BoundMethod::{closure:Illuminate\\Container\\BoundMethod::call():35}()
#35 /Volumes/Home/moohard/Kerjaan-Kepegawaian/apel-app/vendor/laravel/framework/src/Illuminate/Container/BoundMethod.php(96): Illuminate\\Container\\Util::unwrapIfClosure(Object(Closure))
#36 /Volumes/Home/moohard/Kerjaan-Kepegawaian/apel-app/vendor/laravel/framework/src/Illuminate/Container/BoundMethod.php(35): Illuminate\\Container\\BoundMethod::callBoundMethod(Object(Illuminate\\Foundation\\Application), Array, Object(Closure))
#37 /Volumes/Home/moohard/Kerjaan-Kepegawaian/apel-app/vendor/laravel/framework/src/Illuminate/Container/Container.php(799): Illuminate\\Container\\BoundMethod::call(Object(Illuminate\\Foundation\\Application), Array, Array, NULL)
#38 /Volumes/Home/moohard/Kerjaan-Kepegawaian/apel-app/vendor/laravel/framework/src/Illuminate/Console/Command.php(211): Illuminate\\Container\\Container->call(Array)
#39 /Volumes/Home/moohard/Kerjaan-Kepegawaian/apel-app/vendor/symfony/console/Command/Command.php(341): Illuminate\\Console\\Command->execute(Object(Symfony\\Component\\Console\\Input\\ArgvInput), Object(Illuminate\\Console\\OutputStyle))
#40 /Volumes/Home/moohard/Kerjaan-Kepegawaian/apel-app/vendor/laravel/framework/src/Illuminate/Console/Command.php(180): Symfony\\Component\\Console\\Command\\Command->run(Object(Symfony\\Component\\Console\\Input\\ArgvInput), Object(Illuminate\\Console\\OutputStyle))
#41 /Volumes/Home/moohard/Kerjaan-Kepegawaian/apel-app/vendor/symfony/console/Application.php(1102): Illuminate\\Console\\Command->run(Object(Symfony\\Component\\Console\\Input\\ArgvInput), Object(Symfony\\Component\\Console\\Output\\ConsoleOutput))
#42 /Volumes/Home/moohard/Kerjaan-Kepegawaian/apel-app/vendor/symfony/console/Application.php(356): Symfony\\Component\\Console\\Application->doRunCommand(Object(Illuminate\\Database\\Console\\Migrations\\FreshCommand), Object(Symfony\\Component\\Console\\Input\\ArgvInput), Object(Symfony\\Component\\Console\\Output\\ConsoleOutput))
#43 /Volumes/Home/moohard/Kerjaan-Kepegawaian/apel-app/vendor/symfony/console/Application.php(195): Symfony\\Component\\Console\\Application->doRun(Object(Symfony\\Component\\Console\\Input\\ArgvInput), Object(Symfony\\Component\\Console\\Output\\ConsoleOutput))
#44 /Volumes/Home/moohard/Kerjaan-Kepegawaian/apel-app/vendor/laravel/framework/src/Illuminate/Foundation/Console/Kernel.php(198): Symfony\\Component\\Console\\Application->run(Object(Symfony\\Component\\Console\\Input\\ArgvInput), Object(Symfony\\Component\\Console\\Output\\ConsoleOutput))
#45 /Volumes/Home/moohard/Kerjaan-Kepegawaian/apel-app/vendor/laravel/framework/src/Illuminate/Foundation/Application.php(1235): Illuminate\\Foundation\\Console\\Kernel->handle(Object(Symfony\\Component\\Console\\Input\\ArgvInput), Object(Symfony\\Component\\Console\\Output\\ConsoleOutput))
#46 /Volumes/Home/moohard/Kerjaan-Kepegawaian/apel-app/artisan(16): Illuminate\\Foundation\\Application->handleCommand(Object(Symfony\\Component\\Console\\Input\\ArgvInput))
#47 {main}
"} 
[2026-01-09 09:06:09] local.ERROR: SQLSTATE[42S22]: Column not found: 1054 Unknown column 'jabatan' in 'INSERT INTO' (Connection: mysql, SQL: insert into `users` (`email`, `name`, `nip`, `jabatan`, `unit_id`, `role`, `password`, `gender`, `jenis_pegawai`, `jenis_jabatan`, `phone`, `updated_at`, `created_at`) values (198505092009041006@pa-penajam.go.id, FATTAHURRIDLO AL GHANY, S.H.I., M.S.I., 198505092009041006, Ketua, 1, pegawai, $2y$12$VufCERAdOewCSDf..U9PkeL5krDbY7zE2ZRaw5rFyw4K76YzuQb7., L, Hakim, pimpinan, ?, 2026-01-09 09:06:09, 2026-01-09 09:06:09)) {"exception":"[object] (Illuminate\\Database\\QueryException(code: 42S22): SQLSTATE[42S22]: Column not found: 1054 Unknown column 'jabatan' in 'INSERT INTO' (Connection: mysql, SQL: insert into `users` (`email`, `name`, `nip`, `jabatan`, `unit_id`, `role`, `password`, `gender`, `jenis_pegawai`, `jenis_jabatan`, `phone`, `updated_at`, `created_at`) values (198505092009041006@pa-penajam.go.id, FATTAHURRIDLO AL GHANY, S.H.I., M.S.I., 198505092009041006, Ketua, 1, pegawai, $2y$12$VufCERAdOewCSDf..U9PkeL5krDbY7zE2ZRaw5rFyw4K76YzuQb7., L, Hakim, pimpinan, ?, 2026-01-09 09:06:09, 2026-01-09 09:06:09)) at /Volumes/Home/moohard/Kerjaan-Kepegawaian/apel-app/vendor/laravel/framework/src/Illuminate/Database/Connection.php:826)
[stacktrace]
#0 /Volumes/Home/moohard/Kerjaan-Kepegawaian/apel-app/vendor/laravel/framework/src/Illuminate/Database/Connection.php(780): Illuminate\\Database\\Connection->runQueryCallback('insert into `us...', Array, Object(Closure))
#1 /Volumes/Home/moohard/Kerjaan-Kepegawaian/apel-app/vendor/laravel/framework/src/Illuminate/Database/MySqlConnection.php(42): Illuminate\\Database\\Connection->run('insert into `us...', Array, Object(Closure))
#2 /Volumes/Home/moohard/Kerjaan-Kepegawaian/apel-app/vendor/laravel/framework/src/Illuminate/Database/Query/Processors/MySqlProcessor.php(35): Illuminate\\Database\\MySqlConnection->insert('insert into `us...', Array, 'id')
#3 /Volumes/Home/moohard/Kerjaan-Kepegawaian/apel-app/vendor/laravel/framework/src/Illuminate/Database/Query/Builder.php(3853): Illuminate\\Database\\Query\\Processors\\MySqlProcessor->processInsertGetId(Object(Illuminate\\Database\\Query\\Builder), 'insert into `us...', Array, 'id')
#4 /Volumes/Home/moohard/Kerjaan-Kepegawaian/apel-app/vendor/laravel/framework/src/Illuminate/Database/Eloquent/Builder.php(2235): Illuminate\\Database\\Query\\Builder->insertGetId(Array, 'id')
#5 /Volumes/Home/moohard/Kerjaan-Kepegawaian/apel-app/vendor/laravel/framework/src/Illuminate/Database/Eloquent/Model.php(1436): Illuminate\\Database\\Eloquent\\Builder->__call('insertGetId', Array)
#6 /Volumes/Home/moohard/Kerjaan-Kepegawaian/apel-app/vendor/laravel/framework/src/Illuminate/Database/Eloquent/Model.php(1401): Illuminate\\Database\\Eloquent\\Model->insertAndSetId(Object(Illuminate\\Database\\Eloquent\\Builder), Array)
#7 /Volumes/Home/moohard/Kerjaan-Kepegawaian/apel-app/vendor/laravel/framework/src/Illuminate/Database/Eloquent/Model.php(1240): Illuminate\\Database\\Eloquent\\Model->performInsert(Object(Illuminate\\Database\\Eloquent\\Builder))
#8 /Volumes/Home/moohard/Kerjaan-Kepegawaian/apel-app/vendor/laravel/framework/src/Illuminate/Database/Eloquent/Builder.php(1219): Illuminate\\Database\\Eloquent\\Model->save()
#9 /Volumes/Home/moohard/Kerjaan-Kepegawaian/apel-app/vendor/laravel/framework/src/Illuminate/Support/helpers.php(390): Illuminate\\Database\\Eloquent\\Builder->{closure:Illuminate\\Database\\Eloquent\\Builder::create():1218}(Object(App\\Models\\User))
#10 /Volumes/Home/moohard/Kerjaan-Kepegawaian/apel-app/vendor/laravel/framework/src/Illuminate/Database/Eloquent/Builder.php(1218): tap(Object(App\\Models\\User), Object(Closure))
#11 /Volumes/Home/moohard/Kerjaan-Kepegawaian/apel-app/vendor/laravel/framework/src/Illuminate/Database/Eloquent/Builder.php(725): Illuminate\\Database\\Eloquent\\Builder->create(Array)
#12 /Volumes/Home/moohard/Kerjaan-Kepegawaian/apel-app/vendor/laravel/framework/src/Illuminate/Database/Eloquent/Builder.php(1959): Illuminate\\Database\\Eloquent\\Builder->{closure:Illuminate\\Database\\Eloquent\\Builder::createOrFirst():725}()
#13 /Volumes/Home/moohard/Kerjaan-Kepegawaian/apel-app/vendor/laravel/framework/src/Illuminate/Database/Eloquent/Builder.php(725): Illuminate\\Database\\Eloquent\\Builder->withSavepointIfNeeded(Object(Closure))
#14 /Volumes/Home/moohard/Kerjaan-Kepegawaian/apel-app/vendor/laravel/framework/src/Illuminate/Database/Eloquent/Builder.php(712): Illuminate\\Database\\Eloquent\\Builder->createOrFirst(Array, Array)
#15 /Volumes/Home/moohard/Kerjaan-Kepegawaian/apel-app/vendor/laravel/framework/src/Illuminate/Database/Eloquent/Builder.php(740): Illuminate\\Database\\Eloquent\\Builder->firstOrCreate(Array, Array)
#16 /Volumes/Home/moohard/Kerjaan-Kepegawaian/apel-app/vendor/laravel/framework/src/Illuminate/Support/Traits/ForwardsCalls.php(23): Illuminate\\Database\\Eloquent\\Builder->updateOrCreate(Array, Array)
#17 /Volumes/Home/moohard/Kerjaan-Kepegawaian/apel-app/vendor/laravel/framework/src/Illuminate/Database/Eloquent/Model.php(2540): Illuminate\\Database\\Eloquent\\Model->forwardCallTo(Object(Illuminate\\Database\\Eloquent\\Builder), 'updateOrCreate', Array)
#18 /Volumes/Home/moohard/Kerjaan-Kepegawaian/apel-app/vendor/laravel/framework/src/Illuminate/Database/Eloquent/Model.php(2556): Illuminate\\Database\\Eloquent\\Model->__call('updateOrCreate', Array)
#19 /Volumes/Home/moohard/Kerjaan-Kepegawaian/apel-app/database/seeders/UserSeeder.php(65): Illuminate\\Database\\Eloquent\\Model::__callStatic('updateOrCreate', Array)
#20 /Volumes/Home/moohard/Kerjaan-Kepegawaian/apel-app/vendor/laravel/framework/src/Illuminate/Container/BoundMethod.php(36): Database\\Seeders\\UserSeeder->run()
#21 /Volumes/Home/moohard/Kerjaan-Kepegawaian/apel-app/vendor/laravel/framework/src/Illuminate/Container/Util.php(43): Illuminate\\Container\\BoundMethod::{closure:Illuminate\\Container\\BoundMethod::call():35}()
#22 /Volumes/Home/moohard/Kerjaan-Kepegawaian/apel-app/vendor/laravel/framework/src/Illuminate/Container/BoundMethod.php(96): Illuminate\\Container\\Util::unwrapIfClosure(Object(Closure))
#23 /Volumes/Home/moohard/Kerjaan-Kepegawaian/apel-app/vendor/laravel/framework/src/Illuminate/Container/BoundMethod.php(35): Illuminate\\Container\\BoundMethod::callBoundMethod(Object(Illuminate\\Foundation\\Application), Array, Object(Closure))
#24 /Volumes/Home/moohard/Kerjaan-Kepegawaian/apel-app/vendor/laravel/framework/src/Illuminate/Container/Container.php(799): Illuminate\\Container\\BoundMethod::call(Object(Illuminate\\Foundation\\Application), Array, Array, NULL)
#25 /Volumes/Home/moohard/Kerjaan-Kepegawaian/apel-app/vendor/laravel/framework/src/Illuminate/Database/Seeder.php(184): Illuminate\\Container\\Container->call(Array, Array)
#26 /Volumes/Home/moohard/Kerjaan-Kepegawaian/apel-app/vendor/laravel/framework/src/Illuminate/Database/Eloquent/Concerns/HasEvents.php(454): Illuminate\\Database\\Seeder->{closure:Illuminate\\Database\\Seeder::__invoke():183}()
#27 /Volumes/Home/moohard/Kerjaan-Kepegawaian/apel-app/vendor/laravel/framework/src/Illuminate/Database/Console/Seeds/WithoutModelEvents.php(17): Illuminate\\Database\\Eloquent\\Model::withoutEvents(Object(Closure))
#28 /Volumes/Home/moohard/Kerjaan-Kepegawaian/apel-app/vendor/laravel/framework/src/Illuminate/Database/Seeder.php(193): Database\\Seeders\\UserSeeder->{closure:Illuminate\\Database\\Console\\Seeds\\WithoutModelEvents::withoutModelEvents():17}()
#29 /Volumes/Home/moohard/Kerjaan-Kepegawaian/apel-app/vendor/laravel/framework/src/Illuminate/Database/Seeder.php(59): Illuminate\\Database\\Seeder->__invoke(Array)
#30 /Volumes/Home/moohard/Kerjaan-Kepegawaian/apel-app/database/seeders/DatabaseSeeder.php(24): Illuminate\\Database\\Seeder->call('Database\\\\Seeder...')
#31 /Volumes/Home/moohard/Kerjaan-Kepegawaian/apel-app/vendor/laravel/framework/src/Illuminate/Container/BoundMethod.php(36): Database\\Seeders\\DatabaseSeeder->run()
#32 /Volumes/Home/moohard/Kerjaan-Kepegawaian/apel-app/vendor/laravel/framework/src/Illuminate/Container/Util.php(43): Illuminate\\Container\\BoundMethod::{closure:Illuminate\\Container\\BoundMethod::call():35}()
#33 /Volumes/Home/moohard/Kerjaan-Kepegawaian/apel-app/vendor/laravel/framework/src/Illuminate/Container/BoundMethod.php(96): Illuminate\\Container\\Util::unwrapIfClosure(Object(Closure))
#34 /Volumes/Home/moohard/Kerjaan-Kepegawaian/apel-app/vendor/laravel/framework/src/Illuminate/Container/BoundMethod.php(35): Illuminate\\Container\\BoundMethod::callBoundMethod(Object(Illuminate\\Foundation\\Application), Array, Object(Closure))
#35 /Volumes/Home/moohard/Kerjaan-Kepegawaian/apel-app/vendor/laravel/framework/src/Illuminate/Container/Container.php(799): Illuminate\\Container\\BoundMethod::call(Object(Illuminate\\Foundation\\Application), Array, Array, NULL)
#36 /Volumes/Home/moohard/Kerjaan-Kepegawaian/apel-app/vendor/laravel/framework/src/Illuminate/Database/Seeder.php(184): Illuminate\\Container\\Container->call(Array, Array)
#37 /Volumes/Home/moohard/Kerjaan-Kepegawaian/apel-app/vendor/laravel/framework/src/Illuminate/Database/Seeder.php(193): Illuminate\\Database\\Seeder->{closure:Illuminate\\Database\\Seeder::__invoke():183}()
#38 /Volumes/Home/moohard/Kerjaan-Kepegawaian/apel-app/vendor/laravel/framework/src/Illuminate/Database/Console/Seeds/SeedCommand.php(71): Illuminate\\Database\\Seeder->__invoke()
#39 /Volumes/Home/moohard/Kerjaan-Kepegawaian/apel-app/vendor/laravel/framework/src/Illuminate/Database/Eloquent/Concerns/GuardsAttributes.php(157): Illuminate\\Database\\Console\\Seeds\\SeedCommand->{closure:Illuminate\\Database\\Console\\Seeds\\SeedCommand::handle():70}()
#40 /Volumes/Home/moohard/Kerjaan-Kepegawaian/apel-app/vendor/laravel/framework/src/Illuminate/Database/Console/Seeds/SeedCommand.php(70): Illuminate\\Database\\Eloquent\\Model::unguarded(Object(Closure))
#41 /Volumes/Home/moohard/Kerjaan-Kepegawaian/apel-app/vendor/laravel/framework/src/Illuminate/Container/BoundMethod.php(36): Illuminate\\Database\\Console\\Seeds\\SeedCommand->handle()
#42 /Volumes/Home/moohard/Kerjaan-Kepegawaian/apel-app/vendor/laravel/framework/src/Illuminate/Container/Util.php(43): Illuminate\\Container\\BoundMethod::{closure:Illuminate\\Container\\BoundMethod::call():35}()
#43 /Volumes/Home/moohard/Kerjaan-Kepegawaian/apel-app/vendor/laravel/framework/src/Illuminate/Container/BoundMethod.php(96): Illuminate\\Container\\Util::unwrapIfClosure(Object(Closure))
#44 /Volumes/Home/moohard/Kerjaan-Kepegawaian/apel-app/vendor/laravel/framework/src/Illuminate/Container/BoundMethod.php(35): Illuminate\\Container\\BoundMethod::callBoundMethod(Object(Illuminate\\Foundation\\Application), Array, Object(Closure))
#45 /Volumes/Home/moohard/Kerjaan-Kepegawaian/apel-app/vendor/laravel/framework/src/Illuminate/Container/Container.php(799): Illuminate\\Container\\BoundMethod::call(Object(Illuminate\\Foundation\\Application), Array, Array, NULL)
#46 /Volumes/Home/moohard/Kerjaan-Kepegawaian/apel-app/vendor/laravel/framework/src/Illuminate/Console/Command.php(211): Illuminate\\Container\\Container->call(Array)
#47 /Volumes/Home/moohard/Kerjaan-Kepegawaian/apel-app/vendor/symfony/console/Command/Command.php(341): Illuminate\\Console\\Command->execute(Object(Symfony\\Component\\Console\\Input\\ArrayInput), Object(Illuminate\\Console\\OutputStyle))
#48 /Volumes/Home/moohard/Kerjaan-Kepegawaian/apel-app/vendor/laravel/framework/src/Illuminate/Console/Command.php(180): Symfony\\Component\\Console\\Command\\Command->run(Object(Symfony\\Component\\Console\\Input\\ArrayInput), Object(Illuminate\\Console\\OutputStyle))
#49 /Volumes/Home/moohard/Kerjaan-Kepegawaian/apel-app/vendor/laravel/framework/src/Illuminate/Console/Concerns/CallsCommands.php(68): Illuminate\\Console\\Command->run(Object(Symfony\\Component\\Console\\Input\\ArrayInput), Object(Illuminate\\Console\\OutputStyle))
#50 /Volumes/Home/moohard/Kerjaan-Kepegawaian/apel-app/vendor/laravel/framework/src/Illuminate/Console/Concerns/CallsCommands.php(29): Illuminate\\Console\\Command->runCommand('db:seed', Array, Object(Illuminate\\Console\\OutputStyle))
#51 /Volumes/Home/moohard/Kerjaan-Kepegawaian/apel-app/vendor/laravel/framework/src/Illuminate/Database/Console/Migrations/FreshCommand.php(121): Illuminate\\Console\\Command->call('db:seed', Array)
#52 /Volumes/Home/moohard/Kerjaan-Kepegawaian/apel-app/vendor/laravel/framework/src/Illuminate/Database/Console/Migrations/FreshCommand.php(97): Illuminate\\Database\\Console\\Migrations\\FreshCommand->runSeeder(NULL)
#53 /Volumes/Home/moohard/Kerjaan-Kepegawaian/apel-app/vendor/laravel/framework/src/Illuminate/Container/BoundMethod.php(36): Illuminate\\Database\\Console\\Migrations\\FreshCommand->handle()
#54 /Volumes/Home/moohard/Kerjaan-Kepegawaian/apel-app/vendor/laravel/framework/src/Illuminate/Container/Util.php(43): Illuminate\\Container\\BoundMethod::{closure:Illuminate\\Container\\BoundMethod::call():35}()
#55 /Volumes/Home/moohard/Kerjaan-Kepegawaian/apel-app/vendor/laravel/framework/src/Illuminate/Container/BoundMethod.php(96): Illuminate\\Container\\Util::unwrapIfClosure(Object(Closure))
#56 /Volumes/Home/moohard/Kerjaan-Kepegawaian/apel-app/vendor/laravel/framework/src/Illuminate/Container/BoundMethod.php(35): Illuminate\\Container\\BoundMethod::callBoundMethod(Object(Illuminate\\Foundation\\Application), Array, Object(Closure))
#57 /Volumes/Home/moohard/Kerjaan-Kepegawaian/apel-app/vendor/laravel/framework/src/Illuminate/Container/Container.php(799): Illuminate\\Container\\BoundMethod::call(Object(Illuminate\\Foundation\\Application), Array, Array, NULL)
#58 /Volumes/Home/moohard/Kerjaan-Kepegawaian/apel-app/vendor/laravel/framework/src/Illuminate/Console/Command.php(211): Illuminate\\Container\\Container->call(Array)
#59 /Volumes/Home/moohard/Kerjaan-Kepegawaian/apel-app/vendor/symfony/console/Command/Command.php(341): Illuminate\\Console\\Command->execute(Object(Symfony\\Component\\Console\\Input\\ArgvInput), Object(Illuminate\\Console\\OutputStyle))
#60 /Volumes/Home/moohard/Kerjaan-Kepegawaian/apel-app/vendor/laravel/framework/src/Illuminate/Console/Command.php(180): Symfony\\Component\\Console\\Command\\Command->run(Object(Symfony\\Component\\Console\\Input\\ArgvInput), Object(Illuminate\\Console\\OutputStyle))
#61 /Volumes/Home/moohard/Kerjaan-Kepegawaian/apel-app/vendor/symfony/console/Application.php(1102): Illuminate\\Console\\Command->run(Object(Symfony\\Component\\Console\\Input\\ArgvInput), Object(Symfony\\Component\\Console\\Output\\ConsoleOutput))
#62 /Volumes/Home/moohard/Kerjaan-Kepegawaian/apel-app/vendor/symfony/console/Application.php(356): Symfony\\Component\\Console\\Application->doRunCommand(Object(Illuminate\\Database\\Console\\Migrations\\FreshCommand), Object(Symfony\\Component\\Console\\Input\\ArgvInput), Object(Symfony\\Component\\Console\\Output\\ConsoleOutput))
#63 /Volumes/Home/moohard/Kerjaan-Kepegawaian/apel-app/vendor/symfony/console/Application.php(195): Symfony\\Component\\Console\\Application->doRun(Object(Symfony\\Component\\Console\\Input\\ArgvInput), Object(Symfony\\Component\\Console\\Output\\ConsoleOutput))
#64 /Volumes/Home/moohard/Kerjaan-Kepegawaian/apel-app/vendor/laravel/framework/src/Illuminate/Foundation/Console/Kernel.php(198): Symfony\\Component\\Console\\Application->run(Object(Symfony\\Component\\Console\\Input\\ArgvInput), Object(Symfony\\Component\\Console\\Output\\ConsoleOutput))
#65 /Volumes/Home/moohard/Kerjaan-Kepegawaian/apel-app/vendor/laravel/framework/src/Illuminate/Foundation/Application.php(1235): Illuminate\\Foundation\\Console\\Kernel->handle(Object(Symfony\\Component\\Console\\Input\\ArgvInput), Object(Symfony\\Component\\Console\\Output\\ConsoleOutput))
#66 /Volumes/Home/moohard/Kerjaan-Kepegawaian/apel-app/artisan(16): Illuminate\\Foundation\\Application->handleCommand(Object(Symfony\\Component\\Console\\Input\\ArgvInput))
#67 {main}

[previous exception] [object] (PDOException(code: 42S22): SQLSTATE[42S22]: Column not found: 1054 Unknown column 'jabatan' in 'INSERT INTO' at /Volumes/Home/moohard/Kerjaan-Kepegawaian/apel-app/vendor/laravel/framework/src/Illuminate/Database/MySqlConnection.php:47)
[stacktrace]
#0 /Volumes/Home/moohard/Kerjaan-Kepegawaian/apel-app/vendor/laravel/framework/src/Illuminate/Database/MySqlConnection.php(47): PDO->prepare('insert into `us...')
#1 /Volumes/Home/moohard/Kerjaan-Kepegawaian/apel-app/vendor/laravel/framework/src/Illuminate/Database/Connection.php(813): Illuminate\\Database\\MySqlConnection->{closure:Illuminate\\Database\\MySqlConnection::insert():42}('insert into `us...', Array)
#2 /Volumes/Home/moohard/Kerjaan-Kepegawaian/apel-app/vendor/laravel/framework/src/Illuminate/Database/Connection.php(780): Illuminate\\Database\\Connection->runQueryCallback('insert into `us...', Array, Object(Closure))
#3 /Volumes/Home/moohard/Kerjaan-Kepegawaian/apel-app/vendor/laravel/framework/src/Illuminate/Database/MySqlConnection.php(42): Illuminate\\Database\\Connection->run('insert into `us...', Array, Object(Closure))
#4 /Volumes/Home/moohard/Kerjaan-Kepegawaian/apel-app/vendor/laravel/framework/src/Illuminate/Database/Query/Processors/MySqlProcessor.php(35): Illuminate\\Database\\MySqlConnection->insert('insert into `us...', Array, 'id')
#5 /Volumes/Home/moohard/Kerjaan-Kepegawaian/apel-app/vendor/laravel/framework/src/Illuminate/Database/Query/Builder.php(3853): Illuminate\\Database\\Query\\Processors\\MySqlProcessor->processInsertGetId(Object(Illuminate\\Database\\Query\\Builder), 'insert into `us...', Array, 'id')
#6 /Volumes/Home/moohard/Kerjaan-Kepegawaian/apel-app/vendor/laravel/framework/src/Illuminate/Database/Eloquent/Builder.php(2235): Illuminate\\Database\\Query\\Builder->insertGetId(Array, 'id')
#7 /Volumes/Home/moohard/Kerjaan-Kepegawaian/apel-app/vendor/laravel/framework/src/Illuminate/Database/Eloquent/Model.php(1436): Illuminate\\Database\\Eloquent\\Builder->__call('insertGetId', Array)
#8 /Volumes/Home/moohard/Kerjaan-Kepegawaian/apel-app/vendor/laravel/framework/src/Illuminate/Database/Eloquent/Model.php(1401): Illuminate\\Database\\Eloquent\\Model->insertAndSetId(Object(Illuminate\\Database\\Eloquent\\Builder), Array)
#9 /Volumes/Home/moohard/Kerjaan-Kepegawaian/apel-app/vendor/laravel/framework/src/Illuminate/Database/Eloquent/Model.php(1240): Illuminate\\Database\\Eloquent\\Model->performInsert(Object(Illuminate\\Database\\Eloquent\\Builder))
#10 /Volumes/Home/moohard/Kerjaan-Kepegawaian/apel-app/vendor/laravel/framework/src/Illuminate/Database/Eloquent/Builder.php(1219): Illuminate\\Database\\Eloquent\\Model->save()
#11 /Volumes/Home/moohard/Kerjaan-Kepegawaian/apel-app/vendor/laravel/framework/src/Illuminate/Support/helpers.php(390): Illuminate\\Database\\Eloquent\\Builder->{closure:Illuminate\\Database\\Eloquent\\Builder::create():1218}(Object(App\\Models\\User))
#12 /Volumes/Home/moohard/Kerjaan-Kepegawaian/apel-app/vendor/laravel/framework/src/Illuminate/Database/Eloquent/Builder.php(1218): tap(Object(App\\Models\\User), Object(Closure))
#13 /Volumes/Home/moohard/Kerjaan-Kepegawaian/apel-app/vendor/laravel/framework/src/Illuminate/Database/Eloquent/Builder.php(725): Illuminate\\Database\\Eloquent\\Builder->create(Array)
#14 /Volumes/Home/moohard/Kerjaan-Kepegawaian/apel-app/vendor/laravel/framework/src/Illuminate/Database/Eloquent/Builder.php(1959): Illuminate\\Database\\Eloquent\\Builder->{closure:Illuminate\\Database\\Eloquent\\Builder::createOrFirst():725}()
#15 /Volumes/Home/moohard/Kerjaan-Kepegawaian/apel-app/vendor/laravel/framework/src/Illuminate/Database/Eloquent/Builder.php(725): Illuminate\\Database\\Eloquent\\Builder->withSavepointIfNeeded(Object(Closure))
#16 /Volumes/Home/moohard/Kerjaan-Kepegawaian/apel-app/vendor/laravel/framework/src/Illuminate/Database/Eloquent/Builder.php(712): Illuminate\\Database\\Eloquent\\Builder->createOrFirst(Array, Array)
#17 /Volumes/Home/moohard/Kerjaan-Kepegawaian/apel-app/vendor/laravel/framework/src/Illuminate/Database/Eloquent/Builder.php(740): Illuminate\\Database\\Eloquent\\Builder->firstOrCreate(Array, Array)
#18 /Volumes/Home/moohard/Kerjaan-Kepegawaian/apel-app/vendor/laravel/framework/src/Illuminate/Support/Traits/ForwardsCalls.php(23): Illuminate\\Database\\Eloquent\\Builder->updateOrCreate(Array, Array)
#19 /Volumes/Home/moohard/Kerjaan-Kepegawaian/apel-app/vendor/laravel/framework/src/Illuminate/Database/Eloquent/Model.php(2540): Illuminate\\Database\\Eloquent\\Model->forwardCallTo(Object(Illuminate\\Database\\Eloquent\\Builder), 'updateOrCreate', Array)
#20 /Volumes/Home/moohard/Kerjaan-Kepegawaian/apel-app/vendor/laravel/framework/src/Illuminate/Database/Eloquent/Model.php(2556): Illuminate\\Database\\Eloquent\\Model->__call('updateOrCreate', Array)
#21 /Volumes/Home/moohard/Kerjaan-Kepegawaian/apel-app/database/seeders/UserSeeder.php(65): Illuminate\\Database\\Eloquent\\Model::__callStatic('updateOrCreate', Array)
#22 /Volumes/Home/moohard/Kerjaan-Kepegawaian/apel-app/vendor/laravel/framework/src/Illuminate/Container/BoundMethod.php(36): Database\\Seeders\\UserSeeder->run()
#23 /Volumes/Home/moohard/Kerjaan-Kepegawaian/apel-app/vendor/laravel/framework/src/Illuminate/Container/Util.php(43): Illuminate\\Container\\BoundMethod::{closure:Illuminate\\Container\\BoundMethod::call():35}()
#24 /Volumes/Home/moohard/Kerjaan-Kepegawaian/apel-app/vendor/laravel/framework/src/Illuminate/Container/BoundMethod.php(96): Illuminate\\Container\\Util::unwrapIfClosure(Object(Closure))
#25 /Volumes/Home/moohard/Kerjaan-Kepegawaian/apel-app/vendor/laravel/framework/src/Illuminate/Container/BoundMethod.php(35): Illuminate\\Container\\BoundMethod::callBoundMethod(Object(Illuminate\\Foundation\\Application), Array, Object(Closure))
#26 /Volumes/Home/moohard/Kerjaan-Kepegawaian/apel-app/vendor/laravel/framework/src/Illuminate/Container/Container.php(799): Illuminate\\Container\\BoundMethod::call(Object(Illuminate\\Foundation\\Application), Array, Array, NULL)
#27 /Volumes/Home/moohard/Kerjaan-Kepegawaian/apel-app/vendor/laravel/framework/src/Illuminate/Database/Seeder.php(184): Illuminate\\Container\\Container->call(Array, Array)
#28 /Volumes/Home/moohard/Kerjaan-Kepegawaian/apel-app/vendor/laravel/framework/src/Illuminate/Database/Eloquent/Concerns/HasEvents.php(454): Illuminate\\Database\\Seeder->{closure:Illuminate\\Database\\Seeder::__invoke():183}()
#29 /Volumes/Home/moohard/Kerjaan-Kepegawaian/apel-app/vendor/laravel/framework/src/Illuminate/Database/Console/Seeds/WithoutModelEvents.php(17): Illuminate\\Database\\Eloquent\\Model::withoutEvents(Object(Closure))
#30 /Volumes/Home/moohard/Kerjaan-Kepegawaian/apel-app/vendor/laravel/framework/src/Illuminate/Database/Seeder.php(193): Database\\Seeders\\UserSeeder->{closure:Illuminate\\Database\\Console\\Seeds\\WithoutModelEvents::withoutModelEvents():17}()
#31 /Volumes/Home/moohard/Kerjaan-Kepegawaian/apel-app/vendor/laravel/framework/src/Illuminate/Database/Seeder.php(59): Illuminate\\Database\\Seeder->__invoke(Array)
#32 /Volumes/Home/moohard/Kerjaan-Kepegawaian/apel-app/database/seeders/DatabaseSeeder.php(24): Illuminate\\Database\\Seeder->call('Database\\\\Seeder...')
#33 /Volumes/Home/moohard/Kerjaan-Kepegawaian/apel-app/vendor/laravel/framework/src/Illuminate/Container/BoundMethod.php(36): Database\\Seeders\\DatabaseSeeder->run()
#34 /Volumes/Home/moohard/Kerjaan-Kepegawaian/apel-app/vendor/laravel/framework/src/Illuminate/Container/Util.php(43): Illuminate\\Container\\BoundMethod::{closure:Illuminate\\Container\\BoundMethod::call():35}()
#35 /Volumes/Home/moohard/Kerjaan-Kepegawaian/apel-app/vendor/laravel/framework/src/Illuminate/Container/BoundMethod.php(96): Illuminate\\Container\\Util::unwrapIfClosure(Object(Closure))
#36 /Volumes/Home/moohard/Kerjaan-Kepegawaian/apel-app/vendor/laravel/framework/src/Illuminate/Container/BoundMethod.php(35): Illuminate\\Container\\BoundMethod::callBoundMethod(Object(Illuminate\\Foundation\\Application), Array, Object(Closure))
#37 /Volumes/Home/moohard/Kerjaan-Kepegawaian/apel-app/vendor/laravel/framework/src/Illuminate/Container/Container.php(799): Illuminate\\Container\\BoundMethod::call(Object(Illuminate\\Foundation\\Application), Array, Array, NULL)
#38 /Volumes/Home/moohard/Kerjaan-Kepegawaian/apel-app/vendor/laravel/framework/src/Illuminate/Database/Seeder.php(184): Illuminate\\Container\\Container->call(Array, Array)
#39 /Volumes/Home/moohard/Kerjaan-Kepegawaian/apel-app/vendor/laravel/framework/src/Illuminate/Database/Seeder.php(193): Illuminate\\Database\\Seeder->{closure:Illuminate\\Database\\Seeder::__invoke():183}()
#40 /Volumes/Home/moohard/Kerjaan-Kepegawaian/apel-app/vendor/laravel/framework/src/Illuminate/Database/Console/Seeds/SeedCommand.php(71): Illuminate\\Database\\Seeder->__invoke()
#41 /Volumes/Home/moohard/Kerjaan-Kepegawaian/apel-app/vendor/laravel/framework/src/Illuminate/Database/Eloquent/Concerns/GuardsAttributes.php(157): Illuminate\\Database\\Console\\Seeds\\SeedCommand->{closure:Illuminate\\Database\\Console\\Seeds\\SeedCommand::handle():70}()
#42 /Volumes/Home/moohard/Kerjaan-Kepegawaian/apel-app/vendor/laravel/framework/src/Illuminate/Database/Console/Seeds/SeedCommand.php(70): Illuminate\\Database\\Eloquent\\Model::unguarded(Object(Closure))
#43 /Volumes/Home/moohard/Kerjaan-Kepegawaian/apel-app/vendor/laravel/framework/src/Illuminate/Container/BoundMethod.php(36): Illuminate\\Database\\Console\\Seeds\\SeedCommand->handle()
#44 /Volumes/Home/moohard/Kerjaan-Kepegawaian/apel-app/vendor/laravel/framework/src/Illuminate/Container/Util.php(43): Illuminate\\Container\\BoundMethod::{closure:Illuminate\\Container\\BoundMethod::call():35}()
#45 /Volumes/Home/moohard/Kerjaan-Kepegawaian/apel-app/vendor/laravel/framework/src/Illuminate/Container/BoundMethod.php(96): Illuminate\\Container\\Util::unwrapIfClosure(Object(Closure))
#46 /Volumes/Home/moohard/Kerjaan-Kepegawaian/apel-app/vendor/laravel/framework/src/Illuminate/Container/BoundMethod.php(35): Illuminate\\Container\\BoundMethod::callBoundMethod(Object(Illuminate\\Foundation\\Application), Array, Object(Closure))
#47 /Volumes/Home/moohard/Kerjaan-Kepegawaian/apel-app/vendor/laravel/framework/src/Illuminate/Container/Container.php(799): Illuminate\\Container\\BoundMethod::call(Object(Illuminate\\Foundation\\Application), Array, Array, NULL)
#48 /Volumes/Home/moohard/Kerjaan-Kepegawaian/apel-app/vendor/laravel/framework/src/Illuminate/Console/Command.php(211): Illuminate\\Container\\Container->call(Array)
#49 /Volumes/Home/moohard/Kerjaan-Kepegawaian/apel-app/vendor/symfony/console/Command/Command.php(341): Illuminate\\Console\\Command->execute(Object(Symfony\\Component\\Console\\Input\\ArrayInput), Object(Illuminate\\Console\\OutputStyle))
#50 /Volumes/Home/moohard/Kerjaan-Kepegawaian/apel-app/vendor/laravel/framework/src/Illuminate/Console/Command.php(180): Symfony\\Component\\Console\\Command\\Command->run(Object(Symfony\\Component\\Console\\Input\\ArrayInput), Object(Illuminate\\Console\\OutputStyle))
#51 /Volumes/Home/moohard/Kerjaan-Kepegawaian/apel-app/vendor/laravel/framework/src/Illuminate/Console/Concerns/CallsCommands.php(68): Illuminate\\Console\\Command->run(Object(Symfony\\Component\\Console\\Input\\ArrayInput), Object(Illuminate\\Console\\OutputStyle))
#52 /Volumes/Home/moohard/Kerjaan-Kepegawaian/apel-app/vendor/laravel/framework/src/Illuminate/Console/Concerns/CallsCommands.php(29): Illuminate\\Console\\Command->runCommand('db:seed', Array, Object(Illuminate\\Console\\OutputStyle))
#53 /Volumes/Home/moohard/Kerjaan-Kepegawaian/apel-app/vendor/laravel/framework/src/Illuminate/Database/Console/Migrations/FreshCommand.php(121): Illuminate\\Console\\Command->call('db:seed', Array)
#54 /Volumes/Home/moohard/Kerjaan-Kepegawaian/apel-app/vendor/laravel/framework/src/Illuminate/Database/Console/Migrations/FreshCommand.php(97): Illuminate\\Database\\Console\\Migrations\\FreshCommand->runSeeder(NULL)
#55 /Volumes/Home/moohard/Kerjaan-Kepegawaian/apel-app/vendor/laravel/framework/src/Illuminate/Container/BoundMethod.php(36): Illuminate\\Database\\Console\\Migrations\\FreshCommand->handle()
#56 /Volumes/Home/moohard/Kerjaan-Kepegawaian/apel-app/vendor/laravel/framework/src/Illuminate/Container/Util.php(43): Illuminate\\Container\\BoundMethod::{closure:Illuminate\\Container\\BoundMethod::call():35}()
#57 /Volumes/Home/moohard/Kerjaan-Kepegawaian/apel-app/vendor/laravel/framework/src/Illuminate/Container/BoundMethod.php(96): Illuminate\\Container\\Util::unwrapIfClosure(Object(Closure))
#58 /Volumes/Home/moohard/Kerjaan-Kepegawaian/apel-app/vendor/laravel/framework/src/Illuminate/Container/BoundMethod.php(35): Illuminate\\Container\\BoundMethod::callBoundMethod(Object(Illuminate\\Foundation\\Application), Array, Object(Closure))
#59 /Volumes/Home/moohard/Kerjaan-Kepegawaian/apel-app/vendor/laravel/framework/src/Illuminate/Container/Container.php(799): Illuminate\\Container\\BoundMethod::call(Object(Illuminate\\Foundation\\Application), Array, Array, NULL)
#60 /Volumes/Home/moohard/Kerjaan-Kepegawaian/apel-app/vendor/laravel/framework/src/Illuminate/Console/Command.php(211): Illuminate\\Container\\Container->call(Array)
#61 /Volumes/Home/moohard/Kerjaan-Kepegawaian/apel-app/vendor/symfony/console/Command/Command.php(341): Illuminate\\Console\\Command->execute(Object(Symfony\\Component\\Console\\Input\\ArgvInput), Object(Illuminate\\Console\\OutputStyle))
#62 /Volumes/Home/moohard/Kerjaan-Kepegawaian/apel-app/vendor/laravel/framework/src/Illuminate/Console/Command.php(180): Symfony\\Component\\Console\\Command\\Command->run(Object(Symfony\\Component\\Console\\Input\\ArgvInput), Object(Illuminate\\Console\\OutputStyle))
#63 /Volumes/Home/moohard/Kerjaan-Kepegawaian/apel-app/vendor/symfony/console/Application.php(1102): Illuminate\\Console\\Command->run(Object(Symfony\\Component\\Console\\Input\\ArgvInput), Object(Symfony\\Component\\Console\\Output\\ConsoleOutput))
#64 /Volumes/Home/moohard/Kerjaan-Kepegawaian/apel-app/vendor/symfony/console/Application.php(356): Symfony\\Component\\Console\\Application->doRunCommand(Object(Illuminate\\Database\\Console\\Migrations\\FreshCommand), Object(Symfony\\Component\\Console\\Input\\ArgvInput), Object(Symfony\\Component\\Console\\Output\\ConsoleOutput))
#65 /Volumes/Home/moohard/Kerjaan-Kepegawaian/apel-app/vendor/symfony/console/Application.php(195): Symfony\\Component\\Console\\Application->doRun(Object(Symfony\\Component\\Console\\Input\\ArgvInput), Object(Symfony\\Component\\Console\\Output\\ConsoleOutput))
#66 /Volumes/Home/moohard/Kerjaan-Kepegawaian/apel-app/vendor/laravel/framework/src/Illuminate/Foundation/Console/Kernel.php(198): Symfony\\Component\\Console\\Application->run(Object(Symfony\\Component\\Console\\Input\\ArgvInput), Object(Symfony\\Component\\Console\\Output\\ConsoleOutput))
#67 /Volumes/Home/moohard/Kerjaan-Kepegawaian/apel-app/vendor/laravel/framework/src/Illuminate/Foundation/Application.php(1235): Illuminate\\Foundation\\Console\\Kernel->handle(Object(Symfony\\Component\\Console\\Input\\ArgvInput), Object(Symfony\\Component\\Console\\Output\\ConsoleOutput))
#68 /Volumes/Home/moohard/Kerjaan-Kepegawaian/apel-app/artisan(16): Illuminate\\Foundation\\Application->handleCommand(Object(Symfony\\Component\\Console\\Input\\ArgvInput))
#69 {main}
"} 
[2026-01-11 23:47:13] local.ERROR: Class "Redis" not found {"exception":"[object] (Error(code: 0): Class \"Redis\" not found at /Volumes/Home/moohard/Kerjaan-Kepegawaian/apel-app/vendor/laravel/framework/src/Illuminate/Redis/Connectors/PhpRedisConnector.php:80)
[stacktrace]
#0 /Volumes/Home/moohard/Kerjaan-Kepegawaian/apel-app/vendor/laravel/framework/src/Illuminate/Redis/Connectors/PhpRedisConnector.php(34): Illuminate\\Redis\\Connectors\\PhpRedisConnector->createClient(Array)
#1 /Volumes/Home/moohard/Kerjaan-Kepegawaian/apel-app/vendor/laravel/framework/src/Illuminate/Redis/Connectors/PhpRedisConnector.php(39): Illuminate\\Redis\\Connectors\\PhpRedisConnector->{closure:Illuminate\\Redis\\Connectors\\PhpRedisConnector::connect():33}()
#2 /Volumes/Home/moohard/Kerjaan-Kepegawaian/apel-app/vendor/laravel/framework/src/Illuminate/Redis/RedisManager.php(111): Illuminate\\Redis\\Connectors\\PhpRedisConnector->connect(Array, Array)
#3 /Volumes/Home/moohard/Kerjaan-Kepegawaian/apel-app/vendor/laravel/framework/src/Illuminate/Redis/RedisManager.php(92): Illuminate\\Redis\\RedisManager->resolve('cache')
#4 /Volumes/Home/moohard/Kerjaan-Kepegawaian/apel-app/vendor/laravel/framework/src/Illuminate/Cache/RedisStore.php(368): Illuminate\\Redis\\RedisManager->connection('cache')
#5 /Volumes/Home/moohard/Kerjaan-Kepegawaian/apel-app/vendor/laravel/framework/src/Illuminate/Cache/RedisStore.php(71): Illuminate\\Cache\\RedisStore->connection()
#6 /Volumes/Home/moohard/Kerjaan-Kepegawaian/apel-app/vendor/laravel/framework/src/Illuminate/Cache/Repository.php(119): Illuminate\\Cache\\RedisStore->get('boost.roster.sc...')
#7 /Volumes/Home/moohard/Kerjaan-Kepegawaian/apel-app/vendor/laravel/framework/src/Illuminate/Cache/CacheManager.php(530): Illuminate\\Cache\\Repository->get('boost.roster.sc...')
#8 /Volumes/Home/moohard/Kerjaan-Kepegawaian/apel-app/vendor/laravel/boost/src/BoostServiceProvider.php(50): Illuminate\\Cache\\CacheManager->__call('get', Array)
#9 /Volumes/Home/moohard/Kerjaan-Kepegawaian/apel-app/vendor/laravel/framework/src/Illuminate/Container/Container.php(1115): Laravel\\Boost\\BoostServiceProvider->{closure:Laravel\\Boost\\BoostServiceProvider::register():37}(Object(Illuminate\\Foundation\\Application), Array)
#10 /Volumes/Home/moohard/Kerjaan-Kepegawaian/apel-app/vendor/laravel/framework/src/Illuminate/Container/Container.php(933): Illuminate\\Container\\Container->build(Object(Closure))
#11 /Volumes/Home/moohard/Kerjaan-Kepegawaian/apel-app/vendor/laravel/framework/src/Illuminate/Foundation/Application.php(1078): Illuminate\\Container\\Container->resolve('Laravel\\\\Roster\\\\...', Array, true)
#12 /Volumes/Home/moohard/Kerjaan-Kepegawaian/apel-app/vendor/laravel/framework/src/Illuminate/Container/Container.php(864): Illuminate\\Foundation\\Application->resolve('Laravel\\\\Roster\\\\...', Array)
#13 /Volumes/Home/moohard/Kerjaan-Kepegawaian/apel-app/vendor/laravel/framework/src/Illuminate/Foundation/Application.php(1058): Illuminate\\Container\\Container->make('Laravel\\\\Roster\\\\...', Array)
#14 /Volumes/Home/moohard/Kerjaan-Kepegawaian/apel-app/vendor/laravel/framework/src/Illuminate/Container/Container.php(1338): Illuminate\\Foundation\\Application->make('Laravel\\\\Roster\\\\...')
#15 /Volumes/Home/moohard/Kerjaan-Kepegawaian/apel-app/vendor/laravel/framework/src/Illuminate/Container/Container.php(1239): Illuminate\\Container\\Container->resolveClass(Object(ReflectionParameter))
#16 /Volumes/Home/moohard/Kerjaan-Kepegawaian/apel-app/vendor/laravel/framework/src/Illuminate/Container/Container.php(1162): Illuminate\\Container\\Container->resolveDependencies(Array)
#17 /Volumes/Home/moohard/Kerjaan-Kepegawaian/apel-app/vendor/laravel/framework/src/Illuminate/Container/Container.php(933): Illuminate\\Container\\Container->build('Laravel\\\\Boost\\\\M...')
#18 /Volumes/Home/moohard/Kerjaan-Kepegawaian/apel-app/vendor/laravel/framework/src/Illuminate/Foundation/Application.php(1078): Illuminate\\Container\\Container->resolve('Laravel\\\\Boost\\\\M...', Array, true)
#19 /Volumes/Home/moohard/Kerjaan-Kepegawaian/apel-app/vendor/laravel/framework/src/Illuminate/Container/Container.php(864): Illuminate\\Foundation\\Application->resolve('Laravel\\\\Boost\\\\M...', Array)
#20 /Volumes/Home/moohard/Kerjaan-Kepegawaian/apel-app/vendor/laravel/framework/src/Illuminate/Foundation/Application.php(1058): Illuminate\\Container\\Container->make('Laravel\\\\Boost\\\\M...', Array)
#21 /Volumes/Home/moohard/Kerjaan-Kepegawaian/apel-app/vendor/laravel/mcp/src/Server/ServerContext.php(100): Illuminate\\Foundation\\Application->make('Laravel\\\\Boost\\\\M...')
#22 [internal function]: Laravel\\Mcp\\Server\\ServerContext->{closure:Laravel\\Mcp\\Server\\ServerContext::resolvePrimitives():99}('Laravel\\\\Boost\\\\M...', 0)
#23 /Volumes/Home/moohard/Kerjaan-Kepegawaian/apel-app/vendor/laravel/framework/src/Illuminate/Collections/Arr.php(788): array_map(Object(Closure), Array, Array)
#24 /Volumes/Home/moohard/Kerjaan-Kepegawaian/apel-app/vendor/laravel/framework/src/Illuminate/Collections/Collection.php(819): Illuminate\\Support\\Arr::map(Array, Object(Closure))
#25 /Volumes/Home/moohard/Kerjaan-Kepegawaian/apel-app/vendor/laravel/mcp/src/Server/ServerContext.php(99): Illuminate\\Support\\Collection->map(Object(Closure))
#26 /Volumes/Home/moohard/Kerjaan-Kepegawaian/apel-app/vendor/laravel/mcp/src/Server/ServerContext.php(43): Laravel\\Mcp\\Server\\ServerContext->resolvePrimitives(Object(Illuminate\\Support\\Collection))
#27 /Volumes/Home/moohard/Kerjaan-Kepegawaian/apel-app/vendor/laravel/mcp/src/Server/Methods/ListTools.php(18): Laravel\\Mcp\\Server\\ServerContext->tools()
#28 /Volumes/Home/moohard/Kerjaan-Kepegawaian/apel-app/vendor/laravel/mcp/src/Server.php(276): Laravel\\Mcp\\Server\\Methods\\ListTools->handle(Object(Laravel\\Mcp\\Server\\Transport\\JsonRpcRequest), Object(Laravel\\Mcp\\Server\\ServerContext))
#29 /Volumes/Home/moohard/Kerjaan-Kepegawaian/apel-app/vendor/laravel/mcp/src/Server.php(244): Laravel\\Mcp\\Server->runMethodHandle(Object(Laravel\\Mcp\\Server\\Transport\\JsonRpcRequest), Object(Laravel\\Mcp\\Server\\ServerContext))
#30 /Volumes/Home/moohard/Kerjaan-Kepegawaian/apel-app/vendor/laravel/mcp/src/Server.php(201): Laravel\\Mcp\\Server->handleMessage(Object(Laravel\\Mcp\\Server\\Transport\\JsonRpcRequest), Object(Laravel\\Mcp\\Server\\ServerContext))
#31 /Volumes/Home/moohard/Kerjaan-Kepegawaian/apel-app/vendor/laravel/mcp/src/Server/Transport/StdioTransport.php(44): Laravel\\Mcp\\Server->handle('{\"method\":\"tool...')
#32 /Volumes/Home/moohard/Kerjaan-Kepegawaian/apel-app/vendor/laravel/mcp/src/Server/Registrar.php(141): Laravel\\Mcp\\Server\\Transport\\StdioTransport->run()
#33 /Volumes/Home/moohard/Kerjaan-Kepegawaian/apel-app/vendor/laravel/mcp/src/Server/Registrar.php(59): Laravel\\Mcp\\Server\\Registrar::startServer('Laravel\\\\Boost\\\\M...', Object(Closure))
#34 /Volumes/Home/moohard/Kerjaan-Kepegawaian/apel-app/vendor/laravel/mcp/src/Console/Commands/StartCommand.php(32): Laravel\\Mcp\\Server\\Registrar->{closure:Laravel\\Mcp\\Server\\Registrar::local():59}()
#35 /Volumes/Home/moohard/Kerjaan-Kepegawaian/apel-app/vendor/laravel/framework/src/Illuminate/Container/BoundMethod.php(36): Laravel\\Mcp\\Console\\Commands\\StartCommand->handle(Object(Laravel\\Mcp\\Server\\Registrar))
#36 /Volumes/Home/moohard/Kerjaan-Kepegawaian/apel-app/vendor/laravel/framework/src/Illuminate/Container/Util.php(43): Illuminate\\Container\\BoundMethod::{closure:Illuminate\\Container\\BoundMethod::call():35}()
#37 /Volumes/Home/moohard/Kerjaan-Kepegawaian/apel-app/vendor/laravel/framework/src/Illuminate/Container/BoundMethod.php(96): Illuminate\\Container\\Util::unwrapIfClosure(Object(Closure))
#38 /Volumes/Home/moohard/Kerjaan-Kepegawaian/apel-app/vendor/laravel/framework/src/Illuminate/Container/BoundMethod.php(35): Illuminate\\Container\\BoundMethod::callBoundMethod(Object(Illuminate\\Foundation\\Application), Array, Object(Closure))
#39 /Volumes/Home/moohard/Kerjaan-Kepegawaian/apel-app/vendor/laravel/framework/src/Illuminate/Container/Container.php(799): Illuminate\\Container\\BoundMethod::call(Object(Illuminate\\Foundation\\Application), Array, Array, NULL)
#40 /Volumes/Home/moohard/Kerjaan-Kepegawaian/apel-app/vendor/laravel/framework/src/Illuminate/Console/Command.php(211): Illuminate\\Container\\Container->call(Array)
#41 /Volumes/Home/moohard/Kerjaan-Kepegawaian/apel-app/vendor/symfony/console/Command/Command.php(341): Illuminate\\Console\\Command->execute(Object(Symfony\\Component\\Console\\Input\\StringInput), Object(Illuminate\\Console\\OutputStyle))
#42 /Volumes/Home/moohard/Kerjaan-Kepegawaian/apel-app/vendor/laravel/framework/src/Illuminate/Console/Command.php(180): Symfony\\Component\\Console\\Command\\Command->run(Object(Symfony\\Component\\Console\\Input\\StringInput), Object(Illuminate\\Console\\OutputStyle))
#43 /Volumes/Home/moohard/Kerjaan-Kepegawaian/apel-app/vendor/symfony/console/Application.php(1102): Illuminate\\Console\\Command->run(Object(Symfony\\Component\\Console\\Input\\StringInput), Object(Symfony\\Component\\Console\\Output\\BufferedOutput))
#44 /Volumes/Home/moohard/Kerjaan-Kepegawaian/apel-app/vendor/symfony/console/Application.php(356): Symfony\\Component\\Console\\Application->doRunCommand(Object(Laravel\\Mcp\\Console\\Commands\\StartCommand), Object(Symfony\\Component\\Console\\Input\\StringInput), Object(Symfony\\Component\\Console\\Output\\BufferedOutput))
#45 /Volumes/Home/moohard/Kerjaan-Kepegawaian/apel-app/vendor/symfony/console/Application.php(195): Symfony\\Component\\Console\\Application->doRun(Object(Symfony\\Component\\Console\\Input\\StringInput), Object(Symfony\\Component\\Console\\Output\\BufferedOutput))
#46 /Volumes/Home/moohard/Kerjaan-Kepegawaian/apel-app/vendor/laravel/framework/src/Illuminate/Console/Application.php(165): Symfony\\Component\\Console\\Application->run(Object(Symfony\\Component\\Console\\Input\\StringInput), Object(Symfony\\Component\\Console\\Output\\BufferedOutput))
#47 /Volumes/Home/moohard/Kerjaan-Kepegawaian/apel-app/vendor/laravel/framework/src/Illuminate/Foundation/Console/Kernel.php(447): Illuminate\\Console\\Application->call('mcp:start', Array, NULL)
#48 /Volumes/Home/moohard/Kerjaan-Kepegawaian/apel-app/vendor/laravel/framework/src/Illuminate/Support/Facades/Facade.php(363): Illuminate\\Foundation\\Console\\Kernel->call('mcp:start larav...')
#49 /Volumes/Home/moohard/Kerjaan-Kepegawaian/apel-app/vendor/laravel/boost/src/Console/StartCommand.php(16): Illuminate\\Support\\Facades\\Facade::__callStatic('call', Array)
#50 /Volumes/Home/moohard/Kerjaan-Kepegawaian/apel-app/vendor/laravel/framework/src/Illuminate/Container/BoundMethod.php(36): Laravel\\Boost\\Console\\StartCommand->handle()
#51 /Volumes/Home/moohard/Kerjaan-Kepegawaian/apel-app/vendor/laravel/framework/src/Illuminate/Container/Util.php(43): Illuminate\\Container\\BoundMethod::{closure:Illuminate\\Container\\BoundMethod::call():35}()
#52 /Volumes/Home/moohard/Kerjaan-Kepegawaian/apel-app/vendor/laravel/framework/src/Illuminate/Container/BoundMethod.php(96): Illuminate\\Container\\Util::unwrapIfClosure(Object(Closure))
#53 /Volumes/Home/moohard/Kerjaan-Kepegawaian/apel-app/vendor/laravel/framework/src/Illuminate/Container/BoundMethod.php(35): Illuminate\\Container\\BoundMethod::callBoundMethod(Object(Illuminate\\Foundation\\Application), Array, Object(Closure))
#54 /Volumes/Home/moohard/Kerjaan-Kepegawaian/apel-app/vendor/laravel/framework/src/Illuminate/Container/Container.php(799): Illuminate\\Container\\BoundMethod::call(Object(Illuminate\\Foundation\\Application), Array, Array, NULL)
#55 /Volumes/Home/moohard/Kerjaan-Kepegawaian/apel-app/vendor/laravel/framework/src/Illuminate/Console/Command.php(211): Illuminate\\Container\\Container->call(Array)
#56 /Volumes/Home/moohard/Kerjaan-Kepegawaian/apel-app/vendor/symfony/console/Command/Command.php(341): Illuminate\\Console\\Command->execute(Object(Symfony\\Component\\Console\\Input\\ArgvInput), Object(Illuminate\\Console\\OutputStyle))
#57 /Volumes/Home/moohard/Kerjaan-Kepegawaian/apel-app/vendor/laravel/framework/src/Illuminate/Console/Command.php(180): Symfony\\Component\\Console\\Command\\Command->run(Object(Symfony\\Component\\Console\\Input\\ArgvInput), Object(Illuminate\\Console\\OutputStyle))
#58 /Volumes/Home/moohard/Kerjaan-Kepegawaian/apel-app/vendor/symfony/console/Application.php(1102): Illuminate\\Console\\Command->run(Object(Symfony\\Component\\Console\\Input\\ArgvInput), Object(Symfony\\Component\\Console\\Output\\ConsoleOutput))
#59 /Volumes/Home/moohard/Kerjaan-Kepegawaian/apel-app/vendor/symfony/console/Application.php(356): Symfony\\Component\\Console\\Application->doRunCommand(Object(Laravel\\Boost\\Console\\StartCommand), Object(Symfony\\Component\\Console\\Input\\ArgvInput), Object(Symfony\\Component\\Console\\Output\\ConsoleOutput))
#60 /Volumes/Home/moohard/Kerjaan-Kepegawaian/apel-app/vendor/symfony/console/Application.php(195): Symfony\\Component\\Console\\Application->doRun(Object(Symfony\\Component\\Console\\Input\\ArgvInput), Object(Symfony\\Component\\Console\\Output\\ConsoleOutput))
#61 /Volumes/Home/moohard/Kerjaan-Kepegawaian/apel-app/vendor/laravel/framework/src/Illuminate/Foundation/Console/Kernel.php(198): Symfony\\Component\\Console\\Application->run(Object(Symfony\\Component\\Console\\Input\\ArgvInput), Object(Symfony\\Component\\Console\\Output\\ConsoleOutput))
#62 /Volumes/Home/moohard/Kerjaan-Kepegawaian/apel-app/vendor/laravel/framework/src/Illuminate/Foundation/Application.php(1235): Illuminate\\Foundation\\Console\\Kernel->handle(Object(Symfony\\Component\\Console\\Input\\ArgvInput), Object(Symfony\\Component\\Console\\Output\\ConsoleOutput))
#63 /Volumes/Home/moohard/Kerjaan-Kepegawaian/apel-app/artisan(16): Illuminate\\Foundation\\Application->handleCommand(Object(Symfony\\Component\\Console\\Input\\ArgvInput))
#64 {main}
"} 
[2026-01-11 23:47:13] local.ERROR: Class "Redis" not found {"exception":"[object] (Error(code: 0): Class \"Redis\" not found at /Volumes/Home/moohard/Kerjaan-Kepegawaian/apel-app/vendor/laravel/framework/src/Illuminate/Redis/Connectors/PhpRedisConnector.php:80)
[stacktrace]
#0 /Volumes/Home/moohard/Kerjaan-Kepegawaian/apel-app/vendor/laravel/framework/src/Illuminate/Redis/Connectors/PhpRedisConnector.php(34): Illuminate\\Redis\\Connectors\\PhpRedisConnector->createClient(Array)
#1 /Volumes/Home/moohard/Kerjaan-Kepegawaian/apel-app/vendor/laravel/framework/src/Illuminate/Redis/Connectors/PhpRedisConnector.php(39): Illuminate\\Redis\\Connectors\\PhpRedisConnector->{closure:Illuminate\\Redis\\Connectors\\PhpRedisConnector::connect():33}()
#2 /Volumes/Home/moohard/Kerjaan-Kepegawaian/apel-app/vendor/laravel/framework/src/Illuminate/Redis/RedisManager.php(111): Illuminate\\Redis\\Connectors\\PhpRedisConnector->connect(Array, Array)
#3 /Volumes/Home/moohard/Kerjaan-Kepegawaian/apel-app/vendor/laravel/framework/src/Illuminate/Redis/RedisManager.php(92): Illuminate\\Redis\\RedisManager->resolve('cache')
#4 /Volumes/Home/moohard/Kerjaan-Kepegawaian/apel-app/vendor/laravel/framework/src/Illuminate/Cache/RedisStore.php(368): Illuminate\\Redis\\RedisManager->connection('cache')
#5 /Volumes/Home/moohard/Kerjaan-Kepegawaian/apel-app/vendor/laravel/framework/src/Illuminate/Cache/RedisStore.php(71): Illuminate\\Cache\\RedisStore->connection()
#6 /Volumes/Home/moohard/Kerjaan-Kepegawaian/apel-app/vendor/laravel/framework/src/Illuminate/Cache/Repository.php(119): Illuminate\\Cache\\RedisStore->get('boost.roster.sc...')
#7 /Volumes/Home/moohard/Kerjaan-Kepegawaian/apel-app/vendor/laravel/framework/src/Illuminate/Cache/CacheManager.php(530): Illuminate\\Cache\\Repository->get('boost.roster.sc...')
#8 /Volumes/Home/moohard/Kerjaan-Kepegawaian/apel-app/vendor/laravel/boost/src/BoostServiceProvider.php(50): Illuminate\\Cache\\CacheManager->__call('get', Array)
#9 /Volumes/Home/moohard/Kerjaan-Kepegawaian/apel-app/vendor/laravel/framework/src/Illuminate/Container/Container.php(1115): Laravel\\Boost\\BoostServiceProvider->{closure:Laravel\\Boost\\BoostServiceProvider::register():37}(Object(Illuminate\\Foundation\\Application), Array)
#10 /Volumes/Home/moohard/Kerjaan-Kepegawaian/apel-app/vendor/laravel/framework/src/Illuminate/Container/Container.php(933): Illuminate\\Container\\Container->build(Object(Closure))
#11 /Volumes/Home/moohard/Kerjaan-Kepegawaian/apel-app/vendor/laravel/framework/src/Illuminate/Foundation/Application.php(1078): Illuminate\\Container\\Container->resolve('Laravel\\\\Roster\\\\...', Array, true)
#12 /Volumes/Home/moohard/Kerjaan-Kepegawaian/apel-app/vendor/laravel/framework/src/Illuminate/Container/Container.php(864): Illuminate\\Foundation\\Application->resolve('Laravel\\\\Roster\\\\...', Array)
#13 /Volumes/Home/moohard/Kerjaan-Kepegawaian/apel-app/vendor/laravel/framework/src/Illuminate/Foundation/Application.php(1058): Illuminate\\Container\\Container->make('Laravel\\\\Roster\\\\...', Array)
#14 /Volumes/Home/moohard/Kerjaan-Kepegawaian/apel-app/vendor/laravel/framework/src/Illuminate/Container/Container.php(1338): Illuminate\\Foundation\\Application->make('Laravel\\\\Roster\\\\...')
#15 /Volumes/Home/moohard/Kerjaan-Kepegawaian/apel-app/vendor/laravel/framework/src/Illuminate/Container/Container.php(1239): Illuminate\\Container\\Container->resolveClass(Object(ReflectionParameter))
#16 /Volumes/Home/moohard/Kerjaan-Kepegawaian/apel-app/vendor/laravel/framework/src/Illuminate/Container/Container.php(1162): Illuminate\\Container\\Container->resolveDependencies(Array)
#17 /Volumes/Home/moohard/Kerjaan-Kepegawaian/apel-app/vendor/laravel/framework/src/Illuminate/Container/Container.php(933): Illuminate\\Container\\Container->build('Laravel\\\\Boost\\\\M...')
#18 /Volumes/Home/moohard/Kerjaan-Kepegawaian/apel-app/vendor/laravel/framework/src/Illuminate/Foundation/Application.php(1078): Illuminate\\Container\\Container->resolve('Laravel\\\\Boost\\\\M...', Array, true)
#19 /Volumes/Home/moohard/Kerjaan-Kepegawaian/apel-app/vendor/laravel/framework/src/Illuminate/Container/Container.php(864): Illuminate\\Foundation\\Application->resolve('Laravel\\\\Boost\\\\M...', Array)
#20 /Volumes/Home/moohard/Kerjaan-Kepegawaian/apel-app/vendor/laravel/framework/src/Illuminate/Foundation/Application.php(1058): Illuminate\\Container\\Container->make('Laravel\\\\Boost\\\\M...', Array)
#21 /Volumes/Home/moohard/Kerjaan-Kepegawaian/apel-app/vendor/laravel/mcp/src/Server/ServerContext.php(100): Illuminate\\Foundation\\Application->make('Laravel\\\\Boost\\\\M...')
#22 [internal function]: Laravel\\Mcp\\Server\\ServerContext->{closure:Laravel\\Mcp\\Server\\ServerContext::resolvePrimitives():99}('Laravel\\\\Boost\\\\M...', 0)
#23 /Volumes/Home/moohard/Kerjaan-Kepegawaian/apel-app/vendor/laravel/framework/src/Illuminate/Collections/Arr.php(788): array_map(Object(Closure), Array, Array)
#24 /Volumes/Home/moohard/Kerjaan-Kepegawaian/apel-app/vendor/laravel/framework/src/Illuminate/Collections/Collection.php(819): Illuminate\\Support\\Arr::map(Array, Object(Closure))
#25 /Volumes/Home/moohard/Kerjaan-Kepegawaian/apel-app/vendor/laravel/mcp/src/Server/ServerContext.php(99): Illuminate\\Support\\Collection->map(Object(Closure))
#26 /Volumes/Home/moohard/Kerjaan-Kepegawaian/apel-app/vendor/laravel/mcp/src/Server/ServerContext.php(43): Laravel\\Mcp\\Server\\ServerContext->resolvePrimitives(Object(Illuminate\\Support\\Collection))
#27 /Volumes/Home/moohard/Kerjaan-Kepegawaian/apel-app/vendor/laravel/mcp/src/Server/Methods/ListTools.php(18): Laravel\\Mcp\\Server\\ServerContext->tools()
#28 /Volumes/Home/moohard/Kerjaan-Kepegawaian/apel-app/vendor/laravel/mcp/src/Server.php(276): Laravel\\Mcp\\Server\\Methods\\ListTools->handle(Object(Laravel\\Mcp\\Server\\Transport\\JsonRpcRequest), Object(Laravel\\Mcp\\Server\\ServerContext))
#29 /Volumes/Home/moohard/Kerjaan-Kepegawaian/apel-app/vendor/laravel/mcp/src/Server.php(244): Laravel\\Mcp\\Server->runMethodHandle(Object(Laravel\\Mcp\\Server\\Transport\\JsonRpcRequest), Object(Laravel\\Mcp\\Server\\ServerContext))
#30 /Volumes/Home/moohard/Kerjaan-Kepegawaian/apel-app/vendor/laravel/mcp/src/Server.php(201): Laravel\\Mcp\\Server->handleMessage(Object(Laravel\\Mcp\\Server\\Transport\\JsonRpcRequest), Object(Laravel\\Mcp\\Server\\ServerContext))
#31 /Volumes/Home/moohard/Kerjaan-Kepegawaian/apel-app/vendor/laravel/mcp/src/Server/Transport/StdioTransport.php(44): Laravel\\Mcp\\Server->handle('{\"method\":\"tool...')
#32 /Volumes/Home/moohard/Kerjaan-Kepegawaian/apel-app/vendor/laravel/mcp/src/Server/Registrar.php(141): Laravel\\Mcp\\Server\\Transport\\StdioTransport->run()
#33 /Volumes/Home/moohard/Kerjaan-Kepegawaian/apel-app/vendor/laravel/mcp/src/Server/Registrar.php(59): Laravel\\Mcp\\Server\\Registrar::startServer('Laravel\\\\Boost\\\\M...', Object(Closure))
#34 /Volumes/Home/moohard/Kerjaan-Kepegawaian/apel-app/vendor/laravel/mcp/src/Console/Commands/StartCommand.php(32): Laravel\\Mcp\\Server\\Registrar->{closure:Laravel\\Mcp\\Server\\Registrar::local():59}()
#35 /Volumes/Home/moohard/Kerjaan-Kepegawaian/apel-app/vendor/laravel/framework/src/Illuminate/Container/BoundMethod.php(36): Laravel\\Mcp\\Console\\Commands\\StartCommand->handle(Object(Laravel\\Mcp\\Server\\Registrar))
#36 /Volumes/Home/moohard/Kerjaan-Kepegawaian/apel-app/vendor/laravel/framework/src/Illuminate/Container/Util.php(43): Illuminate\\Container\\BoundMethod::{closure:Illuminate\\Container\\BoundMethod::call():35}()
#37 /Volumes/Home/moohard/Kerjaan-Kepegawaian/apel-app/vendor/laravel/framework/src/Illuminate/Container/BoundMethod.php(96): Illuminate\\Container\\Util::unwrapIfClosure(Object(Closure))
#38 /Volumes/Home/moohard/Kerjaan-Kepegawaian/apel-app/vendor/laravel/framework/src/Illuminate/Container/BoundMethod.php(35): Illuminate\\Container\\BoundMethod::callBoundMethod(Object(Illuminate\\Foundation\\Application), Array, Object(Closure))
#39 /Volumes/Home/moohard/Kerjaan-Kepegawaian/apel-app/vendor/laravel/framework/src/Illuminate/Container/Container.php(799): Illuminate\\Container\\BoundMethod::call(Object(Illuminate\\Foundation\\Application), Array, Array, NULL)
#40 /Volumes/Home/moohard/Kerjaan-Kepegawaian/apel-app/vendor/laravel/framework/src/Illuminate/Console/Command.php(211): Illuminate\\Container\\Container->call(Array)
#41 /Volumes/Home/moohard/Kerjaan-Kepegawaian/apel-app/vendor/symfony/console/Command/Command.php(341): Illuminate\\Console\\Command->execute(Object(Symfony\\Component\\Console\\Input\\StringInput), Object(Illuminate\\Console\\OutputStyle))
#42 /Volumes/Home/moohard/Kerjaan-Kepegawaian/apel-app/vendor/laravel/framework/src/Illuminate/Console/Command.php(180): Symfony\\Component\\Console\\Command\\Command->run(Object(Symfony\\Component\\Console\\Input\\StringInput), Object(Illuminate\\Console\\OutputStyle))
#43 /Volumes/Home/moohard/Kerjaan-Kepegawaian/apel-app/vendor/symfony/console/Application.php(1102): Illuminate\\Console\\Command->run(Object(Symfony\\Component\\Console\\Input\\StringInput), Object(Symfony\\Component\\Console\\Output\\BufferedOutput))
#44 /Volumes/Home/moohard/Kerjaan-Kepegawaian/apel-app/vendor/symfony/console/Application.php(356): Symfony\\Component\\Console\\Application->doRunCommand(Object(Laravel\\Mcp\\Console\\Commands\\StartCommand), Object(Symfony\\Component\\Console\\Input\\StringInput), Object(Symfony\\Component\\Console\\Output\\BufferedOutput))
#45 /Volumes/Home/moohard/Kerjaan-Kepegawaian/apel-app/vendor/symfony/console/Application.php(195): Symfony\\Component\\Console\\Application->doRun(Object(Symfony\\Component\\Console\\Input\\StringInput), Object(Symfony\\Component\\Console\\Output\\BufferedOutput))
#46 /Volumes/Home/moohard/Kerjaan-Kepegawaian/apel-app/vendor/laravel/framework/src/Illuminate/Console/Application.php(165): Symfony\\Component\\Console\\Application->run(Object(Symfony\\Component\\Console\\Input\\StringInput), Object(Symfony\\Component\\Console\\Output\\BufferedOutput))
#47 /Volumes/Home/moohard/Kerjaan-Kepegawaian/apel-app/vendor/laravel/framework/src/Illuminate/Foundation/Console/Kernel.php(447): Illuminate\\Console\\Application->call('mcp:start', Array, NULL)
#48 /Volumes/Home/moohard/Kerjaan-Kepegawaian/apel-app/vendor/laravel/framework/src/Illuminate/Support/Facades/Facade.php(363): Illuminate\\Foundation\\Console\\Kernel->call('mcp:start larav...')
#49 /Volumes/Home/moohard/Kerjaan-Kepegawaian/apel-app/vendor/laravel/boost/src/Console/StartCommand.php(16): Illuminate\\Support\\Facades\\Facade::__callStatic('call', Array)
#50 /Volumes/Home/moohard/Kerjaan-Kepegawaian/apel-app/vendor/laravel/framework/src/Illuminate/Container/BoundMethod.php(36): Laravel\\Boost\\Console\\StartCommand->handle()
#51 /Volumes/Home/moohard/Kerjaan-Kepegawaian/apel-app/vendor/laravel/framework/src/Illuminate/Container/Util.php(43): Illuminate\\Container\\BoundMethod::{closure:Illuminate\\Container\\BoundMethod::call():35}()
#52 /Volumes/Home/moohard/Kerjaan-Kepegawaian/apel-app/vendor/laravel/framework/src/Illuminate/Container/BoundMethod.php(96): Illuminate\\Container\\Util::unwrapIfClosure(Object(Closure))
#53 /Volumes/Home/moohard/Kerjaan-Kepegawaian/apel-app/vendor/laravel/framework/src/Illuminate/Container/BoundMethod.php(35): Illuminate\\Container\\BoundMethod::callBoundMethod(Object(Illuminate\\Foundation\\Application), Array, Object(Closure))
#54 /Volumes/Home/moohard/Kerjaan-Kepegawaian/apel-app/vendor/laravel/framework/src/Illuminate/Container/Container.php(799): Illuminate\\Container\\BoundMethod::call(Object(Illuminate\\Foundation\\Application), Array, Array, NULL)
#55 /Volumes/Home/moohard/Kerjaan-Kepegawaian/apel-app/vendor/laravel/framework/src/Illuminate/Console/Command.php(211): Illuminate\\Container\\Container->call(Array)
#56 /Volumes/Home/moohard/Kerjaan-Kepegawaian/apel-app/vendor/symfony/console/Command/Command.php(341): Illuminate\\Console\\Command->execute(Object(Symfony\\Component\\Console\\Input\\ArgvInput), Object(Illuminate\\Console\\OutputStyle))
#57 /Volumes/Home/moohard/Kerjaan-Kepegawaian/apel-app/vendor/laravel/framework/src/Illuminate/Console/Command.php(180): Symfony\\Component\\Console\\Command\\Command->run(Object(Symfony\\Component\\Console\\Input\\ArgvInput), Object(Illuminate\\Console\\OutputStyle))
#58 /Volumes/Home/moohard/Kerjaan-Kepegawaian/apel-app/vendor/symfony/console/Application.php(1102): Illuminate\\Console\\Command->run(Object(Symfony\\Component\\Console\\Input\\ArgvInput), Object(Symfony\\Component\\Console\\Output\\ConsoleOutput))
#59 /Volumes/Home/moohard/Kerjaan-Kepegawaian/apel-app/vendor/symfony/console/Application.php(356): Symfony\\Component\\Console\\Application->doRunCommand(Object(Laravel\\Boost\\Console\\StartCommand), Object(Symfony\\Component\\Console\\Input\\ArgvInput), Object(Symfony\\Component\\Console\\Output\\ConsoleOutput))
#60 /Volumes/Home/moohard/Kerjaan-Kepegawaian/apel-app/vendor/symfony/console/Application.php(195): Symfony\\Component\\Console\\Application->doRun(Object(Symfony\\Component\\Console\\Input\\ArgvInput), Object(Symfony\\Component\\Console\\Output\\ConsoleOutput))
#61 /Volumes/Home/moohard/Kerjaan-Kepegawaian/apel-app/vendor/laravel/framework/src/Illuminate/Foundation/Console/Kernel.php(198): Symfony\\Component\\Console\\Application->run(Object(Symfony\\Component\\Console\\Input\\ArgvInput), Object(Symfony\\Component\\Console\\Output\\ConsoleOutput))
#62 /Volumes/Home/moohard/Kerjaan-Kepegawaian/apel-app/vendor/laravel/framework/src/Illuminate/Foundation/Application.php(1235): Illuminate\\Foundation\\Console\\Kernel->handle(Object(Symfony\\Component\\Console\\Input\\ArgvInput), Object(Symfony\\Component\\Console\\Output\\ConsoleOutput))
#63 /Volumes/Home/moohard/Kerjaan-Kepegawaian/apel-app/artisan(16): Illuminate\\Foundation\\Application->handleCommand(Object(Symfony\\Component\\Console\\Input\\ArgvInput))
#64 {main}
"} 
[2026-01-12 00:15:37] local.ERROR: Class "Redis" not found {"exception":"[object] (Error(code: 0): Class \"Redis\" not found at /Volumes/Home/moohard/Kerjaan-Kepegawaian/apel-app/vendor/laravel/framework/src/Illuminate/Redis/Connectors/PhpRedisConnector.php:80)
[stacktrace]
#0 /Volumes/Home/moohard/Kerjaan-Kepegawaian/apel-app/vendor/laravel/framework/src/Illuminate/Redis/Connectors/PhpRedisConnector.php(34): Illuminate\\Redis\\Connectors\\PhpRedisConnector->createClient(Array)
#1 /Volumes/Home/moohard/Kerjaan-Kepegawaian/apel-app/vendor/laravel/framework/src/Illuminate/Redis/Connectors/PhpRedisConnector.php(39): Illuminate\\Redis\\Connectors\\PhpRedisConnector->{closure:Illuminate\\Redis\\Connectors\\PhpRedisConnector::connect():33}()
#2 /Volumes/Home/moohard/Kerjaan-Kepegawaian/apel-app/vendor/laravel/framework/src/Illuminate/Redis/RedisManager.php(111): Illuminate\\Redis\\Connectors\\PhpRedisConnector->connect(Array, Array)
#3 /Volumes/Home/moohard/Kerjaan-Kepegawaian/apel-app/vendor/laravel/framework/src/Illuminate/Redis/RedisManager.php(92): Illuminate\\Redis\\RedisManager->resolve('cache')
#4 /Volumes/Home/moohard/Kerjaan-Kepegawaian/apel-app/vendor/laravel/framework/src/Illuminate/Cache/RedisStore.php(368): Illuminate\\Redis\\RedisManager->connection('cache')
#5 /Volumes/Home/moohard/Kerjaan-Kepegawaian/apel-app/vendor/laravel/framework/src/Illuminate/Cache/RedisStore.php(71): Illuminate\\Cache\\RedisStore->connection()
#6 /Volumes/Home/moohard/Kerjaan-Kepegawaian/apel-app/vendor/laravel/framework/src/Illuminate/Cache/Repository.php(119): Illuminate\\Cache\\RedisStore->get('boost.roster.sc...')
#7 /Volumes/Home/moohard/Kerjaan-Kepegawaian/apel-app/vendor/laravel/framework/src/Illuminate/Cache/CacheManager.php(530): Illuminate\\Cache\\Repository->get('boost.roster.sc...')
#8 /Volumes/Home/moohard/Kerjaan-Kepegawaian/apel-app/vendor/laravel/boost/src/BoostServiceProvider.php(50): Illuminate\\Cache\\CacheManager->__call('get', Array)
#9 /Volumes/Home/moohard/Kerjaan-Kepegawaian/apel-app/vendor/laravel/framework/src/Illuminate/Container/Container.php(1115): Laravel\\Boost\\BoostServiceProvider->{closure:Laravel\\Boost\\BoostServiceProvider::register():37}(Object(Illuminate\\Foundation\\Application), Array)
#10 /Volumes/Home/moohard/Kerjaan-Kepegawaian/apel-app/vendor/laravel/framework/src/Illuminate/Container/Container.php(933): Illuminate\\Container\\Container->build(Object(Closure))
#11 /Volumes/Home/moohard/Kerjaan-Kepegawaian/apel-app/vendor/laravel/framework/src/Illuminate/Foundation/Application.php(1078): Illuminate\\Container\\Container->resolve('Laravel\\\\Roster\\\\...', Array, true)
#12 /Volumes/Home/moohard/Kerjaan-Kepegawaian/apel-app/vendor/laravel/framework/src/Illuminate/Container/Container.php(864): Illuminate\\Foundation\\Application->resolve('Laravel\\\\Roster\\\\...', Array)
#13 /Volumes/Home/moohard/Kerjaan-Kepegawaian/apel-app/vendor/laravel/framework/src/Illuminate/Foundation/Application.php(1058): Illuminate\\Container\\Container->make('Laravel\\\\Roster\\\\...', Array)
#14 /Volumes/Home/moohard/Kerjaan-Kepegawaian/apel-app/vendor/laravel/framework/src/Illuminate/Container/Container.php(1338): Illuminate\\Foundation\\Application->make('Laravel\\\\Roster\\\\...')
#15 /Volumes/Home/moohard/Kerjaan-Kepegawaian/apel-app/vendor/laravel/framework/src/Illuminate/Container/Container.php(1239): Illuminate\\Container\\Container->resolveClass(Object(ReflectionParameter))
#16 /Volumes/Home/moohard/Kerjaan-Kepegawaian/apel-app/vendor/laravel/framework/src/Illuminate/Container/Container.php(1162): Illuminate\\Container\\Container->resolveDependencies(Array)
#17 /Volumes/Home/moohard/Kerjaan-Kepegawaian/apel-app/vendor/laravel/framework/src/Illuminate/Container/Container.php(933): Illuminate\\Container\\Container->build('Laravel\\\\Boost\\\\M...')
#18 /Volumes/Home/moohard/Kerjaan-Kepegawaian/apel-app/vendor/laravel/framework/src/Illuminate/Foundation/Application.php(1078): Illuminate\\Container\\Container->resolve('Laravel\\\\Boost\\\\M...', Array, true)
#19 /Volumes/Home/moohard/Kerjaan-Kepegawaian/apel-app/vendor/laravel/framework/src/Illuminate/Container/Container.php(864): Illuminate\\Foundation\\Application->resolve('Laravel\\\\Boost\\\\M...', Array)
#20 /Volumes/Home/moohard/Kerjaan-Kepegawaian/apel-app/vendor/laravel/framework/src/Illuminate/Foundation/Application.php(1058): Illuminate\\Container\\Container->make('Laravel\\\\Boost\\\\M...', Array)
#21 /Volumes/Home/moohard/Kerjaan-Kepegawaian/apel-app/vendor/laravel/mcp/src/Server/ServerContext.php(100): Illuminate\\Foundation\\Application->make('Laravel\\\\Boost\\\\M...')
#22 [internal function]: Laravel\\Mcp\\Server\\ServerContext->{closure:Laravel\\Mcp\\Server\\ServerContext::resolvePrimitives():99}('Laravel\\\\Boost\\\\M...', 0)
#23 /Volumes/Home/moohard/Kerjaan-Kepegawaian/apel-app/vendor/laravel/framework/src/Illuminate/Collections/Arr.php(788): array_map(Object(Closure), Array, Array)
#24 /Volumes/Home/moohard/Kerjaan-Kepegawaian/apel-app/vendor/laravel/framework/src/Illuminate/Collections/Collection.php(819): Illuminate\\Support\\Arr::map(Array, Object(Closure))
#25 /Volumes/Home/moohard/Kerjaan-Kepegawaian/apel-app/vendor/laravel/mcp/src/Server/ServerContext.php(99): Illuminate\\Support\\Collection->map(Object(Closure))
#26 /Volumes/Home/moohard/Kerjaan-Kepegawaian/apel-app/vendor/laravel/mcp/src/Server/ServerContext.php(43): Laravel\\Mcp\\Server\\ServerContext->resolvePrimitives(Object(Illuminate\\Support\\Collection))
#27 /Volumes/Home/moohard/Kerjaan-Kepegawaian/apel-app/vendor/laravel/mcp/src/Server/Methods/ListTools.php(18): Laravel\\Mcp\\Server\\ServerContext->tools()
#28 /Volumes/Home/moohard/Kerjaan-Kepegawaian/apel-app/vendor/laravel/mcp/src/Server.php(276): Laravel\\Mcp\\Server\\Methods\\ListTools->handle(Object(Laravel\\Mcp\\Server\\Transport\\JsonRpcRequest), Object(Laravel\\Mcp\\Server\\ServerContext))
#29 /Volumes/Home/moohard/Kerjaan-Kepegawaian/apel-app/vendor/laravel/mcp/src/Server.php(244): Laravel\\Mcp\\Server->runMethodHandle(Object(Laravel\\Mcp\\Server\\Transport\\JsonRpcRequest), Object(Laravel\\Mcp\\Server\\ServerContext))
#30 /Volumes/Home/moohard/Kerjaan-Kepegawaian/apel-app/vendor/laravel/mcp/src/Server.php(201): Laravel\\Mcp\\Server->handleMessage(Object(Laravel\\Mcp\\Server\\Transport\\JsonRpcRequest), Object(Laravel\\Mcp\\Server\\ServerContext))
#31 /Volumes/Home/moohard/Kerjaan-Kepegawaian/apel-app/vendor/laravel/mcp/src/Server/Transport/StdioTransport.php(44): Laravel\\Mcp\\Server->handle('{\"jsonrpc\":\"2.0...')
#32 /Volumes/Home/moohard/Kerjaan-Kepegawaian/apel-app/vendor/laravel/mcp/src/Server/Registrar.php(141): Laravel\\Mcp\\Server\\Transport\\StdioTransport->run()
#33 /Volumes/Home/moohard/Kerjaan-Kepegawaian/apel-app/vendor/laravel/mcp/src/Server/Registrar.php(59): Laravel\\Mcp\\Server\\Registrar::startServer('Laravel\\\\Boost\\\\M...', Object(Closure))
#34 /Volumes/Home/moohard/Kerjaan-Kepegawaian/apel-app/vendor/laravel/mcp/src/Console/Commands/StartCommand.php(32): Laravel\\Mcp\\Server\\Registrar->{closure:Laravel\\Mcp\\Server\\Registrar::local():59}()
#35 /Volumes/Home/moohard/Kerjaan-Kepegawaian/apel-app/vendor/laravel/framework/src/Illuminate/Container/BoundMethod.php(36): Laravel\\Mcp\\Console\\Commands\\StartCommand->handle(Object(Laravel\\Mcp\\Server\\Registrar))
#36 /Volumes/Home/moohard/Kerjaan-Kepegawaian/apel-app/vendor/laravel/framework/src/Illuminate/Container/Util.php(43): Illuminate\\Container\\BoundMethod::{closure:Illuminate\\Container\\BoundMethod::call():35}()
#37 /Volumes/Home/moohard/Kerjaan-Kepegawaian/apel-app/vendor/laravel/framework/src/Illuminate/Container/BoundMethod.php(96): Illuminate\\Container\\Util::unwrapIfClosure(Object(Closure))
#38 /Volumes/Home/moohard/Kerjaan-Kepegawaian/apel-app/vendor/laravel/framework/src/Illuminate/Container/BoundMethod.php(35): Illuminate\\Container\\BoundMethod::callBoundMethod(Object(Illuminate\\Foundation\\Application), Array, Object(Closure))
#39 /Volumes/Home/moohard/Kerjaan-Kepegawaian/apel-app/vendor/laravel/framework/src/Illuminate/Container/Container.php(799): Illuminate\\Container\\BoundMethod::call(Object(Illuminate\\Foundation\\Application), Array, Array, NULL)
#40 /Volumes/Home/moohard/Kerjaan-Kepegawaian/apel-app/vendor/laravel/framework/src/Illuminate/Console/Command.php(211): Illuminate\\Container\\Container->call(Array)
#41 /Volumes/Home/moohard/Kerjaan-Kepegawaian/apel-app/vendor/symfony/console/Command/Command.php(341): Illuminate\\Console\\Command->execute(Object(Symfony\\Component\\Console\\Input\\StringInput), Object(Illuminate\\Console\\OutputStyle))
#42 /Volumes/Home/moohard/Kerjaan-Kepegawaian/apel-app/vendor/laravel/framework/src/Illuminate/Console/Command.php(180): Symfony\\Component\\Console\\Command\\Command->run(Object(Symfony\\Component\\Console\\Input\\StringInput), Object(Illuminate\\Console\\OutputStyle))
#43 /Volumes/Home/moohard/Kerjaan-Kepegawaian/apel-app/vendor/symfony/console/Application.php(1102): Illuminate\\Console\\Command->run(Object(Symfony\\Component\\Console\\Input\\StringInput), Object(Symfony\\Component\\Console\\Output\\BufferedOutput))
#44 /Volumes/Home/moohard/Kerjaan-Kepegawaian/apel-app/vendor/symfony/console/Application.php(356): Symfony\\Component\\Console\\Application->doRunCommand(Object(Laravel\\Mcp\\Console\\Commands\\StartCommand), Object(Symfony\\Component\\Console\\Input\\StringInput), Object(Symfony\\Component\\Console\\Output\\BufferedOutput))
#45 /Volumes/Home/moohard/Kerjaan-Kepegawaian/apel-app/vendor/symfony/console/Application.php(195): Symfony\\Component\\Console\\Application->doRun(Object(Symfony\\Component\\Console\\Input\\StringInput), Object(Symfony\\Component\\Console\\Output\\BufferedOutput))
#46 /Volumes/Home/moohard/Kerjaan-Kepegawaian/apel-app/vendor/laravel/framework/src/Illuminate/Console/Application.php(165): Symfony\\Component\\Console\\Application->run(Object(Symfony\\Component\\Console\\Input\\StringInput), Object(Symfony\\Component\\Console\\Output\\BufferedOutput))
#47 /Volumes/Home/moohard/Kerjaan-Kepegawaian/apel-app/vendor/laravel/framework/src/Illuminate/Foundation/Console/Kernel.php(447): Illuminate\\Console\\Application->call('mcp:start', Array, NULL)
#48 /Volumes/Home/moohard/Kerjaan-Kepegawaian/apel-app/vendor/laravel/framework/src/Illuminate/Support/Facades/Facade.php(363): Illuminate\\Foundation\\Console\\Kernel->call('mcp:start larav...')
#49 /Volumes/Home/moohard/Kerjaan-Kepegawaian/apel-app/vendor/laravel/boost/src/Console/StartCommand.php(16): Illuminate\\Support\\Facades\\Facade::__callStatic('call', Array)
#50 /Volumes/Home/moohard/Kerjaan-Kepegawaian/apel-app/vendor/laravel/framework/src/Illuminate/Container/BoundMethod.php(36): Laravel\\Boost\\Console\\StartCommand->handle()
#51 /Volumes/Home/moohard/Kerjaan-Kepegawaian/apel-app/vendor/laravel/framework/src/Illuminate/Container/Util.php(43): Illuminate\\Container\\BoundMethod::{closure:Illuminate\\Container\\BoundMethod::call():35}()
#52 /Volumes/Home/moohard/Kerjaan-Kepegawaian/apel-app/vendor/laravel/framework/src/Illuminate/Container/BoundMethod.php(96): Illuminate\\Container\\Util::unwrapIfClosure(Object(Closure))
#53 /Volumes/Home/moohard/Kerjaan-Kepegawaian/apel-app/vendor/laravel/framework/src/Illuminate/Container/BoundMethod.php(35): Illuminate\\Container\\BoundMethod::callBoundMethod(Object(Illuminate\\Foundation\\Application), Array, Object(Closure))
#54 /Volumes/Home/moohard/Kerjaan-Kepegawaian/apel-app/vendor/laravel/framework/src/Illuminate/Container/Container.php(799): Illuminate\\Container\\BoundMethod::call(Object(Illuminate\\Foundation\\Application), Array, Array, NULL)
#55 /Volumes/Home/moohard/Kerjaan-Kepegawaian/apel-app/vendor/laravel/framework/src/Illuminate/Console/Command.php(211): Illuminate\\Container\\Container->call(Array)
#56 /Volumes/Home/moohard/Kerjaan-Kepegawaian/apel-app/vendor/symfony/console/Command/Command.php(341): Illuminate\\Console\\Command->execute(Object(Symfony\\Component\\Console\\Input\\ArgvInput), Object(Illuminate\\Console\\OutputStyle))
#57 /Volumes/Home/moohard/Kerjaan-Kepegawaian/apel-app/vendor/laravel/framework/src/Illuminate/Console/Command.php(180): Symfony\\Component\\Console\\Command\\Command->run(Object(Symfony\\Component\\Console\\Input\\ArgvInput), Object(Illuminate\\Console\\OutputStyle))
#58 /Volumes/Home/moohard/Kerjaan-Kepegawaian/apel-app/vendor/symfony/console/Application.php(1102): Illuminate\\Console\\Command->run(Object(Symfony\\Component\\Console\\Input\\ArgvInput), Object(Symfony\\Component\\Console\\Output\\ConsoleOutput))
#59 /Volumes/Home/moohard/Kerjaan-Kepegawaian/apel-app/vendor/symfony/console/Application.php(356): Symfony\\Component\\Console\\Application->doRunCommand(Object(Laravel\\Boost\\Console\\StartCommand), Object(Symfony\\Component\\Console\\Input\\ArgvInput), Object(Symfony\\Component\\Console\\Output\\ConsoleOutput))
#60 /Volumes/Home/moohard/Kerjaan-Kepegawaian/apel-app/vendor/symfony/console/Application.php(195): Symfony\\Component\\Console\\Application->doRun(Object(Symfony\\Component\\Console\\Input\\ArgvInput), Object(Symfony\\Component\\Console\\Output\\ConsoleOutput))
#61 /Volumes/Home/moohard/Kerjaan-Kepegawaian/apel-app/vendor/laravel/framework/src/Illuminate/Foundation/Console/Kernel.php(198): Symfony\\Component\\Console\\Application->run(Object(Symfony\\Component\\Console\\Input\\ArgvInput), Object(Symfony\\Component\\Console\\Output\\ConsoleOutput))
#62 /Volumes/Home/moohard/Kerjaan-Kepegawaian/apel-app/vendor/laravel/framework/src/Illuminate/Foundation/Application.php(1235): Illuminate\\Foundation\\Console\\Kernel->handle(Object(Symfony\\Component\\Console\\Input\\ArgvInput), Object(Symfony\\Component\\Console\\Output\\ConsoleOutput))
#63 /Volumes/Home/moohard/Kerjaan-Kepegawaian/apel-app/artisan(16): Illuminate\\Foundation\\Application->handleCommand(Object(Symfony\\Component\\Console\\Input\\ArgvInput))
#64 {main}
"} 
[2026-01-12 00:15:37] local.ERROR: Class "Redis" not found {"exception":"[object] (Error(code: 0): Class \"Redis\" not found at /Volumes/Home/moohard/Kerjaan-Kepegawaian/apel-app/vendor/laravel/framework/src/Illuminate/Redis/Connectors/PhpRedisConnector.php:80)
[stacktrace]
#0 /Volumes/Home/moohard/Kerjaan-Kepegawaian/apel-app/vendor/laravel/framework/src/Illuminate/Redis/Connectors/PhpRedisConnector.php(34): Illuminate\\Redis\\Connectors\\PhpRedisConnector->createClient(Array)
#1 /Volumes/Home/moohard/Kerjaan-Kepegawaian/apel-app/vendor/laravel/framework/src/Illuminate/Redis/Connectors/PhpRedisConnector.php(39): Illuminate\\Redis\\Connectors\\PhpRedisConnector->{closure:Illuminate\\Redis\\Connectors\\PhpRedisConnector::connect():33}()
#2 /Volumes/Home/moohard/Kerjaan-Kepegawaian/apel-app/vendor/laravel/framework/src/Illuminate/Redis/RedisManager.php(111): Illuminate\\Redis\\Connectors\\PhpRedisConnector->connect(Array, Array)
#3 /Volumes/Home/moohard/Kerjaan-Kepegawaian/apel-app/vendor/laravel/framework/src/Illuminate/Redis/RedisManager.php(92): Illuminate\\Redis\\RedisManager->resolve('cache')
#4 /Volumes/Home/moohard/Kerjaan-Kepegawaian/apel-app/vendor/laravel/framework/src/Illuminate/Cache/RedisStore.php(368): Illuminate\\Redis\\RedisManager->connection('cache')
#5 /Volumes/Home/moohard/Kerjaan-Kepegawaian/apel-app/vendor/laravel/framework/src/Illuminate/Cache/RedisStore.php(71): Illuminate\\Cache\\RedisStore->connection()
#6 /Volumes/Home/moohard/Kerjaan-Kepegawaian/apel-app/vendor/laravel/framework/src/Illuminate/Cache/Repository.php(119): Illuminate\\Cache\\RedisStore->get('boost.roster.sc...')
#7 /Volumes/Home/moohard/Kerjaan-Kepegawaian/apel-app/vendor/laravel/framework/src/Illuminate/Cache/CacheManager.php(530): Illuminate\\Cache\\Repository->get('boost.roster.sc...')
#8 /Volumes/Home/moohard/Kerjaan-Kepegawaian/apel-app/vendor/laravel/boost/src/BoostServiceProvider.php(50): Illuminate\\Cache\\CacheManager->__call('get', Array)
#9 /Volumes/Home/moohard/Kerjaan-Kepegawaian/apel-app/vendor/laravel/framework/src/Illuminate/Container/Container.php(1115): Laravel\\Boost\\BoostServiceProvider->{closure:Laravel\\Boost\\BoostServiceProvider::register():37}(Object(Illuminate\\Foundation\\Application), Array)
#10 /Volumes/Home/moohard/Kerjaan-Kepegawaian/apel-app/vendor/laravel/framework/src/Illuminate/Container/Container.php(933): Illuminate\\Container\\Container->build(Object(Closure))
#11 /Volumes/Home/moohard/Kerjaan-Kepegawaian/apel-app/vendor/laravel/framework/src/Illuminate/Foundation/Application.php(1078): Illuminate\\Container\\Container->resolve('Laravel\\\\Roster\\\\...', Array, true)
#12 /Volumes/Home/moohard/Kerjaan-Kepegawaian/apel-app/vendor/laravel/framework/src/Illuminate/Container/Container.php(864): Illuminate\\Foundation\\Application->resolve('Laravel\\\\Roster\\\\...', Array)
#13 /Volumes/Home/moohard/Kerjaan-Kepegawaian/apel-app/vendor/laravel/framework/src/Illuminate/Foundation/Application.php(1058): Illuminate\\Container\\Container->make('Laravel\\\\Roster\\\\...', Array)
#14 /Volumes/Home/moohard/Kerjaan-Kepegawaian/apel-app/vendor/laravel/framework/src/Illuminate/Container/Container.php(1338): Illuminate\\Foundation\\Application->make('Laravel\\\\Roster\\\\...')
#15 /Volumes/Home/moohard/Kerjaan-Kepegawaian/apel-app/vendor/laravel/framework/src/Illuminate/Container/Container.php(1239): Illuminate\\Container\\Container->resolveClass(Object(ReflectionParameter))
#16 /Volumes/Home/moohard/Kerjaan-Kepegawaian/apel-app/vendor/laravel/framework/src/Illuminate/Container/Container.php(1162): Illuminate\\Container\\Container->resolveDependencies(Array)
#17 /Volumes/Home/moohard/Kerjaan-Kepegawaian/apel-app/vendor/laravel/framework/src/Illuminate/Container/Container.php(933): Illuminate\\Container\\Container->build('Laravel\\\\Boost\\\\M...')
#18 /Volumes/Home/moohard/Kerjaan-Kepegawaian/apel-app/vendor/laravel/framework/src/Illuminate/Foundation/Application.php(1078): Illuminate\\Container\\Container->resolve('Laravel\\\\Boost\\\\M...', Array, true)
#19 /Volumes/Home/moohard/Kerjaan-Kepegawaian/apel-app/vendor/laravel/framework/src/Illuminate/Container/Container.php(864): Illuminate\\Foundation\\Application->resolve('Laravel\\\\Boost\\\\M...', Array)
#20 /Volumes/Home/moohard/Kerjaan-Kepegawaian/apel-app/vendor/laravel/framework/src/Illuminate/Foundation/Application.php(1058): Illuminate\\Container\\Container->make('Laravel\\\\Boost\\\\M...', Array)
#21 /Volumes/Home/moohard/Kerjaan-Kepegawaian/apel-app/vendor/laravel/mcp/src/Server/ServerContext.php(100): Illuminate\\Foundation\\Application->make('Laravel\\\\Boost\\\\M...')
#22 [internal function]: Laravel\\Mcp\\Server\\ServerContext->{closure:Laravel\\Mcp\\Server\\ServerContext::resolvePrimitives():99}('Laravel\\\\Boost\\\\M...', 0)
#23 /Volumes/Home/moohard/Kerjaan-Kepegawaian/apel-app/vendor/laravel/framework/src/Illuminate/Collections/Arr.php(788): array_map(Object(Closure), Array, Array)
#24 /Volumes/Home/moohard/Kerjaan-Kepegawaian/apel-app/vendor/laravel/framework/src/Illuminate/Collections/Collection.php(819): Illuminate\\Support\\Arr::map(Array, Object(Closure))
#25 /Volumes/Home/moohard/Kerjaan-Kepegawaian/apel-app/vendor/laravel/mcp/src/Server/ServerContext.php(99): Illuminate\\Support\\Collection->map(Object(Closure))
#26 /Volumes/Home/moohard/Kerjaan-Kepegawaian/apel-app/vendor/laravel/mcp/src/Server/ServerContext.php(43): Laravel\\Mcp\\Server\\ServerContext->resolvePrimitives(Object(Illuminate\\Support\\Collection))
#27 /Volumes/Home/moohard/Kerjaan-Kepegawaian/apel-app/vendor/laravel/mcp/src/Server/Methods/ListTools.php(18): Laravel\\Mcp\\Server\\ServerContext->tools()
#28 /Volumes/Home/moohard/Kerjaan-Kepegawaian/apel-app/vendor/laravel/mcp/src/Server.php(276): Laravel\\Mcp\\Server\\Methods\\ListTools->handle(Object(Laravel\\Mcp\\Server\\Transport\\JsonRpcRequest), Object(Laravel\\Mcp\\Server\\ServerContext))
#29 /Volumes/Home/moohard/Kerjaan-Kepegawaian/apel-app/vendor/laravel/mcp/src/Server.php(244): Laravel\\Mcp\\Server->runMethodHandle(Object(Laravel\\Mcp\\Server\\Transport\\JsonRpcRequest), Object(Laravel\\Mcp\\Server\\ServerContext))
#30 /Volumes/Home/moohard/Kerjaan-Kepegawaian/apel-app/vendor/laravel/mcp/src/Server.php(201): Laravel\\Mcp\\Server->handleMessage(Object(Laravel\\Mcp\\Server\\Transport\\JsonRpcRequest), Object(Laravel\\Mcp\\Server\\ServerContext))
#31 /Volumes/Home/moohard/Kerjaan-Kepegawaian/apel-app/vendor/laravel/mcp/src/Server/Transport/StdioTransport.php(44): Laravel\\Mcp\\Server->handle('{\"jsonrpc\":\"2.0...')
#32 /Volumes/Home/moohard/Kerjaan-Kepegawaian/apel-app/vendor/laravel/mcp/src/Server/Registrar.php(141): Laravel\\Mcp\\Server\\Transport\\StdioTransport->run()
#33 /Volumes/Home/moohard/Kerjaan-Kepegawaian/apel-app/vendor/laravel/mcp/src/Server/Registrar.php(59): Laravel\\Mcp\\Server\\Registrar::startServer('Laravel\\\\Boost\\\\M...', Object(Closure))
#34 /Volumes/Home/moohard/Kerjaan-Kepegawaian/apel-app/vendor/laravel/mcp/src/Console/Commands/StartCommand.php(32): Laravel\\Mcp\\Server\\Registrar->{closure:Laravel\\Mcp\\Server\\Registrar::local():59}()
#35 /Volumes/Home/moohard/Kerjaan-Kepegawaian/apel-app/vendor/laravel/framework/src/Illuminate/Container/BoundMethod.php(36): Laravel\\Mcp\\Console\\Commands\\StartCommand->handle(Object(Laravel\\Mcp\\Server\\Registrar))
#36 /Volumes/Home/moohard/Kerjaan-Kepegawaian/apel-app/vendor/laravel/framework/src/Illuminate/Container/Util.php(43): Illuminate\\Container\\BoundMethod::{closure:Illuminate\\Container\\BoundMethod::call():35}()
#37 /Volumes/Home/moohard/Kerjaan-Kepegawaian/apel-app/vendor/laravel/framework/src/Illuminate/Container/BoundMethod.php(96): Illuminate\\Container\\Util::unwrapIfClosure(Object(Closure))
#38 /Volumes/Home/moohard/Kerjaan-Kepegawaian/apel-app/vendor/laravel/framework/src/Illuminate/Container/BoundMethod.php(35): Illuminate\\Container\\BoundMethod::callBoundMethod(Object(Illuminate\\Foundation\\Application), Array, Object(Closure))
#39 /Volumes/Home/moohard/Kerjaan-Kepegawaian/apel-app/vendor/laravel/framework/src/Illuminate/Container/Container.php(799): Illuminate\\Container\\BoundMethod::call(Object(Illuminate\\Foundation\\Application), Array, Array, NULL)
#40 /Volumes/Home/moohard/Kerjaan-Kepegawaian/apel-app/vendor/laravel/framework/src/Illuminate/Console/Command.php(211): Illuminate\\Container\\Container->call(Array)
#41 /Volumes/Home/moohard/Kerjaan-Kepegawaian/apel-app/vendor/symfony/console/Command/Command.php(341): Illuminate\\Console\\Command->execute(Object(Symfony\\Component\\Console\\Input\\StringInput), Object(Illuminate\\Console\\OutputStyle))
#42 /Volumes/Home/moohard/Kerjaan-Kepegawaian/apel-app/vendor/laravel/framework/src/Illuminate/Console/Command.php(180): Symfony\\Component\\Console\\Command\\Command->run(Object(Symfony\\Component\\Console\\Input\\StringInput), Object(Illuminate\\Console\\OutputStyle))
#43 /Volumes/Home/moohard/Kerjaan-Kepegawaian/apel-app/vendor/symfony/console/Application.php(1102): Illuminate\\Console\\Command->run(Object(Symfony\\Component\\Console\\Input\\StringInput), Object(Symfony\\Component\\Console\\Output\\BufferedOutput))
#44 /Volumes/Home/moohard/Kerjaan-Kepegawaian/apel-app/vendor/symfony/console/Application.php(356): Symfony\\Component\\Console\\Application->doRunCommand(Object(Laravel\\Mcp\\Console\\Commands\\StartCommand), Object(Symfony\\Component\\Console\\Input\\StringInput), Object(Symfony\\Component\\Console\\Output\\BufferedOutput))
#45 /Volumes/Home/moohard/Kerjaan-Kepegawaian/apel-app/vendor/symfony/console/Application.php(195): Symfony\\Component\\Console\\Application->doRun(Object(Symfony\\Component\\Console\\Input\\StringInput), Object(Symfony\\Component\\Console\\Output\\BufferedOutput))
#46 /Volumes/Home/moohard/Kerjaan-Kepegawaian/apel-app/vendor/laravel/framework/src/Illuminate/Console/Application.php(165): Symfony\\Component\\Console\\Application->run(Object(Symfony\\Component\\Console\\Input\\StringInput), Object(Symfony\\Component\\Console\\Output\\BufferedOutput))
#47 /Volumes/Home/moohard/Kerjaan-Kepegawaian/apel-app/vendor/laravel/framework/src/Illuminate/Foundation/Console/Kernel.php(447): Illuminate\\Console\\Application->call('mcp:start', Array, NULL)
#48 /Volumes/Home/moohard/Kerjaan-Kepegawaian/apel-app/vendor/laravel/framework/src/Illuminate/Support/Facades/Facade.php(363): Illuminate\\Foundation\\Console\\Kernel->call('mcp:start larav...')
#49 /Volumes/Home/moohard/Kerjaan-Kepegawaian/apel-app/vendor/laravel/boost/src/Console/StartCommand.php(16): Illuminate\\Support\\Facades\\Facade::__callStatic('call', Array)
#50 /Volumes/Home/moohard/Kerjaan-Kepegawaian/apel-app/vendor/laravel/framework/src/Illuminate/Container/BoundMethod.php(36): Laravel\\Boost\\Console\\StartCommand->handle()
#51 /Volumes/Home/moohard/Kerjaan-Kepegawaian/apel-app/vendor/laravel/framework/src/Illuminate/Container/Util.php(43): Illuminate\\Container\\BoundMethod::{closure:Illuminate\\Container\\BoundMethod::call():35}()
#52 /Volumes/Home/moohard/Kerjaan-Kepegawaian/apel-app/vendor/laravel/framework/src/Illuminate/Container/BoundMethod.php(96): Illuminate\\Container\\Util::unwrapIfClosure(Object(Closure))
#53 /Volumes/Home/moohard/Kerjaan-Kepegawaian/apel-app/vendor/laravel/framework/src/Illuminate/Container/BoundMethod.php(35): Illuminate\\Container\\BoundMethod::callBoundMethod(Object(Illuminate\\Foundation\\Application), Array, Object(Closure))
#54 /Volumes/Home/moohard/Kerjaan-Kepegawaian/apel-app/vendor/laravel/framework/src/Illuminate/Container/Container.php(799): Illuminate\\Container\\BoundMethod::call(Object(Illuminate\\Foundation\\Application), Array, Array, NULL)
#55 /Volumes/Home/moohard/Kerjaan-Kepegawaian/apel-app/vendor/laravel/framework/src/Illuminate/Console/Command.php(211): Illuminate\\Container\\Container->call(Array)
#56 /Volumes/Home/moohard/Kerjaan-Kepegawaian/apel-app/vendor/symfony/console/Command/Command.php(341): Illuminate\\Console\\Command->execute(Object(Symfony\\Component\\Console\\Input\\ArgvInput), Object(Illuminate\\Console\\OutputStyle))
#57 /Volumes/Home/moohard/Kerjaan-Kepegawaian/apel-app/vendor/laravel/framework/src/Illuminate/Console/Command.php(180): Symfony\\Component\\Console\\Command\\Command->run(Object(Symfony\\Component\\Console\\Input\\ArgvInput), Object(Illuminate\\Console\\OutputStyle))
#58 /Volumes/Home/moohard/Kerjaan-Kepegawaian/apel-app/vendor/symfony/console/Application.php(1102): Illuminate\\Console\\Command->run(Object(Symfony\\Component\\Console\\Input\\ArgvInput), Object(Symfony\\Component\\Console\\Output\\ConsoleOutput))
#59 /Volumes/Home/moohard/Kerjaan-Kepegawaian/apel-app/vendor/symfony/console/Application.php(356): Symfony\\Component\\Console\\Application->doRunCommand(Object(Laravel\\Boost\\Console\\StartCommand), Object(Symfony\\Component\\Console\\Input\\ArgvInput), Object(Symfony\\Component\\Console\\Output\\ConsoleOutput))
#60 /Volumes/Home/moohard/Kerjaan-Kepegawaian/apel-app/vendor/symfony/console/Application.php(195): Symfony\\Component\\Console\\Application->doRun(Object(Symfony\\Component\\Console\\Input\\ArgvInput), Object(Symfony\\Component\\Console\\Output\\ConsoleOutput))
#61 /Volumes/Home/moohard/Kerjaan-Kepegawaian/apel-app/vendor/laravel/framework/src/Illuminate/Foundation/Console/Kernel.php(198): Symfony\\Component\\Console\\Application->run(Object(Symfony\\Component\\Console\\Input\\ArgvInput), Object(Symfony\\Component\\Console\\Output\\ConsoleOutput))
#62 /Volumes/Home/moohard/Kerjaan-Kepegawaian/apel-app/vendor/laravel/framework/src/Illuminate/Foundation/Application.php(1235): Illuminate\\Foundation\\Console\\Kernel->handle(Object(Symfony\\Component\\Console\\Input\\ArgvInput), Object(Symfony\\Component\\Console\\Output\\ConsoleOutput))
#63 /Volumes/Home/moohard/Kerjaan-Kepegawaian/apel-app/artisan(16): Illuminate\\Foundation\\Application->handleCommand(Object(Symfony\\Component\\Console\\Input\\ArgvInput))
#64 {main}
"} 
[2026-01-12 00:16:27] local.ERROR: Class "Redis" not found {"exception":"[object] (Error(code: 0): Class \"Redis\" not found at /Volumes/Home/moohard/Kerjaan-Kepegawaian/apel-app/vendor/laravel/framework/src/Illuminate/Redis/Connectors/PhpRedisConnector.php:80)
[stacktrace]
#0 /Volumes/Home/moohard/Kerjaan-Kepegawaian/apel-app/vendor/laravel/framework/src/Illuminate/Redis/Connectors/PhpRedisConnector.php(34): Illuminate\\Redis\\Connectors\\PhpRedisConnector->createClient(Array)
#1 /Volumes/Home/moohard/Kerjaan-Kepegawaian/apel-app/vendor/laravel/framework/src/Illuminate/Redis/Connectors/PhpRedisConnector.php(39): Illuminate\\Redis\\Connectors\\PhpRedisConnector->{closure:Illuminate\\Redis\\Connectors\\PhpRedisConnector::connect():33}()
#2 /Volumes/Home/moohard/Kerjaan-Kepegawaian/apel-app/vendor/laravel/framework/src/Illuminate/Redis/RedisManager.php(111): Illuminate\\Redis\\Connectors\\PhpRedisConnector->connect(Array, Array)
#3 /Volumes/Home/moohard/Kerjaan-Kepegawaian/apel-app/vendor/laravel/framework/src/Illuminate/Redis/RedisManager.php(92): Illuminate\\Redis\\RedisManager->resolve('cache')
#4 /Volumes/Home/moohard/Kerjaan-Kepegawaian/apel-app/vendor/laravel/framework/src/Illuminate/Cache/RedisStore.php(368): Illuminate\\Redis\\RedisManager->connection('cache')
#5 /Volumes/Home/moohard/Kerjaan-Kepegawaian/apel-app/vendor/laravel/framework/src/Illuminate/Cache/RedisStore.php(71): Illuminate\\Cache\\RedisStore->connection()
#6 /Volumes/Home/moohard/Kerjaan-Kepegawaian/apel-app/vendor/laravel/framework/src/Illuminate/Cache/Repository.php(119): Illuminate\\Cache\\RedisStore->get('boost.roster.sc...')
#7 /Volumes/Home/moohard/Kerjaan-Kepegawaian/apel-app/vendor/laravel/framework/src/Illuminate/Cache/CacheManager.php(530): Illuminate\\Cache\\Repository->get('boost.roster.sc...')
#8 /Volumes/Home/moohard/Kerjaan-Kepegawaian/apel-app/vendor/laravel/boost/src/BoostServiceProvider.php(50): Illuminate\\Cache\\CacheManager->__call('get', Array)
#9 /Volumes/Home/moohard/Kerjaan-Kepegawaian/apel-app/vendor/laravel/framework/src/Illuminate/Container/Container.php(1115): Laravel\\Boost\\BoostServiceProvider->{closure:Laravel\\Boost\\BoostServiceProvider::register():37}(Object(Illuminate\\Foundation\\Application), Array)
#10 /Volumes/Home/moohard/Kerjaan-Kepegawaian/apel-app/vendor/laravel/framework/src/Illuminate/Container/Container.php(933): Illuminate\\Container\\Container->build(Object(Closure))
#11 /Volumes/Home/moohard/Kerjaan-Kepegawaian/apel-app/vendor/laravel/framework/src/Illuminate/Foundation/Application.php(1078): Illuminate\\Container\\Container->resolve('Laravel\\\\Roster\\\\...', Array, true)
#12 /Volumes/Home/moohard/Kerjaan-Kepegawaian/apel-app/vendor/laravel/framework/src/Illuminate/Container/Container.php(864): Illuminate\\Foundation\\Application->resolve('Laravel\\\\Roster\\\\...', Array)
#13 /Volumes/Home/moohard/Kerjaan-Kepegawaian/apel-app/vendor/laravel/framework/src/Illuminate/Foundation/Application.php(1058): Illuminate\\Container\\Container->make('Laravel\\\\Roster\\\\...', Array)
#14 /Volumes/Home/moohard/Kerjaan-Kepegawaian/apel-app/vendor/laravel/framework/src/Illuminate/Container/Container.php(1338): Illuminate\\Foundation\\Application->make('Laravel\\\\Roster\\\\...')
#15 /Volumes/Home/moohard/Kerjaan-Kepegawaian/apel-app/vendor/laravel/framework/src/Illuminate/Container/Container.php(1239): Illuminate\\Container\\Container->resolveClass(Object(ReflectionParameter))
#16 /Volumes/Home/moohard/Kerjaan-Kepegawaian/apel-app/vendor/laravel/framework/src/Illuminate/Container/Container.php(1162): Illuminate\\Container\\Container->resolveDependencies(Array)
#17 /Volumes/Home/moohard/Kerjaan-Kepegawaian/apel-app/vendor/laravel/framework/src/Illuminate/Container/Container.php(933): Illuminate\\Container\\Container->build('Laravel\\\\Boost\\\\M...')
#18 /Volumes/Home/moohard/Kerjaan-Kepegawaian/apel-app/vendor/laravel/framework/src/Illuminate/Foundation/Application.php(1078): Illuminate\\Container\\Container->resolve('Laravel\\\\Boost\\\\M...', Array, true)
#19 /Volumes/Home/moohard/Kerjaan-Kepegawaian/apel-app/vendor/laravel/framework/src/Illuminate/Container/Container.php(864): Illuminate\\Foundation\\Application->resolve('Laravel\\\\Boost\\\\M...', Array)
#20 /Volumes/Home/moohard/Kerjaan-Kepegawaian/apel-app/vendor/laravel/framework/src/Illuminate/Foundation/Application.php(1058): Illuminate\\Container\\Container->make('Laravel\\\\Boost\\\\M...', Array)
#21 /Volumes/Home/moohard/Kerjaan-Kepegawaian/apel-app/vendor/laravel/mcp/src/Server/ServerContext.php(100): Illuminate\\Foundation\\Application->make('Laravel\\\\Boost\\\\M...')
#22 [internal function]: Laravel\\Mcp\\Server\\ServerContext->{closure:Laravel\\Mcp\\Server\\ServerContext::resolvePrimitives():99}('Laravel\\\\Boost\\\\M...', 0)
#23 /Volumes/Home/moohard/Kerjaan-Kepegawaian/apel-app/vendor/laravel/framework/src/Illuminate/Collections/Arr.php(788): array_map(Object(Closure), Array, Array)
#24 /Volumes/Home/moohard/Kerjaan-Kepegawaian/apel-app/vendor/laravel/framework/src/Illuminate/Collections/Collection.php(819): Illuminate\\Support\\Arr::map(Array, Object(Closure))
#25 /Volumes/Home/moohard/Kerjaan-Kepegawaian/apel-app/vendor/laravel/mcp/src/Server/ServerContext.php(99): Illuminate\\Support\\Collection->map(Object(Closure))
#26 /Volumes/Home/moohard/Kerjaan-Kepegawaian/apel-app/vendor/laravel/mcp/src/Server/ServerContext.php(43): Laravel\\Mcp\\Server\\ServerContext->resolvePrimitives(Object(Illuminate\\Support\\Collection))
#27 /Volumes/Home/moohard/Kerjaan-Kepegawaian/apel-app/vendor/laravel/mcp/src/Server/Methods/ListTools.php(18): Laravel\\Mcp\\Server\\ServerContext->tools()
#28 /Volumes/Home/moohard/Kerjaan-Kepegawaian/apel-app/vendor/laravel/mcp/src/Server.php(276): Laravel\\Mcp\\Server\\Methods\\ListTools->handle(Object(Laravel\\Mcp\\Server\\Transport\\JsonRpcRequest), Object(Laravel\\Mcp\\Server\\ServerContext))
#29 /Volumes/Home/moohard/Kerjaan-Kepegawaian/apel-app/vendor/laravel/mcp/src/Server.php(244): Laravel\\Mcp\\Server->runMethodHandle(Object(Laravel\\Mcp\\Server\\Transport\\JsonRpcRequest), Object(Laravel\\Mcp\\Server\\ServerContext))
#30 /Volumes/Home/moohard/Kerjaan-Kepegawaian/apel-app/vendor/laravel/mcp/src/Server.php(201): Laravel\\Mcp\\Server->handleMessage(Object(Laravel\\Mcp\\Server\\Transport\\JsonRpcRequest), Object(Laravel\\Mcp\\Server\\ServerContext))
#31 /Volumes/Home/moohard/Kerjaan-Kepegawaian/apel-app/vendor/laravel/mcp/src/Server/Transport/StdioTransport.php(44): Laravel\\Mcp\\Server->handle('{\"jsonrpc\":\"2.0...')
#32 /Volumes/Home/moohard/Kerjaan-Kepegawaian/apel-app/vendor/laravel/mcp/src/Server/Registrar.php(141): Laravel\\Mcp\\Server\\Transport\\StdioTransport->run()
#33 /Volumes/Home/moohard/Kerjaan-Kepegawaian/apel-app/vendor/laravel/mcp/src/Server/Registrar.php(59): Laravel\\Mcp\\Server\\Registrar::startServer('Laravel\\\\Boost\\\\M...', Object(Closure))
#34 /Volumes/Home/moohard/Kerjaan-Kepegawaian/apel-app/vendor/laravel/mcp/src/Console/Commands/StartCommand.php(32): Laravel\\Mcp\\Server\\Registrar->{closure:Laravel\\Mcp\\Server\\Registrar::local():59}()
#35 /Volumes/Home/moohard/Kerjaan-Kepegawaian/apel-app/vendor/laravel/framework/src/Illuminate/Container/BoundMethod.php(36): Laravel\\Mcp\\Console\\Commands\\StartCommand->handle(Object(Laravel\\Mcp\\Server\\Registrar))
#36 /Volumes/Home/moohard/Kerjaan-Kepegawaian/apel-app/vendor/laravel/framework/src/Illuminate/Container/Util.php(43): Illuminate\\Container\\BoundMethod::{closure:Illuminate\\Container\\BoundMethod::call():35}()
#37 /Volumes/Home/moohard/Kerjaan-Kepegawaian/apel-app/vendor/laravel/framework/src/Illuminate/Container/BoundMethod.php(96): Illuminate\\Container\\Util::unwrapIfClosure(Object(Closure))
#38 /Volumes/Home/moohard/Kerjaan-Kepegawaian/apel-app/vendor/laravel/framework/src/Illuminate/Container/BoundMethod.php(35): Illuminate\\Container\\BoundMethod::callBoundMethod(Object(Illuminate\\Foundation\\Application), Array, Object(Closure))
#39 /Volumes/Home/moohard/Kerjaan-Kepegawaian/apel-app/vendor/laravel/framework/src/Illuminate/Container/Container.php(799): Illuminate\\Container\\BoundMethod::call(Object(Illuminate\\Foundation\\Application), Array, Array, NULL)
#40 /Volumes/Home/moohard/Kerjaan-Kepegawaian/apel-app/vendor/laravel/framework/src/Illuminate/Console/Command.php(211): Illuminate\\Container\\Container->call(Array)
#41 /Volumes/Home/moohard/Kerjaan-Kepegawaian/apel-app/vendor/symfony/console/Command/Command.php(341): Illuminate\\Console\\Command->execute(Object(Symfony\\Component\\Console\\Input\\StringInput), Object(Illuminate\\Console\\OutputStyle))
#42 /Volumes/Home/moohard/Kerjaan-Kepegawaian/apel-app/vendor/laravel/framework/src/Illuminate/Console/Command.php(180): Symfony\\Component\\Console\\Command\\Command->run(Object(Symfony\\Component\\Console\\Input\\StringInput), Object(Illuminate\\Console\\OutputStyle))
#43 /Volumes/Home/moohard/Kerjaan-Kepegawaian/apel-app/vendor/symfony/console/Application.php(1102): Illuminate\\Console\\Command->run(Object(Symfony\\Component\\Console\\Input\\StringInput), Object(Symfony\\Component\\Console\\Output\\BufferedOutput))
#44 /Volumes/Home/moohard/Kerjaan-Kepegawaian/apel-app/vendor/symfony/console/Application.php(356): Symfony\\Component\\Console\\Application->doRunCommand(Object(Laravel\\Mcp\\Console\\Commands\\StartCommand), Object(Symfony\\Component\\Console\\Input\\StringInput), Object(Symfony\\Component\\Console\\Output\\BufferedOutput))
#45 /Volumes/Home/moohard/Kerjaan-Kepegawaian/apel-app/vendor/symfony/console/Application.php(195): Symfony\\Component\\Console\\Application->doRun(Object(Symfony\\Component\\Console\\Input\\StringInput), Object(Symfony\\Component\\Console\\Output\\BufferedOutput))
#46 /Volumes/Home/moohard/Kerjaan-Kepegawaian/apel-app/vendor/laravel/framework/src/Illuminate/Console/Application.php(165): Symfony\\Component\\Console\\Application->run(Object(Symfony\\Component\\Console\\Input\\StringInput), Object(Symfony\\Component\\Console\\Output\\BufferedOutput))
#47 /Volumes/Home/moohard/Kerjaan-Kepegawaian/apel-app/vendor/laravel/framework/src/Illuminate/Foundation/Console/Kernel.php(447): Illuminate\\Console\\Application->call('mcp:start', Array, NULL)
#48 /Volumes/Home/moohard/Kerjaan-Kepegawaian/apel-app/vendor/laravel/framework/src/Illuminate/Support/Facades/Facade.php(363): Illuminate\\Foundation\\Console\\Kernel->call('mcp:start larav...')
#49 /Volumes/Home/moohard/Kerjaan-Kepegawaian/apel-app/vendor/laravel/boost/src/Console/StartCommand.php(16): Illuminate\\Support\\Facades\\Facade::__callStatic('call', Array)
#50 /Volumes/Home/moohard/Kerjaan-Kepegawaian/apel-app/vendor/laravel/framework/src/Illuminate/Container/BoundMethod.php(36): Laravel\\Boost\\Console\\StartCommand->handle()
#51 /Volumes/Home/moohard/Kerjaan-Kepegawaian/apel-app/vendor/laravel/framework/src/Illuminate/Container/Util.php(43): Illuminate\\Container\\BoundMethod::{closure:Illuminate\\Container\\BoundMethod::call():35}()
#52 /Volumes/Home/moohard/Kerjaan-Kepegawaian/apel-app/vendor/laravel/framework/src/Illuminate/Container/BoundMethod.php(96): Illuminate\\Container\\Util::unwrapIfClosure(Object(Closure))
#53 /Volumes/Home/moohard/Kerjaan-Kepegawaian/apel-app/vendor/laravel/framework/src/Illuminate/Container/BoundMethod.php(35): Illuminate\\Container\\BoundMethod::callBoundMethod(Object(Illuminate\\Foundation\\Application), Array, Object(Closure))
#54 /Volumes/Home/moohard/Kerjaan-Kepegawaian/apel-app/vendor/laravel/framework/src/Illuminate/Container/Container.php(799): Illuminate\\Container\\BoundMethod::call(Object(Illuminate\\Foundation\\Application), Array, Array, NULL)
#55 /Volumes/Home/moohard/Kerjaan-Kepegawaian/apel-app/vendor/laravel/framework/src/Illuminate/Console/Command.php(211): Illuminate\\Container\\Container->call(Array)
#56 /Volumes/Home/moohard/Kerjaan-Kepegawaian/apel-app/vendor/symfony/console/Command/Command.php(341): Illuminate\\Console\\Command->execute(Object(Symfony\\Component\\Console\\Input\\ArgvInput), Object(Illuminate\\Console\\OutputStyle))
#57 /Volumes/Home/moohard/Kerjaan-Kepegawaian/apel-app/vendor/laravel/framework/src/Illuminate/Console/Command.php(180): Symfony\\Component\\Console\\Command\\Command->run(Object(Symfony\\Component\\Console\\Input\\ArgvInput), Object(Illuminate\\Console\\OutputStyle))
#58 /Volumes/Home/moohard/Kerjaan-Kepegawaian/apel-app/vendor/symfony/console/Application.php(1102): Illuminate\\Console\\Command->run(Object(Symfony\\Component\\Console\\Input\\ArgvInput), Object(Symfony\\Component\\Console\\Output\\ConsoleOutput))
#59 /Volumes/Home/moohard/Kerjaan-Kepegawaian/apel-app/vendor/symfony/console/Application.php(356): Symfony\\Component\\Console\\Application->doRunCommand(Object(Laravel\\Boost\\Console\\StartCommand), Object(Symfony\\Component\\Console\\Input\\ArgvInput), Object(Symfony\\Component\\Console\\Output\\ConsoleOutput))
#60 /Volumes/Home/moohard/Kerjaan-Kepegawaian/apel-app/vendor/symfony/console/Application.php(195): Symfony\\Component\\Console\\Application->doRun(Object(Symfony\\Component\\Console\\Input\\ArgvInput), Object(Symfony\\Component\\Console\\Output\\ConsoleOutput))
#61 /Volumes/Home/moohard/Kerjaan-Kepegawaian/apel-app/vendor/laravel/framework/src/Illuminate/Foundation/Console/Kernel.php(198): Symfony\\Component\\Console\\Application->run(Object(Symfony\\Component\\Console\\Input\\ArgvInput), Object(Symfony\\Component\\Console\\Output\\ConsoleOutput))
#62 /Volumes/Home/moohard/Kerjaan-Kepegawaian/apel-app/vendor/laravel/framework/src/Illuminate/Foundation/Application.php(1235): Illuminate\\Foundation\\Console\\Kernel->handle(Object(Symfony\\Component\\Console\\Input\\ArgvInput), Object(Symfony\\Component\\Console\\Output\\ConsoleOutput))
#63 /Volumes/Home/moohard/Kerjaan-Kepegawaian/apel-app/artisan(16): Illuminate\\Foundation\\Application->handleCommand(Object(Symfony\\Component\\Console\\Input\\ArgvInput))
#64 {main}
"} 
[2026-01-12 00:16:27] local.ERROR: Class "Redis" not found {"exception":"[object] (Error(code: 0): Class \"Redis\" not found at /Volumes/Home/moohard/Kerjaan-Kepegawaian/apel-app/vendor/laravel/framework/src/Illuminate/Redis/Connectors/PhpRedisConnector.php:80)
[stacktrace]
#0 /Volumes/Home/moohard/Kerjaan-Kepegawaian/apel-app/vendor/laravel/framework/src/Illuminate/Redis/Connectors/PhpRedisConnector.php(34): Illuminate\\Redis\\Connectors\\PhpRedisConnector->createClient(Array)
#1 /Volumes/Home/moohard/Kerjaan-Kepegawaian/apel-app/vendor/laravel/framework/src/Illuminate/Redis/Connectors/PhpRedisConnector.php(39): Illuminate\\Redis\\Connectors\\PhpRedisConnector->{closure:Illuminate\\Redis\\Connectors\\PhpRedisConnector::connect():33}()
#2 /Volumes/Home/moohard/Kerjaan-Kepegawaian/apel-app/vendor/laravel/framework/src/Illuminate/Redis/RedisManager.php(111): Illuminate\\Redis\\Connectors\\PhpRedisConnector->connect(Array, Array)
#3 /Volumes/Home/moohard/Kerjaan-Kepegawaian/apel-app/vendor/laravel/framework/src/Illuminate/Redis/RedisManager.php(92): Illuminate\\Redis\\RedisManager->resolve('cache')
#4 /Volumes/Home/moohard/Kerjaan-Kepegawaian/apel-app/vendor/laravel/framework/src/Illuminate/Cache/RedisStore.php(368): Illuminate\\Redis\\RedisManager->connection('cache')
#5 /Volumes/Home/moohard/Kerjaan-Kepegawaian/apel-app/vendor/laravel/framework/src/Illuminate/Cache/RedisStore.php(71): Illuminate\\Cache\\RedisStore->connection()
#6 /Volumes/Home/moohard/Kerjaan-Kepegawaian/apel-app/vendor/laravel/framework/src/Illuminate/Cache/Repository.php(119): Illuminate\\Cache\\RedisStore->get('boost.roster.sc...')
#7 /Volumes/Home/moohard/Kerjaan-Kepegawaian/apel-app/vendor/laravel/framework/src/Illuminate/Cache/CacheManager.php(530): Illuminate\\Cache\\Repository->get('boost.roster.sc...')
#8 /Volumes/Home/moohard/Kerjaan-Kepegawaian/apel-app/vendor/laravel/boost/src/BoostServiceProvider.php(50): Illuminate\\Cache\\CacheManager->__call('get', Array)
#9 /Volumes/Home/moohard/Kerjaan-Kepegawaian/apel-app/vendor/laravel/framework/src/Illuminate/Container/Container.php(1115): Laravel\\Boost\\BoostServiceProvider->{closure:Laravel\\Boost\\BoostServiceProvider::register():37}(Object(Illuminate\\Foundation\\Application), Array)
#10 /Volumes/Home/moohard/Kerjaan-Kepegawaian/apel-app/vendor/laravel/framework/src/Illuminate/Container/Container.php(933): Illuminate\\Container\\Container->build(Object(Closure))
#11 /Volumes/Home/moohard/Kerjaan-Kepegawaian/apel-app/vendor/laravel/framework/src/Illuminate/Foundation/Application.php(1078): Illuminate\\Container\\Container->resolve('Laravel\\\\Roster\\\\...', Array, true)
#12 /Volumes/Home/moohard/Kerjaan-Kepegawaian/apel-app/vendor/laravel/framework/src/Illuminate/Container/Container.php(864): Illuminate\\Foundation\\Application->resolve('Laravel\\\\Roster\\\\...', Array)
#13 /Volumes/Home/moohard/Kerjaan-Kepegawaian/apel-app/vendor/laravel/framework/src/Illuminate/Foundation/Application.php(1058): Illuminate\\Container\\Container->make('Laravel\\\\Roster\\\\...', Array)
#14 /Volumes/Home/moohard/Kerjaan-Kepegawaian/apel-app/vendor/laravel/framework/src/Illuminate/Container/Container.php(1338): Illuminate\\Foundation\\Application->make('Laravel\\\\Roster\\\\...')
#15 /Volumes/Home/moohard/Kerjaan-Kepegawaian/apel-app/vendor/laravel/framework/src/Illuminate/Container/Container.php(1239): Illuminate\\Container\\Container->resolveClass(Object(ReflectionParameter))
#16 /Volumes/Home/moohard/Kerjaan-Kepegawaian/apel-app/vendor/laravel/framework/src/Illuminate/Container/Container.php(1162): Illuminate\\Container\\Container->resolveDependencies(Array)
#17 /Volumes/Home/moohard/Kerjaan-Kepegawaian/apel-app/vendor/laravel/framework/src/Illuminate/Container/Container.php(933): Illuminate\\Container\\Container->build('Laravel\\\\Boost\\\\M...')
#18 /Volumes/Home/moohard/Kerjaan-Kepegawaian/apel-app/vendor/laravel/framework/src/Illuminate/Foundation/Application.php(1078): Illuminate\\Container\\Container->resolve('Laravel\\\\Boost\\\\M...', Array, true)
#19 /Volumes/Home/moohard/Kerjaan-Kepegawaian/apel-app/vendor/laravel/framework/src/Illuminate/Container/Container.php(864): Illuminate\\Foundation\\Application->resolve('Laravel\\\\Boost\\\\M...', Array)
#20 /Volumes/Home/moohard/Kerjaan-Kepegawaian/apel-app/vendor/laravel/framework/src/Illuminate/Foundation/Application.php(1058): Illuminate\\Container\\Container->make('Laravel\\\\Boost\\\\M...', Array)
#21 /Volumes/Home/moohard/Kerjaan-Kepegawaian/apel-app/vendor/laravel/mcp/src/Server/ServerContext.php(100): Illuminate\\Foundation\\Application->make('Laravel\\\\Boost\\\\M...')
#22 [internal function]: Laravel\\Mcp\\Server\\ServerContext->{closure:Laravel\\Mcp\\Server\\ServerContext::resolvePrimitives():99}('Laravel\\\\Boost\\\\M...', 0)
#23 /Volumes/Home/moohard/Kerjaan-Kepegawaian/apel-app/vendor/laravel/framework/src/Illuminate/Collections/Arr.php(788): array_map(Object(Closure), Array, Array)
#24 /Volumes/Home/moohard/Kerjaan-Kepegawaian/apel-app/vendor/laravel/framework/src/Illuminate/Collections/Collection.php(819): Illuminate\\Support\\Arr::map(Array, Object(Closure))
#25 /Volumes/Home/moohard/Kerjaan-Kepegawaian/apel-app/vendor/laravel/mcp/src/Server/ServerContext.php(99): Illuminate\\Support\\Collection->map(Object(Closure))
#26 /Volumes/Home/moohard/Kerjaan-Kepegawaian/apel-app/vendor/laravel/mcp/src/Server/ServerContext.php(43): Laravel\\Mcp\\Server\\ServerContext->resolvePrimitives(Object(Illuminate\\Support\\Collection))
#27 /Volumes/Home/moohard/Kerjaan-Kepegawaian/apel-app/vendor/laravel/mcp/src/Server/Methods/ListTools.php(18): Laravel\\Mcp\\Server\\ServerContext->tools()
#28 /Volumes/Home/moohard/Kerjaan-Kepegawaian/apel-app/vendor/laravel/mcp/src/Server.php(276): Laravel\\Mcp\\Server\\Methods\\ListTools->handle(Object(Laravel\\Mcp\\Server\\Transport\\JsonRpcRequest), Object(Laravel\\Mcp\\Server\\ServerContext))
#29 /Volumes/Home/moohard/Kerjaan-Kepegawaian/apel-app/vendor/laravel/mcp/src/Server.php(244): Laravel\\Mcp\\Server->runMethodHandle(Object(Laravel\\Mcp\\Server\\Transport\\JsonRpcRequest), Object(Laravel\\Mcp\\Server\\ServerContext))
#30 /Volumes/Home/moohard/Kerjaan-Kepegawaian/apel-app/vendor/laravel/mcp/src/Server.php(201): Laravel\\Mcp\\Server->handleMessage(Object(Laravel\\Mcp\\Server\\Transport\\JsonRpcRequest), Object(Laravel\\Mcp\\Server\\ServerContext))
#31 /Volumes/Home/moohard/Kerjaan-Kepegawaian/apel-app/vendor/laravel/mcp/src/Server/Transport/StdioTransport.php(44): Laravel\\Mcp\\Server->handle('{\"jsonrpc\":\"2.0...')
#32 /Volumes/Home/moohard/Kerjaan-Kepegawaian/apel-app/vendor/laravel/mcp/src/Server/Registrar.php(141): Laravel\\Mcp\\Server\\Transport\\StdioTransport->run()
#33 /Volumes/Home/moohard/Kerjaan-Kepegawaian/apel-app/vendor/laravel/mcp/src/Server/Registrar.php(59): Laravel\\Mcp\\Server\\Registrar::startServer('Laravel\\\\Boost\\\\M...', Object(Closure))
#34 /Volumes/Home/moohard/Kerjaan-Kepegawaian/apel-app/vendor/laravel/mcp/src/Console/Commands/StartCommand.php(32): Laravel\\Mcp\\Server\\Registrar->{closure:Laravel\\Mcp\\Server\\Registrar::local():59}()
#35 /Volumes/Home/moohard/Kerjaan-Kepegawaian/apel-app/vendor/laravel/framework/src/Illuminate/Container/BoundMethod.php(36): Laravel\\Mcp\\Console\\Commands\\StartCommand->handle(Object(Laravel\\Mcp\\Server\\Registrar))
#36 /Volumes/Home/moohard/Kerjaan-Kepegawaian/apel-app/vendor/laravel/framework/src/Illuminate/Container/Util.php(43): Illuminate\\Container\\BoundMethod::{closure:Illuminate\\Container\\BoundMethod::call():35}()
#37 /Volumes/Home/moohard/Kerjaan-Kepegawaian/apel-app/vendor/laravel/framework/src/Illuminate/Container/BoundMethod.php(96): Illuminate\\Container\\Util::unwrapIfClosure(Object(Closure))
#38 /Volumes/Home/moohard/Kerjaan-Kepegawaian/apel-app/vendor/laravel/framework/src/Illuminate/Container/BoundMethod.php(35): Illuminate\\Container\\BoundMethod::callBoundMethod(Object(Illuminate\\Foundation\\Application), Array, Object(Closure))
#39 /Volumes/Home/moohard/Kerjaan-Kepegawaian/apel-app/vendor/laravel/framework/src/Illuminate/Container/Container.php(799): Illuminate\\Container\\BoundMethod::call(Object(Illuminate\\Foundation\\Application), Array, Array, NULL)
#40 /Volumes/Home/moohard/Kerjaan-Kepegawaian/apel-app/vendor/laravel/framework/src/Illuminate/Console/Command.php(211): Illuminate\\Container\\Container->call(Array)
#41 /Volumes/Home/moohard/Kerjaan-Kepegawaian/apel-app/vendor/symfony/console/Command/Command.php(341): Illuminate\\Console\\Command->execute(Object(Symfony\\Component\\Console\\Input\\StringInput), Object(Illuminate\\Console\\OutputStyle))
#42 /Volumes/Home/moohard/Kerjaan-Kepegawaian/apel-app/vendor/laravel/framework/src/Illuminate/Console/Command.php(180): Symfony\\Component\\Console\\Command\\Command->run(Object(Symfony\\Component\\Console\\Input\\StringInput), Object(Illuminate\\Console\\OutputStyle))
#43 /Volumes/Home/moohard/Kerjaan-Kepegawaian/apel-app/vendor/symfony/console/Application.php(1102): Illuminate\\Console\\Command->run(Object(Symfony\\Component\\Console\\Input\\StringInput), Object(Symfony\\Component\\Console\\Output\\BufferedOutput))
#44 /Volumes/Home/moohard/Kerjaan-Kepegawaian/apel-app/vendor/symfony/console/Application.php(356): Symfony\\Component\\Console\\Application->doRunCommand(Object(Laravel\\Mcp\\Console\\Commands\\StartCommand), Object(Symfony\\Component\\Console\\Input\\StringInput), Object(Symfony\\Component\\Console\\Output\\BufferedOutput))
#45 /Volumes/Home/moohard/Kerjaan-Kepegawaian/apel-app/vendor/symfony/console/Application.php(195): Symfony\\Component\\Console\\Application->doRun(Object(Symfony\\Component\\Console\\Input\\StringInput), Object(Symfony\\Component\\Console\\Output\\BufferedOutput))
#46 /Volumes/Home/moohard/Kerjaan-Kepegawaian/apel-app/vendor/laravel/framework/src/Illuminate/Console/Application.php(165): Symfony\\Component\\Console\\Application->run(Object(Symfony\\Component\\Console\\Input\\StringInput), Object(Symfony\\Component\\Console\\Output\\BufferedOutput))
#47 /Volumes/Home/moohard/Kerjaan-Kepegawaian/apel-app/vendor/laravel/framework/src/Illuminate/Foundation/Console/Kernel.php(447): Illuminate\\Console\\Application->call('mcp:start', Array, NULL)
#48 /Volumes/Home/moohard/Kerjaan-Kepegawaian/apel-app/vendor/laravel/framework/src/Illuminate/Support/Facades/Facade.php(363): Illuminate\\Foundation\\Console\\Kernel->call('mcp:start larav...')
#49 /Volumes/Home/moohard/Kerjaan-Kepegawaian/apel-app/vendor/laravel/boost/src/Console/StartCommand.php(16): Illuminate\\Support\\Facades\\Facade::__callStatic('call', Array)
#50 /Volumes/Home/moohard/Kerjaan-Kepegawaian/apel-app/vendor/laravel/framework/src/Illuminate/Container/BoundMethod.php(36): Laravel\\Boost\\Console\\StartCommand->handle()
#51 /Volumes/Home/moohard/Kerjaan-Kepegawaian/apel-app/vendor/laravel/framework/src/Illuminate/Container/Util.php(43): Illuminate\\Container\\BoundMethod::{closure:Illuminate\\Container\\BoundMethod::call():35}()
#52 /Volumes/Home/moohard/Kerjaan-Kepegawaian/apel-app/vendor/laravel/framework/src/Illuminate/Container/BoundMethod.php(96): Illuminate\\Container\\Util::unwrapIfClosure(Object(Closure))
#53 /Volumes/Home/moohard/Kerjaan-Kepegawaian/apel-app/vendor/laravel/framework/src/Illuminate/Container/BoundMethod.php(35): Illuminate\\Container\\BoundMethod::callBoundMethod(Object(Illuminate\\Foundation\\Application), Array, Object(Closure))
#54 /Volumes/Home/moohard/Kerjaan-Kepegawaian/apel-app/vendor/laravel/framework/src/Illuminate/Container/Container.php(799): Illuminate\\Container\\BoundMethod::call(Object(Illuminate\\Foundation\\Application), Array, Array, NULL)
#55 /Volumes/Home/moohard/Kerjaan-Kepegawaian/apel-app/vendor/laravel/framework/src/Illuminate/Console/Command.php(211): Illuminate\\Container\\Container->call(Array)
#56 /Volumes/Home/moohard/Kerjaan-Kepegawaian/apel-app/vendor/symfony/console/Command/Command.php(341): Illuminate\\Console\\Command->execute(Object(Symfony\\Component\\Console\\Input\\ArgvInput), Object(Illuminate\\Console\\OutputStyle))
#57 /Volumes/Home/moohard/Kerjaan-Kepegawaian/apel-app/vendor/laravel/framework/src/Illuminate/Console/Command.php(180): Symfony\\Component\\Console\\Command\\Command->run(Object(Symfony\\Component\\Console\\Input\\ArgvInput), Object(Illuminate\\Console\\OutputStyle))
#58 /Volumes/Home/moohard/Kerjaan-Kepegawaian/apel-app/vendor/symfony/console/Application.php(1102): Illuminate\\Console\\Command->run(Object(Symfony\\Component\\Console\\Input\\ArgvInput), Object(Symfony\\Component\\Console\\Output\\ConsoleOutput))
#59 /Volumes/Home/moohard/Kerjaan-Kepegawaian/apel-app/vendor/symfony/console/Application.php(356): Symfony\\Component\\Console\\Application->doRunCommand(Object(Laravel\\Boost\\Console\\StartCommand), Object(Symfony\\Component\\Console\\Input\\ArgvInput), Object(Symfony\\Component\\Console\\Output\\ConsoleOutput))
#60 /Volumes/Home/moohard/Kerjaan-Kepegawaian/apel-app/vendor/symfony/console/Application.php(195): Symfony\\Component\\Console\\Application->doRun(Object(Symfony\\Component\\Console\\Input\\ArgvInput), Object(Symfony\\Component\\Console\\Output\\ConsoleOutput))
#61 /Volumes/Home/moohard/Kerjaan-Kepegawaian/apel-app/vendor/laravel/framework/src/Illuminate/Foundation/Console/Kernel.php(198): Symfony\\Component\\Console\\Application->run(Object(Symfony\\Component\\Console\\Input\\ArgvInput), Object(Symfony\\Component\\Console\\Output\\ConsoleOutput))
#62 /Volumes/Home/moohard/Kerjaan-Kepegawaian/apel-app/vendor/laravel/framework/src/Illuminate/Foundation/Application.php(1235): Illuminate\\Foundation\\Console\\Kernel->handle(Object(Symfony\\Component\\Console\\Input\\ArgvInput), Object(Symfony\\Component\\Console\\Output\\ConsoleOutput))
#63 /Volumes/Home/moohard/Kerjaan-Kepegawaian/apel-app/artisan(16): Illuminate\\Foundation\\Application->handleCommand(Object(Symfony\\Component\\Console\\Input\\ArgvInput))
#64 {main}
"} 
[2026-01-12 00:17:57] local.ERROR: Class "Redis" not found {"exception":"[object] (Error(code: 0): Class \"Redis\" not found at /Volumes/Home/moohard/Kerjaan-Kepegawaian/apel-app/vendor/laravel/framework/src/Illuminate/Redis/Connectors/PhpRedisConnector.php:80)
[stacktrace]
#0 /Volumes/Home/moohard/Kerjaan-Kepegawaian/apel-app/vendor/laravel/framework/src/Illuminate/Redis/Connectors/PhpRedisConnector.php(34): Illuminate\\Redis\\Connectors\\PhpRedisConnector->createClient(Array)
#1 /Volumes/Home/moohard/Kerjaan-Kepegawaian/apel-app/vendor/laravel/framework/src/Illuminate/Redis/Connectors/PhpRedisConnector.php(39): Illuminate\\Redis\\Connectors\\PhpRedisConnector->{closure:Illuminate\\Redis\\Connectors\\PhpRedisConnector::connect():33}()
#2 /Volumes/Home/moohard/Kerjaan-Kepegawaian/apel-app/vendor/laravel/framework/src/Illuminate/Redis/RedisManager.php(111): Illuminate\\Redis\\Connectors\\PhpRedisConnector->connect(Array, Array)
#3 /Volumes/Home/moohard/Kerjaan-Kepegawaian/apel-app/vendor/laravel/framework/src/Illuminate/Redis/RedisManager.php(92): Illuminate\\Redis\\RedisManager->resolve('cache')
#4 /Volumes/Home/moohard/Kerjaan-Kepegawaian/apel-app/vendor/laravel/framework/src/Illuminate/Cache/RedisStore.php(368): Illuminate\\Redis\\RedisManager->connection('cache')
#5 /Volumes/Home/moohard/Kerjaan-Kepegawaian/apel-app/vendor/laravel/framework/src/Illuminate/Cache/RedisStore.php(71): Illuminate\\Cache\\RedisStore->connection()
#6 /Volumes/Home/moohard/Kerjaan-Kepegawaian/apel-app/vendor/laravel/framework/src/Illuminate/Cache/Repository.php(119): Illuminate\\Cache\\RedisStore->get('boost.roster.sc...')
#7 /Volumes/Home/moohard/Kerjaan-Kepegawaian/apel-app/vendor/laravel/framework/src/Illuminate/Cache/CacheManager.php(530): Illuminate\\Cache\\Repository->get('boost.roster.sc...')
#8 /Volumes/Home/moohard/Kerjaan-Kepegawaian/apel-app/vendor/laravel/boost/src/BoostServiceProvider.php(50): Illuminate\\Cache\\CacheManager->__call('get', Array)
#9 /Volumes/Home/moohard/Kerjaan-Kepegawaian/apel-app/vendor/laravel/framework/src/Illuminate/Container/Container.php(1115): Laravel\\Boost\\BoostServiceProvider->{closure:Laravel\\Boost\\BoostServiceProvider::register():37}(Object(Illuminate\\Foundation\\Application), Array)
#10 /Volumes/Home/moohard/Kerjaan-Kepegawaian/apel-app/vendor/laravel/framework/src/Illuminate/Container/Container.php(933): Illuminate\\Container\\Container->build(Object(Closure))
#11 /Volumes/Home/moohard/Kerjaan-Kepegawaian/apel-app/vendor/laravel/framework/src/Illuminate/Foundation/Application.php(1078): Illuminate\\Container\\Container->resolve('Laravel\\\\Roster\\\\...', Array, true)
#12 /Volumes/Home/moohard/Kerjaan-Kepegawaian/apel-app/vendor/laravel/framework/src/Illuminate/Container/Container.php(864): Illuminate\\Foundation\\Application->resolve('Laravel\\\\Roster\\\\...', Array)
#13 /Volumes/Home/moohard/Kerjaan-Kepegawaian/apel-app/vendor/laravel/framework/src/Illuminate/Foundation/Application.php(1058): Illuminate\\Container\\Container->make('Laravel\\\\Roster\\\\...', Array)
#14 /Volumes/Home/moohard/Kerjaan-Kepegawaian/apel-app/vendor/laravel/framework/src/Illuminate/Container/Container.php(1338): Illuminate\\Foundation\\Application->make('Laravel\\\\Roster\\\\...')
#15 /Volumes/Home/moohard/Kerjaan-Kepegawaian/apel-app/vendor/laravel/framework/src/Illuminate/Container/Container.php(1239): Illuminate\\Container\\Container->resolveClass(Object(ReflectionParameter))
#16 /Volumes/Home/moohard/Kerjaan-Kepegawaian/apel-app/vendor/laravel/framework/src/Illuminate/Container/Container.php(1162): Illuminate\\Container\\Container->resolveDependencies(Array)
#17 /Volumes/Home/moohard/Kerjaan-Kepegawaian/apel-app/vendor/laravel/framework/src/Illuminate/Container/Container.php(933): Illuminate\\Container\\Container->build('Laravel\\\\Boost\\\\M...')
#18 /Volumes/Home/moohard/Kerjaan-Kepegawaian/apel-app/vendor/laravel/framework/src/Illuminate/Foundation/Application.php(1078): Illuminate\\Container\\Container->resolve('Laravel\\\\Boost\\\\M...', Array, true)
#19 /Volumes/Home/moohard/Kerjaan-Kepegawaian/apel-app/vendor/laravel/framework/src/Illuminate/Container/Container.php(864): Illuminate\\Foundation\\Application->resolve('Laravel\\\\Boost\\\\M...', Array)
#20 /Volumes/Home/moohard/Kerjaan-Kepegawaian/apel-app/vendor/laravel/framework/src/Illuminate/Foundation/Application.php(1058): Illuminate\\Container\\Container->make('Laravel\\\\Boost\\\\M...', Array)
#21 /Volumes/Home/moohard/Kerjaan-Kepegawaian/apel-app/vendor/laravel/mcp/src/Server/ServerContext.php(100): Illuminate\\Foundation\\Application->make('Laravel\\\\Boost\\\\M...')
#22 [internal function]: Laravel\\Mcp\\Server\\ServerContext->{closure:Laravel\\Mcp\\Server\\ServerContext::resolvePrimitives():99}('Laravel\\\\Boost\\\\M...', 0)
#23 /Volumes/Home/moohard/Kerjaan-Kepegawaian/apel-app/vendor/laravel/framework/src/Illuminate/Collections/Arr.php(788): array_map(Object(Closure), Array, Array)
#24 /Volumes/Home/moohard/Kerjaan-Kepegawaian/apel-app/vendor/laravel/framework/src/Illuminate/Collections/Collection.php(819): Illuminate\\Support\\Arr::map(Array, Object(Closure))
#25 /Volumes/Home/moohard/Kerjaan-Kepegawaian/apel-app/vendor/laravel/mcp/src/Server/ServerContext.php(99): Illuminate\\Support\\Collection->map(Object(Closure))
#26 /Volumes/Home/moohard/Kerjaan-Kepegawaian/apel-app/vendor/laravel/mcp/src/Server/ServerContext.php(43): Laravel\\Mcp\\Server\\ServerContext->resolvePrimitives(Object(Illuminate\\Support\\Collection))
#27 /Volumes/Home/moohard/Kerjaan-Kepegawaian/apel-app/vendor/laravel/mcp/src/Server/Methods/ListTools.php(18): Laravel\\Mcp\\Server\\ServerContext->tools()
#28 /Volumes/Home/moohard/Kerjaan-Kepegawaian/apel-app/vendor/laravel/mcp/src/Server.php(276): Laravel\\Mcp\\Server\\Methods\\ListTools->handle(Object(Laravel\\Mcp\\Server\\Transport\\JsonRpcRequest), Object(Laravel\\Mcp\\Server\\ServerContext))
#29 /Volumes/Home/moohard/Kerjaan-Kepegawaian/apel-app/vendor/laravel/mcp/src/Server.php(244): Laravel\\Mcp\\Server->runMethodHandle(Object(Laravel\\Mcp\\Server\\Transport\\JsonRpcRequest), Object(Laravel\\Mcp\\Server\\ServerContext))
#30 /Volumes/Home/moohard/Kerjaan-Kepegawaian/apel-app/vendor/laravel/mcp/src/Server.php(201): Laravel\\Mcp\\Server->handleMessage(Object(Laravel\\Mcp\\Server\\Transport\\JsonRpcRequest), Object(Laravel\\Mcp\\Server\\ServerContext))
#31 /Volumes/Home/moohard/Kerjaan-Kepegawaian/apel-app/vendor/laravel/mcp/src/Server/Transport/StdioTransport.php(44): Laravel\\Mcp\\Server->handle('{\"method\":\"tool...')
#32 /Volumes/Home/moohard/Kerjaan-Kepegawaian/apel-app/vendor/laravel/mcp/src/Server/Registrar.php(141): Laravel\\Mcp\\Server\\Transport\\StdioTransport->run()
#33 /Volumes/Home/moohard/Kerjaan-Kepegawaian/apel-app/vendor/laravel/mcp/src/Server/Registrar.php(59): Laravel\\Mcp\\Server\\Registrar::startServer('Laravel\\\\Boost\\\\M...', Object(Closure))
#34 /Volumes/Home/moohard/Kerjaan-Kepegawaian/apel-app/vendor/laravel/mcp/src/Console/Commands/StartCommand.php(32): Laravel\\Mcp\\Server\\Registrar->{closure:Laravel\\Mcp\\Server\\Registrar::local():59}()
#35 /Volumes/Home/moohard/Kerjaan-Kepegawaian/apel-app/vendor/laravel/framework/src/Illuminate/Container/BoundMethod.php(36): Laravel\\Mcp\\Console\\Commands\\StartCommand->handle(Object(Laravel\\Mcp\\Server\\Registrar))
#36 /Volumes/Home/moohard/Kerjaan-Kepegawaian/apel-app/vendor/laravel/framework/src/Illuminate/Container/Util.php(43): Illuminate\\Container\\BoundMethod::{closure:Illuminate\\Container\\BoundMethod::call():35}()
#37 /Volumes/Home/moohard/Kerjaan-Kepegawaian/apel-app/vendor/laravel/framework/src/Illuminate/Container/BoundMethod.php(96): Illuminate\\Container\\Util::unwrapIfClosure(Object(Closure))
#38 /Volumes/Home/moohard/Kerjaan-Kepegawaian/apel-app/vendor/laravel/framework/src/Illuminate/Container/BoundMethod.php(35): Illuminate\\Container\\BoundMethod::callBoundMethod(Object(Illuminate\\Foundation\\Application), Array, Object(Closure))
#39 /Volumes/Home/moohard/Kerjaan-Kepegawaian/apel-app/vendor/laravel/framework/src/Illuminate/Container/Container.php(799): Illuminate\\Container\\BoundMethod::call(Object(Illuminate\\Foundation\\Application), Array, Array, NULL)
#40 /Volumes/Home/moohard/Kerjaan-Kepegawaian/apel-app/vendor/laravel/framework/src/Illuminate/Console/Command.php(211): Illuminate\\Container\\Container->call(Array)
#41 /Volumes/Home/moohard/Kerjaan-Kepegawaian/apel-app/vendor/symfony/console/Command/Command.php(341): Illuminate\\Console\\Command->execute(Object(Symfony\\Component\\Console\\Input\\StringInput), Object(Illuminate\\Console\\OutputStyle))
#42 /Volumes/Home/moohard/Kerjaan-Kepegawaian/apel-app/vendor/laravel/framework/src/Illuminate/Console/Command.php(180): Symfony\\Component\\Console\\Command\\Command->run(Object(Symfony\\Component\\Console\\Input\\StringInput), Object(Illuminate\\Console\\OutputStyle))
#43 /Volumes/Home/moohard/Kerjaan-Kepegawaian/apel-app/vendor/symfony/console/Application.php(1102): Illuminate\\Console\\Command->run(Object(Symfony\\Component\\Console\\Input\\StringInput), Object(Symfony\\Component\\Console\\Output\\BufferedOutput))
#44 /Volumes/Home/moohard/Kerjaan-Kepegawaian/apel-app/vendor/symfony/console/Application.php(356): Symfony\\Component\\Console\\Application->doRunCommand(Object(Laravel\\Mcp\\Console\\Commands\\StartCommand), Object(Symfony\\Component\\Console\\Input\\StringInput), Object(Symfony\\Component\\Console\\Output\\BufferedOutput))
#45 /Volumes/Home/moohard/Kerjaan-Kepegawaian/apel-app/vendor/symfony/console/Application.php(195): Symfony\\Component\\Console\\Application->doRun(Object(Symfony\\Component\\Console\\Input\\StringInput), Object(Symfony\\Component\\Console\\Output\\BufferedOutput))
#46 /Volumes/Home/moohard/Kerjaan-Kepegawaian/apel-app/vendor/laravel/framework/src/Illuminate/Console/Application.php(165): Symfony\\Component\\Console\\Application->run(Object(Symfony\\Component\\Console\\Input\\StringInput), Object(Symfony\\Component\\Console\\Output\\BufferedOutput))
#47 /Volumes/Home/moohard/Kerjaan-Kepegawaian/apel-app/vendor/laravel/framework/src/Illuminate/Foundation/Console/Kernel.php(447): Illuminate\\Console\\Application->call('mcp:start', Array, NULL)
#48 /Volumes/Home/moohard/Kerjaan-Kepegawaian/apel-app/vendor/laravel/framework/src/Illuminate/Support/Facades/Facade.php(363): Illuminate\\Foundation\\Console\\Kernel->call('mcp:start larav...')
#49 /Volumes/Home/moohard/Kerjaan-Kepegawaian/apel-app/vendor/laravel/boost/src/Console/StartCommand.php(16): Illuminate\\Support\\Facades\\Facade::__callStatic('call', Array)
#50 /Volumes/Home/moohard/Kerjaan-Kepegawaian/apel-app/vendor/laravel/framework/src/Illuminate/Container/BoundMethod.php(36): Laravel\\Boost\\Console\\StartCommand->handle()
#51 /Volumes/Home/moohard/Kerjaan-Kepegawaian/apel-app/vendor/laravel/framework/src/Illuminate/Container/Util.php(43): Illuminate\\Container\\BoundMethod::{closure:Illuminate\\Container\\BoundMethod::call():35}()
#52 /Volumes/Home/moohard/Kerjaan-Kepegawaian/apel-app/vendor/laravel/framework/src/Illuminate/Container/BoundMethod.php(96): Illuminate\\Container\\Util::unwrapIfClosure(Object(Closure))
#53 /Volumes/Home/moohard/Kerjaan-Kepegawaian/apel-app/vendor/laravel/framework/src/Illuminate/Container/BoundMethod.php(35): Illuminate\\Container\\BoundMethod::callBoundMethod(Object(Illuminate\\Foundation\\Application), Array, Object(Closure))
#54 /Volumes/Home/moohard/Kerjaan-Kepegawaian/apel-app/vendor/laravel/framework/src/Illuminate/Container/Container.php(799): Illuminate\\Container\\BoundMethod::call(Object(Illuminate\\Foundation\\Application), Array, Array, NULL)
#55 /Volumes/Home/moohard/Kerjaan-Kepegawaian/apel-app/vendor/laravel/framework/src/Illuminate/Console/Command.php(211): Illuminate\\Container\\Container->call(Array)
#56 /Volumes/Home/moohard/Kerjaan-Kepegawaian/apel-app/vendor/symfony/console/Command/Command.php(341): Illuminate\\Console\\Command->execute(Object(Symfony\\Component\\Console\\Input\\ArgvInput), Object(Illuminate\\Console\\OutputStyle))
#57 /Volumes/Home/moohard/Kerjaan-Kepegawaian/apel-app/vendor/laravel/framework/src/Illuminate/Console/Command.php(180): Symfony\\Component\\Console\\Command\\Command->run(Object(Symfony\\Component\\Console\\Input\\ArgvInput), Object(Illuminate\\Console\\OutputStyle))
#58 /Volumes/Home/moohard/Kerjaan-Kepegawaian/apel-app/vendor/symfony/console/Application.php(1102): Illuminate\\Console\\Command->run(Object(Symfony\\Component\\Console\\Input\\ArgvInput), Object(Symfony\\Component\\Console\\Output\\ConsoleOutput))
#59 /Volumes/Home/moohard/Kerjaan-Kepegawaian/apel-app/vendor/symfony/console/Application.php(356): Symfony\\Component\\Console\\Application->doRunCommand(Object(Laravel\\Boost\\Console\\StartCommand), Object(Symfony\\Component\\Console\\Input\\ArgvInput), Object(Symfony\\Component\\Console\\Output\\ConsoleOutput))
#60 /Volumes/Home/moohard/Kerjaan-Kepegawaian/apel-app/vendor/symfony/console/Application.php(195): Symfony\\Component\\Console\\Application->doRun(Object(Symfony\\Component\\Console\\Input\\ArgvInput), Object(Symfony\\Component\\Console\\Output\\ConsoleOutput))
#61 /Volumes/Home/moohard/Kerjaan-Kepegawaian/apel-app/vendor/laravel/framework/src/Illuminate/Foundation/Console/Kernel.php(198): Symfony\\Component\\Console\\Application->run(Object(Symfony\\Component\\Console\\Input\\ArgvInput), Object(Symfony\\Component\\Console\\Output\\ConsoleOutput))
#62 /Volumes/Home/moohard/Kerjaan-Kepegawaian/apel-app/vendor/laravel/framework/src/Illuminate/Foundation/Application.php(1235): Illuminate\\Foundation\\Console\\Kernel->handle(Object(Symfony\\Component\\Console\\Input\\ArgvInput), Object(Symfony\\Component\\Console\\Output\\ConsoleOutput))
#63 /Volumes/Home/moohard/Kerjaan-Kepegawaian/apel-app/artisan(16): Illuminate\\Foundation\\Application->handleCommand(Object(Symfony\\Component\\Console\\Input\\ArgvInput))
#64 {main}
"} 
[2026-01-12 00:17:57] local.ERROR: Class "Redis" not found {"exception":"[object] (Error(code: 0): Class \"Redis\" not found at /Volumes/Home/moohard/Kerjaan-Kepegawaian/apel-app/vendor/laravel/framework/src/Illuminate/Redis/Connectors/PhpRedisConnector.php:80)
[stacktrace]
#0 /Volumes/Home/moohard/Kerjaan-Kepegawaian/apel-app/vendor/laravel/framework/src/Illuminate/Redis/Connectors/PhpRedisConnector.php(34): Illuminate\\Redis\\Connectors\\PhpRedisConnector->createClient(Array)
#1 /Volumes/Home/moohard/Kerjaan-Kepegawaian/apel-app/vendor/laravel/framework/src/Illuminate/Redis/Connectors/PhpRedisConnector.php(39): Illuminate\\Redis\\Connectors\\PhpRedisConnector->{closure:Illuminate\\Redis\\Connectors\\PhpRedisConnector::connect():33}()
#2 /Volumes/Home/moohard/Kerjaan-Kepegawaian/apel-app/vendor/laravel/framework/src/Illuminate/Redis/RedisManager.php(111): Illuminate\\Redis\\Connectors\\PhpRedisConnector->connect(Array, Array)
#3 /Volumes/Home/moohard/Kerjaan-Kepegawaian/apel-app/vendor/laravel/framework/src/Illuminate/Redis/RedisManager.php(92): Illuminate\\Redis\\RedisManager->resolve('cache')
#4 /Volumes/Home/moohard/Kerjaan-Kepegawaian/apel-app/vendor/laravel/framework/src/Illuminate/Cache/RedisStore.php(368): Illuminate\\Redis\\RedisManager->connection('cache')
#5 /Volumes/Home/moohard/Kerjaan-Kepegawaian/apel-app/vendor/laravel/framework/src/Illuminate/Cache/RedisStore.php(71): Illuminate\\Cache\\RedisStore->connection()
#6 /Volumes/Home/moohard/Kerjaan-Kepegawaian/apel-app/vendor/laravel/framework/src/Illuminate/Cache/Repository.php(119): Illuminate\\Cache\\RedisStore->get('boost.roster.sc...')
#7 /Volumes/Home/moohard/Kerjaan-Kepegawaian/apel-app/vendor/laravel/framework/src/Illuminate/Cache/CacheManager.php(530): Illuminate\\Cache\\Repository->get('boost.roster.sc...')
#8 /Volumes/Home/moohard/Kerjaan-Kepegawaian/apel-app/vendor/laravel/boost/src/BoostServiceProvider.php(50): Illuminate\\Cache\\CacheManager->__call('get', Array)
#9 /Volumes/Home/moohard/Kerjaan-Kepegawaian/apel-app/vendor/laravel/framework/src/Illuminate/Container/Container.php(1115): Laravel\\Boost\\BoostServiceProvider->{closure:Laravel\\Boost\\BoostServiceProvider::register():37}(Object(Illuminate\\Foundation\\Application), Array)
#10 /Volumes/Home/moohard/Kerjaan-Kepegawaian/apel-app/vendor/laravel/framework/src/Illuminate/Container/Container.php(933): Illuminate\\Container\\Container->build(Object(Closure))
#11 /Volumes/Home/moohard/Kerjaan-Kepegawaian/apel-app/vendor/laravel/framework/src/Illuminate/Foundation/Application.php(1078): Illuminate\\Container\\Container->resolve('Laravel\\\\Roster\\\\...', Array, true)
#12 /Volumes/Home/moohard/Kerjaan-Kepegawaian/apel-app/vendor/laravel/framework/src/Illuminate/Container/Container.php(864): Illuminate\\Foundation\\Application->resolve('Laravel\\\\Roster\\\\...', Array)
#13 /Volumes/Home/moohard/Kerjaan-Kepegawaian/apel-app/vendor/laravel/framework/src/Illuminate/Foundation/Application.php(1058): Illuminate\\Container\\Container->make('Laravel\\\\Roster\\\\...', Array)
#14 /Volumes/Home/moohard/Kerjaan-Kepegawaian/apel-app/vendor/laravel/framework/src/Illuminate/Container/Container.php(1338): Illuminate\\Foundation\\Application->make('Laravel\\\\Roster\\\\...')
#15 /Volumes/Home/moohard/Kerjaan-Kepegawaian/apel-app/vendor/laravel/framework/src/Illuminate/Container/Container.php(1239): Illuminate\\Container\\Container->resolveClass(Object(ReflectionParameter))
#16 /Volumes/Home/moohard/Kerjaan-Kepegawaian/apel-app/vendor/laravel/framework/src/Illuminate/Container/Container.php(1162): Illuminate\\Container\\Container->resolveDependencies(Array)
#17 /Volumes/Home/moohard/Kerjaan-Kepegawaian/apel-app/vendor/laravel/framework/src/Illuminate/Container/Container.php(933): Illuminate\\Container\\Container->build('Laravel\\\\Boost\\\\M...')
#18 /Volumes/Home/moohard/Kerjaan-Kepegawaian/apel-app/vendor/laravel/framework/src/Illuminate/Foundation/Application.php(1078): Illuminate\\Container\\Container->resolve('Laravel\\\\Boost\\\\M...', Array, true)
#19 /Volumes/Home/moohard/Kerjaan-Kepegawaian/apel-app/vendor/laravel/framework/src/Illuminate/Container/Container.php(864): Illuminate\\Foundation\\Application->resolve('Laravel\\\\Boost\\\\M...', Array)
#20 /Volumes/Home/moohard/Kerjaan-Kepegawaian/apel-app/vendor/laravel/framework/src/Illuminate/Foundation/Application.php(1058): Illuminate\\Container\\Container->make('Laravel\\\\Boost\\\\M...', Array)
#21 /Volumes/Home/moohard/Kerjaan-Kepegawaian/apel-app/vendor/laravel/mcp/src/Server/ServerContext.php(100): Illuminate\\Foundation\\Application->make('Laravel\\\\Boost\\\\M...')
#22 [internal function]: Laravel\\Mcp\\Server\\ServerContext->{closure:Laravel\\Mcp\\Server\\ServerContext::resolvePrimitives():99}('Laravel\\\\Boost\\\\M...', 0)
#23 /Volumes/Home/moohard/Kerjaan-Kepegawaian/apel-app/vendor/laravel/framework/src/Illuminate/Collections/Arr.php(788): array_map(Object(Closure), Array, Array)
#24 /Volumes/Home/moohard/Kerjaan-Kepegawaian/apel-app/vendor/laravel/framework/src/Illuminate/Collections/Collection.php(819): Illuminate\\Support\\Arr::map(Array, Object(Closure))
#25 /Volumes/Home/moohard/Kerjaan-Kepegawaian/apel-app/vendor/laravel/mcp/src/Server/ServerContext.php(99): Illuminate\\Support\\Collection->map(Object(Closure))
#26 /Volumes/Home/moohard/Kerjaan-Kepegawaian/apel-app/vendor/laravel/mcp/src/Server/ServerContext.php(43): Laravel\\Mcp\\Server\\ServerContext->resolvePrimitives(Object(Illuminate\\Support\\Collection))
#27 /Volumes/Home/moohard/Kerjaan-Kepegawaian/apel-app/vendor/laravel/mcp/src/Server/Methods/ListTools.php(18): Laravel\\Mcp\\Server\\ServerContext->tools()
#28 /Volumes/Home/moohard/Kerjaan-Kepegawaian/apel-app/vendor/laravel/mcp/src/Server.php(276): Laravel\\Mcp\\Server\\Methods\\ListTools->handle(Object(Laravel\\Mcp\\Server\\Transport\\JsonRpcRequest), Object(Laravel\\Mcp\\Server\\ServerContext))
#29 /Volumes/Home/moohard/Kerjaan-Kepegawaian/apel-app/vendor/laravel/mcp/src/Server.php(244): Laravel\\Mcp\\Server->runMethodHandle(Object(Laravel\\Mcp\\Server\\Transport\\JsonRpcRequest), Object(Laravel\\Mcp\\Server\\ServerContext))
#30 /Volumes/Home/moohard/Kerjaan-Kepegawaian/apel-app/vendor/laravel/mcp/src/Server.php(201): Laravel\\Mcp\\Server->handleMessage(Object(Laravel\\Mcp\\Server\\Transport\\JsonRpcRequest), Object(Laravel\\Mcp\\Server\\ServerContext))
#31 /Volumes/Home/moohard/Kerjaan-Kepegawaian/apel-app/vendor/laravel/mcp/src/Server/Transport/StdioTransport.php(44): Laravel\\Mcp\\Server->handle('{\"method\":\"tool...')
#32 /Volumes/Home/moohard/Kerjaan-Kepegawaian/apel-app/vendor/laravel/mcp/src/Server/Registrar.php(141): Laravel\\Mcp\\Server\\Transport\\StdioTransport->run()
#33 /Volumes/Home/moohard/Kerjaan-Kepegawaian/apel-app/vendor/laravel/mcp/src/Server/Registrar.php(59): Laravel\\Mcp\\Server\\Registrar::startServer('Laravel\\\\Boost\\\\M...', Object(Closure))
#34 /Volumes/Home/moohard/Kerjaan-Kepegawaian/apel-app/vendor/laravel/mcp/src/Console/Commands/StartCommand.php(32): Laravel\\Mcp\\Server\\Registrar->{closure:Laravel\\Mcp\\Server\\Registrar::local():59}()
#35 /Volumes/Home/moohard/Kerjaan-Kepegawaian/apel-app/vendor/laravel/framework/src/Illuminate/Container/BoundMethod.php(36): Laravel\\Mcp\\Console\\Commands\\StartCommand->handle(Object(Laravel\\Mcp\\Server\\Registrar))
#36 /Volumes/Home/moohard/Kerjaan-Kepegawaian/apel-app/vendor/laravel/framework/src/Illuminate/Container/Util.php(43): Illuminate\\Container\\BoundMethod::{closure:Illuminate\\Container\\BoundMethod::call():35}()
#37 /Volumes/Home/moohard/Kerjaan-Kepegawaian/apel-app/vendor/laravel/framework/src/Illuminate/Container/BoundMethod.php(96): Illuminate\\Container\\Util::unwrapIfClosure(Object(Closure))
#38 /Volumes/Home/moohard/Kerjaan-Kepegawaian/apel-app/vendor/laravel/framework/src/Illuminate/Container/BoundMethod.php(35): Illuminate\\Container\\BoundMethod::callBoundMethod(Object(Illuminate\\Foundation\\Application), Array, Object(Closure))
#39 /Volumes/Home/moohard/Kerjaan-Kepegawaian/apel-app/vendor/laravel/framework/src/Illuminate/Container/Container.php(799): Illuminate\\Container\\BoundMethod::call(Object(Illuminate\\Foundation\\Application), Array, Array, NULL)
#40 /Volumes/Home/moohard/Kerjaan-Kepegawaian/apel-app/vendor/laravel/framework/src/Illuminate/Console/Command.php(211): Illuminate\\Container\\Container->call(Array)
#41 /Volumes/Home/moohard/Kerjaan-Kepegawaian/apel-app/vendor/symfony/console/Command/Command.php(341): Illuminate\\Console\\Command->execute(Object(Symfony\\Component\\Console\\Input\\StringInput), Object(Illuminate\\Console\\OutputStyle))
#42 /Volumes/Home/moohard/Kerjaan-Kepegawaian/apel-app/vendor/laravel/framework/src/Illuminate/Console/Command.php(180): Symfony\\Component\\Console\\Command\\Command->run(Object(Symfony\\Component\\Console\\Input\\StringInput), Object(Illuminate\\Console\\OutputStyle))
#43 /Volumes/Home/moohard/Kerjaan-Kepegawaian/apel-app/vendor/symfony/console/Application.php(1102): Illuminate\\Console\\Command->run(Object(Symfony\\Component\\Console\\Input\\StringInput), Object(Symfony\\Component\\Console\\Output\\BufferedOutput))
#44 /Volumes/Home/moohard/Kerjaan-Kepegawaian/apel-app/vendor/symfony/console/Application.php(356): Symfony\\Component\\Console\\Application->doRunCommand(Object(Laravel\\Mcp\\Console\\Commands\\StartCommand), Object(Symfony\\Component\\Console\\Input\\StringInput), Object(Symfony\\Component\\Console\\Output\\BufferedOutput))
#45 /Volumes/Home/moohard/Kerjaan-Kepegawaian/apel-app/vendor/symfony/console/Application.php(195): Symfony\\Component\\Console\\Application->doRun(Object(Symfony\\Component\\Console\\Input\\StringInput), Object(Symfony\\Component\\Console\\Output\\BufferedOutput))
#46 /Volumes/Home/moohard/Kerjaan-Kepegawaian/apel-app/vendor/laravel/framework/src/Illuminate/Console/Application.php(165): Symfony\\Component\\Console\\Application->run(Object(Symfony\\Component\\Console\\Input\\StringInput), Object(Symfony\\Component\\Console\\Output\\BufferedOutput))
#47 /Volumes/Home/moohard/Kerjaan-Kepegawaian/apel-app/vendor/laravel/framework/src/Illuminate/Foundation/Console/Kernel.php(447): Illuminate\\Console\\Application->call('mcp:start', Array, NULL)
#48 /Volumes/Home/moohard/Kerjaan-Kepegawaian/apel-app/vendor/laravel/framework/src/Illuminate/Support/Facades/Facade.php(363): Illuminate\\Foundation\\Console\\Kernel->call('mcp:start larav...')
#49 /Volumes/Home/moohard/Kerjaan-Kepegawaian/apel-app/vendor/laravel/boost/src/Console/StartCommand.php(16): Illuminate\\Support\\Facades\\Facade::__callStatic('call', Array)
#50 /Volumes/Home/moohard/Kerjaan-Kepegawaian/apel-app/vendor/laravel/framework/src/Illuminate/Container/BoundMethod.php(36): Laravel\\Boost\\Console\\StartCommand->handle()
#51 /Volumes/Home/moohard/Kerjaan-Kepegawaian/apel-app/vendor/laravel/framework/src/Illuminate/Container/Util.php(43): Illuminate\\Container\\BoundMethod::{closure:Illuminate\\Container\\BoundMethod::call():35}()
#52 /Volumes/Home/moohard/Kerjaan-Kepegawaian/apel-app/vendor/laravel/framework/src/Illuminate/Container/BoundMethod.php(96): Illuminate\\Container\\Util::unwrapIfClosure(Object(Closure))
#53 /Volumes/Home/moohard/Kerjaan-Kepegawaian/apel-app/vendor/laravel/framework/src/Illuminate/Container/BoundMethod.php(35): Illuminate\\Container\\BoundMethod::callBoundMethod(Object(Illuminate\\Foundation\\Application), Array, Object(Closure))
#54 /Volumes/Home/moohard/Kerjaan-Kepegawaian/apel-app/vendor/laravel/framework/src/Illuminate/Container/Container.php(799): Illuminate\\Container\\BoundMethod::call(Object(Illuminate\\Foundation\\Application), Array, Array, NULL)
#55 /Volumes/Home/moohard/Kerjaan-Kepegawaian/apel-app/vendor/laravel/framework/src/Illuminate/Console/Command.php(211): Illuminate\\Container\\Container->call(Array)
#56 /Volumes/Home/moohard/Kerjaan-Kepegawaian/apel-app/vendor/symfony/console/Command/Command.php(341): Illuminate\\Console\\Command->execute(Object(Symfony\\Component\\Console\\Input\\ArgvInput), Object(Illuminate\\Console\\OutputStyle))
#57 /Volumes/Home/moohard/Kerjaan-Kepegawaian/apel-app/vendor/laravel/framework/src/Illuminate/Console/Command.php(180): Symfony\\Component\\Console\\Command\\Command->run(Object(Symfony\\Component\\Console\\Input\\ArgvInput), Object(Illuminate\\Console\\OutputStyle))
#58 /Volumes/Home/moohard/Kerjaan-Kepegawaian/apel-app/vendor/symfony/console/Application.php(1102): Illuminate\\Console\\Command->run(Object(Symfony\\Component\\Console\\Input\\ArgvInput), Object(Symfony\\Component\\Console\\Output\\ConsoleOutput))
#59 /Volumes/Home/moohard/Kerjaan-Kepegawaian/apel-app/vendor/symfony/console/Application.php(356): Symfony\\Component\\Console\\Application->doRunCommand(Object(Laravel\\Boost\\Console\\StartCommand), Object(Symfony\\Component\\Console\\Input\\ArgvInput), Object(Symfony\\Component\\Console\\Output\\ConsoleOutput))
#60 /Volumes/Home/moohard/Kerjaan-Kepegawaian/apel-app/vendor/symfony/console/Application.php(195): Symfony\\Component\\Console\\Application->doRun(Object(Symfony\\Component\\Console\\Input\\ArgvInput), Object(Symfony\\Component\\Console\\Output\\ConsoleOutput))
#61 /Volumes/Home/moohard/Kerjaan-Kepegawaian/apel-app/vendor/laravel/framework/src/Illuminate/Foundation/Console/Kernel.php(198): Symfony\\Component\\Console\\Application->run(Object(Symfony\\Component\\Console\\Input\\ArgvInput), Object(Symfony\\Component\\Console\\Output\\ConsoleOutput))
#62 /Volumes/Home/moohard/Kerjaan-Kepegawaian/apel-app/vendor/laravel/framework/src/Illuminate/Foundation/Application.php(1235): Illuminate\\Foundation\\Console\\Kernel->handle(Object(Symfony\\Component\\Console\\Input\\ArgvInput), Object(Symfony\\Component\\Console\\Output\\ConsoleOutput))
#63 /Volumes/Home/moohard/Kerjaan-Kepegawaian/apel-app/artisan(16): Illuminate\\Foundation\\Application->handleCommand(Object(Symfony\\Component\\Console\\Input\\ArgvInput))
#64 {main}
"} 
[2026-01-12 00:21:48] local.ERROR: Class "Redis" not found {"exception":"[object] (Error(code: 0): Class \"Redis\" not found at /Volumes/Home/moohard/Kerjaan-Kepegawaian/apel-app/vendor/laravel/framework/src/Illuminate/Redis/Connectors/PhpRedisConnector.php:80)
[stacktrace]
#0 /Volumes/Home/moohard/Kerjaan-Kepegawaian/apel-app/vendor/laravel/framework/src/Illuminate/Redis/Connectors/PhpRedisConnector.php(34): Illuminate\\Redis\\Connectors\\PhpRedisConnector->createClient(Array)
#1 /Volumes/Home/moohard/Kerjaan-Kepegawaian/apel-app/vendor/laravel/framework/src/Illuminate/Redis/Connectors/PhpRedisConnector.php(39): Illuminate\\Redis\\Connectors\\PhpRedisConnector->{closure:Illuminate\\Redis\\Connectors\\PhpRedisConnector::connect():33}()
#2 /Volumes/Home/moohard/Kerjaan-Kepegawaian/apel-app/vendor/laravel/framework/src/Illuminate/Redis/RedisManager.php(111): Illuminate\\Redis\\Connectors\\PhpRedisConnector->connect(Array, Array)
#3 /Volumes/Home/moohard/Kerjaan-Kepegawaian/apel-app/vendor/laravel/framework/src/Illuminate/Redis/RedisManager.php(92): Illuminate\\Redis\\RedisManager->resolve('cache')
#4 /Volumes/Home/moohard/Kerjaan-Kepegawaian/apel-app/vendor/laravel/framework/src/Illuminate/Cache/RedisStore.php(368): Illuminate\\Redis\\RedisManager->connection('cache')
#5 /Volumes/Home/moohard/Kerjaan-Kepegawaian/apel-app/vendor/laravel/framework/src/Illuminate/Cache/RedisStore.php(71): Illuminate\\Cache\\RedisStore->connection()
#6 /Volumes/Home/moohard/Kerjaan-Kepegawaian/apel-app/vendor/laravel/framework/src/Illuminate/Cache/Repository.php(119): Illuminate\\Cache\\RedisStore->get('boost.roster.sc...')
#7 /Volumes/Home/moohard/Kerjaan-Kepegawaian/apel-app/vendor/laravel/framework/src/Illuminate/Cache/CacheManager.php(530): Illuminate\\Cache\\Repository->get('boost.roster.sc...')
#8 /Volumes/Home/moohard/Kerjaan-Kepegawaian/apel-app/vendor/laravel/boost/src/BoostServiceProvider.php(50): Illuminate\\Cache\\CacheManager->__call('get', Array)
#9 /Volumes/Home/moohard/Kerjaan-Kepegawaian/apel-app/vendor/laravel/framework/src/Illuminate/Container/Container.php(1115): Laravel\\Boost\\BoostServiceProvider->{closure:Laravel\\Boost\\BoostServiceProvider::register():37}(Object(Illuminate\\Foundation\\Application), Array)
#10 /Volumes/Home/moohard/Kerjaan-Kepegawaian/apel-app/vendor/laravel/framework/src/Illuminate/Container/Container.php(933): Illuminate\\Container\\Container->build(Object(Closure))
#11 /Volumes/Home/moohard/Kerjaan-Kepegawaian/apel-app/vendor/laravel/framework/src/Illuminate/Foundation/Application.php(1078): Illuminate\\Container\\Container->resolve('Laravel\\\\Roster\\\\...', Array, true)
#12 /Volumes/Home/moohard/Kerjaan-Kepegawaian/apel-app/vendor/laravel/framework/src/Illuminate/Container/Container.php(864): Illuminate\\Foundation\\Application->resolve('Laravel\\\\Roster\\\\...', Array)
#13 /Volumes/Home/moohard/Kerjaan-Kepegawaian/apel-app/vendor/laravel/framework/src/Illuminate/Foundation/Application.php(1058): Illuminate\\Container\\Container->make('Laravel\\\\Roster\\\\...', Array)
#14 /Volumes/Home/moohard/Kerjaan-Kepegawaian/apel-app/vendor/laravel/framework/src/Illuminate/Container/Container.php(1338): Illuminate\\Foundation\\Application->make('Laravel\\\\Roster\\\\...')
#15 /Volumes/Home/moohard/Kerjaan-Kepegawaian/apel-app/vendor/laravel/framework/src/Illuminate/Container/Container.php(1239): Illuminate\\Container\\Container->resolveClass(Object(ReflectionParameter))
#16 /Volumes/Home/moohard/Kerjaan-Kepegawaian/apel-app/vendor/laravel/framework/src/Illuminate/Container/Container.php(1162): Illuminate\\Container\\Container->resolveDependencies(Array)
#17 /Volumes/Home/moohard/Kerjaan-Kepegawaian/apel-app/vendor/laravel/framework/src/Illuminate/Container/Container.php(933): Illuminate\\Container\\Container->build('Laravel\\\\Boost\\\\M...')
#18 /Volumes/Home/moohard/Kerjaan-Kepegawaian/apel-app/vendor/laravel/framework/src/Illuminate/Foundation/Application.php(1078): Illuminate\\Container\\Container->resolve('Laravel\\\\Boost\\\\M...', Array, true)
#19 /Volumes/Home/moohard/Kerjaan-Kepegawaian/apel-app/vendor/laravel/framework/src/Illuminate/Container/Container.php(864): Illuminate\\Foundation\\Application->resolve('Laravel\\\\Boost\\\\M...', Array)
#20 /Volumes/Home/moohard/Kerjaan-Kepegawaian/apel-app/vendor/laravel/framework/src/Illuminate/Foundation/Application.php(1058): Illuminate\\Container\\Container->make('Laravel\\\\Boost\\\\M...', Array)
#21 /Volumes/Home/moohard/Kerjaan-Kepegawaian/apel-app/vendor/laravel/mcp/src/Server/ServerContext.php(100): Illuminate\\Foundation\\Application->make('Laravel\\\\Boost\\\\M...')
#22 [internal function]: Laravel\\Mcp\\Server\\ServerContext->{closure:Laravel\\Mcp\\Server\\ServerContext::resolvePrimitives():99}('Laravel\\\\Boost\\\\M...', 0)
#23 /Volumes/Home/moohard/Kerjaan-Kepegawaian/apel-app/vendor/laravel/framework/src/Illuminate/Collections/Arr.php(788): array_map(Object(Closure), Array, Array)
#24 /Volumes/Home/moohard/Kerjaan-Kepegawaian/apel-app/vendor/laravel/framework/src/Illuminate/Collections/Collection.php(819): Illuminate\\Support\\Arr::map(Array, Object(Closure))
#25 /Volumes/Home/moohard/Kerjaan-Kepegawaian/apel-app/vendor/laravel/mcp/src/Server/ServerContext.php(99): Illuminate\\Support\\Collection->map(Object(Closure))
#26 /Volumes/Home/moohard/Kerjaan-Kepegawaian/apel-app/vendor/laravel/mcp/src/Server/ServerContext.php(43): Laravel\\Mcp\\Server\\ServerContext->resolvePrimitives(Object(Illuminate\\Support\\Collection))
#27 /Volumes/Home/moohard/Kerjaan-Kepegawaian/apel-app/vendor/laravel/mcp/src/Server/Methods/ListTools.php(18): Laravel\\Mcp\\Server\\ServerContext->tools()
#28 /Volumes/Home/moohard/Kerjaan-Kepegawaian/apel-app/vendor/laravel/mcp/src/Server.php(276): Laravel\\Mcp\\Server\\Methods\\ListTools->handle(Object(Laravel\\Mcp\\Server\\Transport\\JsonRpcRequest), Object(Laravel\\Mcp\\Server\\ServerContext))
#29 /Volumes/Home/moohard/Kerjaan-Kepegawaian/apel-app/vendor/laravel/mcp/src/Server.php(244): Laravel\\Mcp\\Server->runMethodHandle(Object(Laravel\\Mcp\\Server\\Transport\\JsonRpcRequest), Object(Laravel\\Mcp\\Server\\ServerContext))
#30 /Volumes/Home/moohard/Kerjaan-Kepegawaian/apel-app/vendor/laravel/mcp/src/Server.php(201): Laravel\\Mcp\\Server->handleMessage(Object(Laravel\\Mcp\\Server\\Transport\\JsonRpcRequest), Object(Laravel\\Mcp\\Server\\ServerContext))
#31 /Volumes/Home/moohard/Kerjaan-Kepegawaian/apel-app/vendor/laravel/mcp/src/Server/Transport/StdioTransport.php(44): Laravel\\Mcp\\Server->handle('{\"method\":\"tool...')
#32 /Volumes/Home/moohard/Kerjaan-Kepegawaian/apel-app/vendor/laravel/mcp/src/Server/Registrar.php(141): Laravel\\Mcp\\Server\\Transport\\StdioTransport->run()
#33 /Volumes/Home/moohard/Kerjaan-Kepegawaian/apel-app/vendor/laravel/mcp/src/Server/Registrar.php(59): Laravel\\Mcp\\Server\\Registrar::startServer('Laravel\\\\Boost\\\\M...', Object(Closure))
#34 /Volumes/Home/moohard/Kerjaan-Kepegawaian/apel-app/vendor/laravel/mcp/src/Console/Commands/StartCommand.php(32): Laravel\\Mcp\\Server\\Registrar->{closure:Laravel\\Mcp\\Server\\Registrar::local():59}()
#35 /Volumes/Home/moohard/Kerjaan-Kepegawaian/apel-app/vendor/laravel/framework/src/Illuminate/Container/BoundMethod.php(36): Laravel\\Mcp\\Console\\Commands\\StartCommand->handle(Object(Laravel\\Mcp\\Server\\Registrar))
#36 /Volumes/Home/moohard/Kerjaan-Kepegawaian/apel-app/vendor/laravel/framework/src/Illuminate/Container/Util.php(43): Illuminate\\Container\\BoundMethod::{closure:Illuminate\\Container\\BoundMethod::call():35}()
#37 /Volumes/Home/moohard/Kerjaan-Kepegawaian/apel-app/vendor/laravel/framework/src/Illuminate/Container/BoundMethod.php(96): Illuminate\\Container\\Util::unwrapIfClosure(Object(Closure))
#38 /Volumes/Home/moohard/Kerjaan-Kepegawaian/apel-app/vendor/laravel/framework/src/Illuminate/Container/BoundMethod.php(35): Illuminate\\Container\\BoundMethod::callBoundMethod(Object(Illuminate\\Foundation\\Application), Array, Object(Closure))
#39 /Volumes/Home/moohard/Kerjaan-Kepegawaian/apel-app/vendor/laravel/framework/src/Illuminate/Container/Container.php(799): Illuminate\\Container\\BoundMethod::call(Object(Illuminate\\Foundation\\Application), Array, Array, NULL)
#40 /Volumes/Home/moohard/Kerjaan-Kepegawaian/apel-app/vendor/laravel/framework/src/Illuminate/Console/Command.php(211): Illuminate\\Container\\Container->call(Array)
#41 /Volumes/Home/moohard/Kerjaan-Kepegawaian/apel-app/vendor/symfony/console/Command/Command.php(341): Illuminate\\Console\\Command->execute(Object(Symfony\\Component\\Console\\Input\\StringInput), Object(Illuminate\\Console\\OutputStyle))
#42 /Volumes/Home/moohard/Kerjaan-Kepegawaian/apel-app/vendor/laravel/framework/src/Illuminate/Console/Command.php(180): Symfony\\Component\\Console\\Command\\Command->run(Object(Symfony\\Component\\Console\\Input\\StringInput), Object(Illuminate\\Console\\OutputStyle))
#43 /Volumes/Home/moohard/Kerjaan-Kepegawaian/apel-app/vendor/symfony/console/Application.php(1102): Illuminate\\Console\\Command->run(Object(Symfony\\Component\\Console\\Input\\StringInput), Object(Symfony\\Component\\Console\\Output\\BufferedOutput))
#44 /Volumes/Home/moohard/Kerjaan-Kepegawaian/apel-app/vendor/symfony/console/Application.php(356): Symfony\\Component\\Console\\Application->doRunCommand(Object(Laravel\\Mcp\\Console\\Commands\\StartCommand), Object(Symfony\\Component\\Console\\Input\\StringInput), Object(Symfony\\Component\\Console\\Output\\BufferedOutput))
#45 /Volumes/Home/moohard/Kerjaan-Kepegawaian/apel-app/vendor/symfony/console/Application.php(195): Symfony\\Component\\Console\\Application->doRun(Object(Symfony\\Component\\Console\\Input\\StringInput), Object(Symfony\\Component\\Console\\Output\\BufferedOutput))
#46 /Volumes/Home/moohard/Kerjaan-Kepegawaian/apel-app/vendor/laravel/framework/src/Illuminate/Console/Application.php(165): Symfony\\Component\\Console\\Application->run(Object(Symfony\\Component\\Console\\Input\\StringInput), Object(Symfony\\Component\\Console\\Output\\BufferedOutput))
#47 /Volumes/Home/moohard/Kerjaan-Kepegawaian/apel-app/vendor/laravel/framework/src/Illuminate/Foundation/Console/Kernel.php(447): Illuminate\\Console\\Application->call('mcp:start', Array, NULL)
#48 /Volumes/Home/moohard/Kerjaan-Kepegawaian/apel-app/vendor/laravel/framework/src/Illuminate/Support/Facades/Facade.php(363): Illuminate\\Foundation\\Console\\Kernel->call('mcp:start larav...')
#49 /Volumes/Home/moohard/Kerjaan-Kepegawaian/apel-app/vendor/laravel/boost/src/Console/StartCommand.php(16): Illuminate\\Support\\Facades\\Facade::__callStatic('call', Array)
#50 /Volumes/Home/moohard/Kerjaan-Kepegawaian/apel-app/vendor/laravel/framework/src/Illuminate/Container/BoundMethod.php(36): Laravel\\Boost\\Console\\StartCommand->handle()
#51 /Volumes/Home/moohard/Kerjaan-Kepegawaian/apel-app/vendor/laravel/framework/src/Illuminate/Container/Util.php(43): Illuminate\\Container\\BoundMethod::{closure:Illuminate\\Container\\BoundMethod::call():35}()
#52 /Volumes/Home/moohard/Kerjaan-Kepegawaian/apel-app/vendor/laravel/framework/src/Illuminate/Container/BoundMethod.php(96): Illuminate\\Container\\Util::unwrapIfClosure(Object(Closure))
#53 /Volumes/Home/moohard/Kerjaan-Kepegawaian/apel-app/vendor/laravel/framework/src/Illuminate/Container/BoundMethod.php(35): Illuminate\\Container\\BoundMethod::callBoundMethod(Object(Illuminate\\Foundation\\Application), Array, Object(Closure))
#54 /Volumes/Home/moohard/Kerjaan-Kepegawaian/apel-app/vendor/laravel/framework/src/Illuminate/Container/Container.php(799): Illuminate\\Container\\BoundMethod::call(Object(Illuminate\\Foundation\\Application), Array, Array, NULL)
#55 /Volumes/Home/moohard/Kerjaan-Kepegawaian/apel-app/vendor/laravel/framework/src/Illuminate/Console/Command.php(211): Illuminate\\Container\\Container->call(Array)
#56 /Volumes/Home/moohard/Kerjaan-Kepegawaian/apel-app/vendor/symfony/console/Command/Command.php(341): Illuminate\\Console\\Command->execute(Object(Symfony\\Component\\Console\\Input\\ArgvInput), Object(Illuminate\\Console\\OutputStyle))
#57 /Volumes/Home/moohard/Kerjaan-Kepegawaian/apel-app/vendor/laravel/framework/src/Illuminate/Console/Command.php(180): Symfony\\Component\\Console\\Command\\Command->run(Object(Symfony\\Component\\Console\\Input\\ArgvInput), Object(Illuminate\\Console\\OutputStyle))
#58 /Volumes/Home/moohard/Kerjaan-Kepegawaian/apel-app/vendor/symfony/console/Application.php(1102): Illuminate\\Console\\Command->run(Object(Symfony\\Component\\Console\\Input\\ArgvInput), Object(Symfony\\Component\\Console\\Output\\ConsoleOutput))
#59 /Volumes/Home/moohard/Kerjaan-Kepegawaian/apel-app/vendor/symfony/console/Application.php(356): Symfony\\Component\\Console\\Application->doRunCommand(Object(Laravel\\Boost\\Console\\StartCommand), Object(Symfony\\Component\\Console\\Input\\ArgvInput), Object(Symfony\\Component\\Console\\Output\\ConsoleOutput))
#60 /Volumes/Home/moohard/Kerjaan-Kepegawaian/apel-app/vendor/symfony/console/Application.php(195): Symfony\\Component\\Console\\Application->doRun(Object(Symfony\\Component\\Console\\Input\\ArgvInput), Object(Symfony\\Component\\Console\\Output\\ConsoleOutput))
#61 /Volumes/Home/moohard/Kerjaan-Kepegawaian/apel-app/vendor/laravel/framework/src/Illuminate/Foundation/Console/Kernel.php(198): Symfony\\Component\\Console\\Application->run(Object(Symfony\\Component\\Console\\Input\\ArgvInput), Object(Symfony\\Component\\Console\\Output\\ConsoleOutput))
#62 /Volumes/Home/moohard/Kerjaan-Kepegawaian/apel-app/vendor/laravel/framework/src/Illuminate/Foundation/Application.php(1235): Illuminate\\Foundation\\Console\\Kernel->handle(Object(Symfony\\Component\\Console\\Input\\ArgvInput), Object(Symfony\\Component\\Console\\Output\\ConsoleOutput))
#63 /Volumes/Home/moohard/Kerjaan-Kepegawaian/apel-app/artisan(16): Illuminate\\Foundation\\Application->handleCommand(Object(Symfony\\Component\\Console\\Input\\ArgvInput))
#64 {main}
"} 
[2026-01-12 00:21:48] local.ERROR: Class "Redis" not found {"exception":"[object] (Error(code: 0): Class \"Redis\" not found at /Volumes/Home/moohard/Kerjaan-Kepegawaian/apel-app/vendor/laravel/framework/src/Illuminate/Redis/Connectors/PhpRedisConnector.php:80)
[stacktrace]
#0 /Volumes/Home/moohard/Kerjaan-Kepegawaian/apel-app/vendor/laravel/framework/src/Illuminate/Redis/Connectors/PhpRedisConnector.php(34): Illuminate\\Redis\\Connectors\\PhpRedisConnector->createClient(Array)
#1 /Volumes/Home/moohard/Kerjaan-Kepegawaian/apel-app/vendor/laravel/framework/src/Illuminate/Redis/Connectors/PhpRedisConnector.php(39): Illuminate\\Redis\\Connectors\\PhpRedisConnector->{closure:Illuminate\\Redis\\Connectors\\PhpRedisConnector::connect():33}()
#2 /Volumes/Home/moohard/Kerjaan-Kepegawaian/apel-app/vendor/laravel/framework/src/Illuminate/Redis/RedisManager.php(111): Illuminate\\Redis\\Connectors\\PhpRedisConnector->connect(Array, Array)
#3 /Volumes/Home/moohard/Kerjaan-Kepegawaian/apel-app/vendor/laravel/framework/src/Illuminate/Redis/RedisManager.php(92): Illuminate\\Redis\\RedisManager->resolve('cache')
#4 /Volumes/Home/moohard/Kerjaan-Kepegawaian/apel-app/vendor/laravel/framework/src/Illuminate/Cache/RedisStore.php(368): Illuminate\\Redis\\RedisManager->connection('cache')
#5 /Volumes/Home/moohard/Kerjaan-Kepegawaian/apel-app/vendor/laravel/framework/src/Illuminate/Cache/RedisStore.php(71): Illuminate\\Cache\\RedisStore->connection()
#6 /Volumes/Home/moohard/Kerjaan-Kepegawaian/apel-app/vendor/laravel/framework/src/Illuminate/Cache/Repository.php(119): Illuminate\\Cache\\RedisStore->get('boost.roster.sc...')
#7 /Volumes/Home/moohard/Kerjaan-Kepegawaian/apel-app/vendor/laravel/framework/src/Illuminate/Cache/CacheManager.php(530): Illuminate\\Cache\\Repository->get('boost.roster.sc...')
#8 /Volumes/Home/moohard/Kerjaan-Kepegawaian/apel-app/vendor/laravel/boost/src/BoostServiceProvider.php(50): Illuminate\\Cache\\CacheManager->__call('get', Array)
#9 /Volumes/Home/moohard/Kerjaan-Kepegawaian/apel-app/vendor/laravel/framework/src/Illuminate/Container/Container.php(1115): Laravel\\Boost\\BoostServiceProvider->{closure:Laravel\\Boost\\BoostServiceProvider::register():37}(Object(Illuminate\\Foundation\\Application), Array)
#10 /Volumes/Home/moohard/Kerjaan-Kepegawaian/apel-app/vendor/laravel/framework/src/Illuminate/Container/Container.php(933): Illuminate\\Container\\Container->build(Object(Closure))
#11 /Volumes/Home/moohard/Kerjaan-Kepegawaian/apel-app/vendor/laravel/framework/src/Illuminate/Foundation/Application.php(1078): Illuminate\\Container\\Container->resolve('Laravel\\\\Roster\\\\...', Array, true)
#12 /Volumes/Home/moohard/Kerjaan-Kepegawaian/apel-app/vendor/laravel/framework/src/Illuminate/Container/Container.php(864): Illuminate\\Foundation\\Application->resolve('Laravel\\\\Roster\\\\...', Array)
#13 /Volumes/Home/moohard/Kerjaan-Kepegawaian/apel-app/vendor/laravel/framework/src/Illuminate/Foundation/Application.php(1058): Illuminate\\Container\\Container->make('Laravel\\\\Roster\\\\...', Array)
#14 /Volumes/Home/moohard/Kerjaan-Kepegawaian/apel-app/vendor/laravel/framework/src/Illuminate/Container/Container.php(1338): Illuminate\\Foundation\\Application->make('Laravel\\\\Roster\\\\...')
#15 /Volumes/Home/moohard/Kerjaan-Kepegawaian/apel-app/vendor/laravel/framework/src/Illuminate/Container/Container.php(1239): Illuminate\\Container\\Container->resolveClass(Object(ReflectionParameter))
#16 /Volumes/Home/moohard/Kerjaan-Kepegawaian/apel-app/vendor/laravel/framework/src/Illuminate/Container/Container.php(1162): Illuminate\\Container\\Container->resolveDependencies(Array)
#17 /Volumes/Home/moohard/Kerjaan-Kepegawaian/apel-app/vendor/laravel/framework/src/Illuminate/Container/Container.php(933): Illuminate\\Container\\Container->build('Laravel\\\\Boost\\\\M...')
#18 /Volumes/Home/moohard/Kerjaan-Kepegawaian/apel-app/vendor/laravel/framework/src/Illuminate/Foundation/Application.php(1078): Illuminate\\Container\\Container->resolve('Laravel\\\\Boost\\\\M...', Array, true)
#19 /Volumes/Home/moohard/Kerjaan-Kepegawaian/apel-app/vendor/laravel/framework/src/Illuminate/Container/Container.php(864): Illuminate\\Foundation\\Application->resolve('Laravel\\\\Boost\\\\M...', Array)
#20 /Volumes/Home/moohard/Kerjaan-Kepegawaian/apel-app/vendor/laravel/framework/src/Illuminate/Foundation/Application.php(1058): Illuminate\\Container\\Container->make('Laravel\\\\Boost\\\\M...', Array)
#21 /Volumes/Home/moohard/Kerjaan-Kepegawaian/apel-app/vendor/laravel/mcp/src/Server/ServerContext.php(100): Illuminate\\Foundation\\Application->make('Laravel\\\\Boost\\\\M...')
#22 [internal function]: Laravel\\Mcp\\Server\\ServerContext->{closure:Laravel\\Mcp\\Server\\ServerContext::resolvePrimitives():99}('Laravel\\\\Boost\\\\M...', 0)
#23 /Volumes/Home/moohard/Kerjaan-Kepegawaian/apel-app/vendor/laravel/framework/src/Illuminate/Collections/Arr.php(788): array_map(Object(Closure), Array, Array)
#24 /Volumes/Home/moohard/Kerjaan-Kepegawaian/apel-app/vendor/laravel/framework/src/Illuminate/Collections/Collection.php(819): Illuminate\\Support\\Arr::map(Array, Object(Closure))
#25 /Volumes/Home/moohard/Kerjaan-Kepegawaian/apel-app/vendor/laravel/mcp/src/Server/ServerContext.php(99): Illuminate\\Support\\Collection->map(Object(Closure))
#26 /Volumes/Home/moohard/Kerjaan-Kepegawaian/apel-app/vendor/laravel/mcp/src/Server/ServerContext.php(43): Laravel\\Mcp\\Server\\ServerContext->resolvePrimitives(Object(Illuminate\\Support\\Collection))
#27 /Volumes/Home/moohard/Kerjaan-Kepegawaian/apel-app/vendor/laravel/mcp/src/Server/Methods/ListTools.php(18): Laravel\\Mcp\\Server\\ServerContext->tools()
#28 /Volumes/Home/moohard/Kerjaan-Kepegawaian/apel-app/vendor/laravel/mcp/src/Server.php(276): Laravel\\Mcp\\Server\\Methods\\ListTools->handle(Object(Laravel\\Mcp\\Server\\Transport\\JsonRpcRequest), Object(Laravel\\Mcp\\Server\\ServerContext))
#29 /Volumes/Home/moohard/Kerjaan-Kepegawaian/apel-app/vendor/laravel/mcp/src/Server.php(244): Laravel\\Mcp\\Server->runMethodHandle(Object(Laravel\\Mcp\\Server\\Transport\\JsonRpcRequest), Object(Laravel\\Mcp\\Server\\ServerContext))
#30 /Volumes/Home/moohard/Kerjaan-Kepegawaian/apel-app/vendor/laravel/mcp/src/Server.php(201): Laravel\\Mcp\\Server->handleMessage(Object(Laravel\\Mcp\\Server\\Transport\\JsonRpcRequest), Object(Laravel\\Mcp\\Server\\ServerContext))
#31 /Volumes/Home/moohard/Kerjaan-Kepegawaian/apel-app/vendor/laravel/mcp/src/Server/Transport/StdioTransport.php(44): Laravel\\Mcp\\Server->handle('{\"method\":\"tool...')
#32 /Volumes/Home/moohard/Kerjaan-Kepegawaian/apel-app/vendor/laravel/mcp/src/Server/Registrar.php(141): Laravel\\Mcp\\Server\\Transport\\StdioTransport->run()
#33 /Volumes/Home/moohard/Kerjaan-Kepegawaian/apel-app/vendor/laravel/mcp/src/Server/Registrar.php(59): Laravel\\Mcp\\Server\\Registrar::startServer('Laravel\\\\Boost\\\\M...', Object(Closure))
#34 /Volumes/Home/moohard/Kerjaan-Kepegawaian/apel-app/vendor/laravel/mcp/src/Console/Commands/StartCommand.php(32): Laravel\\Mcp\\Server\\Registrar->{closure:Laravel\\Mcp\\Server\\Registrar::local():59}()
#35 /Volumes/Home/moohard/Kerjaan-Kepegawaian/apel-app/vendor/laravel/framework/src/Illuminate/Container/BoundMethod.php(36): Laravel\\Mcp\\Console\\Commands\\StartCommand->handle(Object(Laravel\\Mcp\\Server\\Registrar))
#36 /Volumes/Home/moohard/Kerjaan-Kepegawaian/apel-app/vendor/laravel/framework/src/Illuminate/Container/Util.php(43): Illuminate\\Container\\BoundMethod::{closure:Illuminate\\Container\\BoundMethod::call():35}()
#37 /Volumes/Home/moohard/Kerjaan-Kepegawaian/apel-app/vendor/laravel/framework/src/Illuminate/Container/BoundMethod.php(96): Illuminate\\Container\\Util::unwrapIfClosure(Object(Closure))
#38 /Volumes/Home/moohard/Kerjaan-Kepegawaian/apel-app/vendor/laravel/framework/src/Illuminate/Container/BoundMethod.php(35): Illuminate\\Container\\BoundMethod::callBoundMethod(Object(Illuminate\\Foundation\\Application), Array, Object(Closure))
#39 /Volumes/Home/moohard/Kerjaan-Kepegawaian/apel-app/vendor/laravel/framework/src/Illuminate/Container/Container.php(799): Illuminate\\Container\\BoundMethod::call(Object(Illuminate\\Foundation\\Application), Array, Array, NULL)
#40 /Volumes/Home/moohard/Kerjaan-Kepegawaian/apel-app/vendor/laravel/framework/src/Illuminate/Console/Command.php(211): Illuminate\\Container\\Container->call(Array)
#41 /Volumes/Home/moohard/Kerjaan-Kepegawaian/apel-app/vendor/symfony/console/Command/Command.php(341): Illuminate\\Console\\Command->execute(Object(Symfony\\Component\\Console\\Input\\StringInput), Object(Illuminate\\Console\\OutputStyle))
#42 /Volumes/Home/moohard/Kerjaan-Kepegawaian/apel-app/vendor/laravel/framework/src/Illuminate/Console/Command.php(180): Symfony\\Component\\Console\\Command\\Command->run(Object(Symfony\\Component\\Console\\Input\\StringInput), Object(Illuminate\\Console\\OutputStyle))
#43 /Volumes/Home/moohard/Kerjaan-Kepegawaian/apel-app/vendor/symfony/console/Application.php(1102): Illuminate\\Console\\Command->run(Object(Symfony\\Component\\Console\\Input\\StringInput), Object(Symfony\\Component\\Console\\Output\\BufferedOutput))
#44 /Volumes/Home/moohard/Kerjaan-Kepegawaian/apel-app/vendor/symfony/console/Application.php(356): Symfony\\Component\\Console\\Application->doRunCommand(Object(Laravel\\Mcp\\Console\\Commands\\StartCommand), Object(Symfony\\Component\\Console\\Input\\StringInput), Object(Symfony\\Component\\Console\\Output\\BufferedOutput))
#45 /Volumes/Home/moohard/Kerjaan-Kepegawaian/apel-app/vendor/symfony/console/Application.php(195): Symfony\\Component\\Console\\Application->doRun(Object(Symfony\\Component\\Console\\Input\\StringInput), Object(Symfony\\Component\\Console\\Output\\BufferedOutput))
#46 /Volumes/Home/moohard/Kerjaan-Kepegawaian/apel-app/vendor/laravel/framework/src/Illuminate/Console/Application.php(165): Symfony\\Component\\Console\\Application->run(Object(Symfony\\Component\\Console\\Input\\StringInput), Object(Symfony\\Component\\Console\\Output\\BufferedOutput))
#47 /Volumes/Home/moohard/Kerjaan-Kepegawaian/apel-app/vendor/laravel/framework/src/Illuminate/Foundation/Console/Kernel.php(447): Illuminate\\Console\\Application->call('mcp:start', Array, NULL)
#48 /Volumes/Home/moohard/Kerjaan-Kepegawaian/apel-app/vendor/laravel/framework/src/Illuminate/Support/Facades/Facade.php(363): Illuminate\\Foundation\\Console\\Kernel->call('mcp:start larav...')
#49 /Volumes/Home/moohard/Kerjaan-Kepegawaian/apel-app/vendor/laravel/boost/src/Console/StartCommand.php(16): Illuminate\\Support\\Facades\\Facade::__callStatic('call', Array)
#50 /Volumes/Home/moohard/Kerjaan-Kepegawaian/apel-app/vendor/laravel/framework/src/Illuminate/Container/BoundMethod.php(36): Laravel\\Boost\\Console\\StartCommand->handle()
#51 /Volumes/Home/moohard/Kerjaan-Kepegawaian/apel-app/vendor/laravel/framework/src/Illuminate/Container/Util.php(43): Illuminate\\Container\\BoundMethod::{closure:Illuminate\\Container\\BoundMethod::call():35}()
#52 /Volumes/Home/moohard/Kerjaan-Kepegawaian/apel-app/vendor/laravel/framework/src/Illuminate/Container/BoundMethod.php(96): Illuminate\\Container\\Util::unwrapIfClosure(Object(Closure))
#53 /Volumes/Home/moohard/Kerjaan-Kepegawaian/apel-app/vendor/laravel/framework/src/Illuminate/Container/BoundMethod.php(35): Illuminate\\Container\\BoundMethod::callBoundMethod(Object(Illuminate\\Foundation\\Application), Array, Object(Closure))
#54 /Volumes/Home/moohard/Kerjaan-Kepegawaian/apel-app/vendor/laravel/framework/src/Illuminate/Container/Container.php(799): Illuminate\\Container\\BoundMethod::call(Object(Illuminate\\Foundation\\Application), Array, Array, NULL)
#55 /Volumes/Home/moohard/Kerjaan-Kepegawaian/apel-app/vendor/laravel/framework/src/Illuminate/Console/Command.php(211): Illuminate\\Container\\Container->call(Array)
#56 /Volumes/Home/moohard/Kerjaan-Kepegawaian/apel-app/vendor/symfony/console/Command/Command.php(341): Illuminate\\Console\\Command->execute(Object(Symfony\\Component\\Console\\Input\\ArgvInput), Object(Illuminate\\Console\\OutputStyle))
#57 /Volumes/Home/moohard/Kerjaan-Kepegawaian/apel-app/vendor/laravel/framework/src/Illuminate/Console/Command.php(180): Symfony\\Component\\Console\\Command\\Command->run(Object(Symfony\\Component\\Console\\Input\\ArgvInput), Object(Illuminate\\Console\\OutputStyle))
#58 /Volumes/Home/moohard/Kerjaan-Kepegawaian/apel-app/vendor/symfony/console/Application.php(1102): Illuminate\\Console\\Command->run(Object(Symfony\\Component\\Console\\Input\\ArgvInput), Object(Symfony\\Component\\Console\\Output\\ConsoleOutput))
#59 /Volumes/Home/moohard/Kerjaan-Kepegawaian/apel-app/vendor/symfony/console/Application.php(356): Symfony\\Component\\Console\\Application->doRunCommand(Object(Laravel\\Boost\\Console\\StartCommand), Object(Symfony\\Component\\Console\\Input\\ArgvInput), Object(Symfony\\Component\\Console\\Output\\ConsoleOutput))
#60 /Volumes/Home/moohard/Kerjaan-Kepegawaian/apel-app/vendor/symfony/console/Application.php(195): Symfony\\Component\\Console\\Application->doRun(Object(Symfony\\Component\\Console\\Input\\ArgvInput), Object(Symfony\\Component\\Console\\Output\\ConsoleOutput))
#61 /Volumes/Home/moohard/Kerjaan-Kepegawaian/apel-app/vendor/laravel/framework/src/Illuminate/Foundation/Console/Kernel.php(198): Symfony\\Component\\Console\\Application->run(Object(Symfony\\Component\\Console\\Input\\ArgvInput), Object(Symfony\\Component\\Console\\Output\\ConsoleOutput))
#62 /Volumes/Home/moohard/Kerjaan-Kepegawaian/apel-app/vendor/laravel/framework/src/Illuminate/Foundation/Application.php(1235): Illuminate\\Foundation\\Console\\Kernel->handle(Object(Symfony\\Component\\Console\\Input\\ArgvInput), Object(Symfony\\Component\\Console\\Output\\ConsoleOutput))
#63 /Volumes/Home/moohard/Kerjaan-Kepegawaian/apel-app/artisan(16): Illuminate\\Foundation\\Application->handleCommand(Object(Symfony\\Component\\Console\\Input\\ArgvInput))
#64 {main}
"} 
[2026-01-12 00:24:33] local.ERROR: Class "Redis" not found {"exception":"[object] (Error(code: 0): Class \"Redis\" not found at /Volumes/Home/moohard/Kerjaan-Kepegawaian/apel-app/vendor/laravel/framework/src/Illuminate/Redis/Connectors/PhpRedisConnector.php:80)
[stacktrace]
#0 /Volumes/Home/moohard/Kerjaan-Kepegawaian/apel-app/vendor/laravel/framework/src/Illuminate/Redis/Connectors/PhpRedisConnector.php(34): Illuminate\\Redis\\Connectors\\PhpRedisConnector->createClient(Array)
#1 /Volumes/Home/moohard/Kerjaan-Kepegawaian/apel-app/vendor/laravel/framework/src/Illuminate/Redis/Connectors/PhpRedisConnector.php(39): Illuminate\\Redis\\Connectors\\PhpRedisConnector->{closure:Illuminate\\Redis\\Connectors\\PhpRedisConnector::connect():33}()
#2 /Volumes/Home/moohard/Kerjaan-Kepegawaian/apel-app/vendor/laravel/framework/src/Illuminate/Redis/RedisManager.php(111): Illuminate\\Redis\\Connectors\\PhpRedisConnector->connect(Array, Array)
#3 /Volumes/Home/moohard/Kerjaan-Kepegawaian/apel-app/vendor/laravel/framework/src/Illuminate/Redis/RedisManager.php(92): Illuminate\\Redis\\RedisManager->resolve('cache')
#4 /Volumes/Home/moohard/Kerjaan-Kepegawaian/apel-app/vendor/laravel/framework/src/Illuminate/Cache/RedisStore.php(368): Illuminate\\Redis\\RedisManager->connection('cache')
#5 /Volumes/Home/moohard/Kerjaan-Kepegawaian/apel-app/vendor/laravel/framework/src/Illuminate/Cache/RedisStore.php(71): Illuminate\\Cache\\RedisStore->connection()
#6 /Volumes/Home/moohard/Kerjaan-Kepegawaian/apel-app/vendor/laravel/framework/src/Illuminate/Cache/Repository.php(119): Illuminate\\Cache\\RedisStore->get('boost.roster.sc...')
#7 /Volumes/Home/moohard/Kerjaan-Kepegawaian/apel-app/vendor/laravel/framework/src/Illuminate/Cache/CacheManager.php(530): Illuminate\\Cache\\Repository->get('boost.roster.sc...')
#8 /Volumes/Home/moohard/Kerjaan-Kepegawaian/apel-app/vendor/laravel/boost/src/BoostServiceProvider.php(50): Illuminate\\Cache\\CacheManager->__call('get', Array)
#9 /Volumes/Home/moohard/Kerjaan-Kepegawaian/apel-app/vendor/laravel/framework/src/Illuminate/Container/Container.php(1115): Laravel\\Boost\\BoostServiceProvider->{closure:Laravel\\Boost\\BoostServiceProvider::register():37}(Object(Illuminate\\Foundation\\Application), Array)
#10 /Volumes/Home/moohard/Kerjaan-Kepegawaian/apel-app/vendor/laravel/framework/src/Illuminate/Container/Container.php(933): Illuminate\\Container\\Container->build(Object(Closure))
#11 /Volumes/Home/moohard/Kerjaan-Kepegawaian/apel-app/vendor/laravel/framework/src/Illuminate/Foundation/Application.php(1078): Illuminate\\Container\\Container->resolve('Laravel\\\\Roster\\\\...', Array, true)
#12 /Volumes/Home/moohard/Kerjaan-Kepegawaian/apel-app/vendor/laravel/framework/src/Illuminate/Container/Container.php(864): Illuminate\\Foundation\\Application->resolve('Laravel\\\\Roster\\\\...', Array)
#13 /Volumes/Home/moohard/Kerjaan-Kepegawaian/apel-app/vendor/laravel/framework/src/Illuminate/Foundation/Application.php(1058): Illuminate\\Container\\Container->make('Laravel\\\\Roster\\\\...', Array)
#14 /Volumes/Home/moohard/Kerjaan-Kepegawaian/apel-app/vendor/laravel/framework/src/Illuminate/Container/Container.php(1338): Illuminate\\Foundation\\Application->make('Laravel\\\\Roster\\\\...')
#15 /Volumes/Home/moohard/Kerjaan-Kepegawaian/apel-app/vendor/laravel/framework/src/Illuminate/Container/Container.php(1239): Illuminate\\Container\\Container->resolveClass(Object(ReflectionParameter))
#16 /Volumes/Home/moohard/Kerjaan-Kepegawaian/apel-app/vendor/laravel/framework/src/Illuminate/Container/Container.php(1162): Illuminate\\Container\\Container->resolveDependencies(Array)
#17 /Volumes/Home/moohard/Kerjaan-Kepegawaian/apel-app/vendor/laravel/framework/src/Illuminate/Container/Container.php(933): Illuminate\\Container\\Container->build('Laravel\\\\Boost\\\\M...')
#18 /Volumes/Home/moohard/Kerjaan-Kepegawaian/apel-app/vendor/laravel/framework/src/Illuminate/Foundation/Application.php(1078): Illuminate\\Container\\Container->resolve('Laravel\\\\Boost\\\\M...', Array, true)
#19 /Volumes/Home/moohard/Kerjaan-Kepegawaian/apel-app/vendor/laravel/framework/src/Illuminate/Container/Container.php(864): Illuminate\\Foundation\\Application->resolve('Laravel\\\\Boost\\\\M...', Array)
#20 /Volumes/Home/moohard/Kerjaan-Kepegawaian/apel-app/vendor/laravel/framework/src/Illuminate/Foundation/Application.php(1058): Illuminate\\Container\\Container->make('Laravel\\\\Boost\\\\M...', Array)
#21 /Volumes/Home/moohard/Kerjaan-Kepegawaian/apel-app/vendor/laravel/mcp/src/Server/ServerContext.php(100): Illuminate\\Foundation\\Application->make('Laravel\\\\Boost\\\\M...')
#22 [internal function]: Laravel\\Mcp\\Server\\ServerContext->{closure:Laravel\\Mcp\\Server\\ServerContext::resolvePrimitives():99}('Laravel\\\\Boost\\\\M...', 0)
#23 /Volumes/Home/moohard/Kerjaan-Kepegawaian/apel-app/vendor/laravel/framework/src/Illuminate/Collections/Arr.php(788): array_map(Object(Closure), Array, Array)
#24 /Volumes/Home/moohard/Kerjaan-Kepegawaian/apel-app/vendor/laravel/framework/src/Illuminate/Collections/Collection.php(819): Illuminate\\Support\\Arr::map(Array, Object(Closure))
#25 /Volumes/Home/moohard/Kerjaan-Kepegawaian/apel-app/vendor/laravel/mcp/src/Server/ServerContext.php(99): Illuminate\\Support\\Collection->map(Object(Closure))
#26 /Volumes/Home/moohard/Kerjaan-Kepegawaian/apel-app/vendor/laravel/mcp/src/Server/ServerContext.php(43): Laravel\\Mcp\\Server\\ServerContext->resolvePrimitives(Object(Illuminate\\Support\\Collection))
#27 /Volumes/Home/moohard/Kerjaan-Kepegawaian/apel-app/vendor/laravel/mcp/src/Server/Methods/ListTools.php(18): Laravel\\Mcp\\Server\\ServerContext->tools()
#28 /Volumes/Home/moohard/Kerjaan-Kepegawaian/apel-app/vendor/laravel/mcp/src/Server.php(276): Laravel\\Mcp\\Server\\Methods\\ListTools->handle(Object(Laravel\\Mcp\\Server\\Transport\\JsonRpcRequest), Object(Laravel\\Mcp\\Server\\ServerContext))
#29 /Volumes/Home/moohard/Kerjaan-Kepegawaian/apel-app/vendor/laravel/mcp/src/Server.php(244): Laravel\\Mcp\\Server->runMethodHandle(Object(Laravel\\Mcp\\Server\\Transport\\JsonRpcRequest), Object(Laravel\\Mcp\\Server\\ServerContext))
#30 /Volumes/Home/moohard/Kerjaan-Kepegawaian/apel-app/vendor/laravel/mcp/src/Server.php(201): Laravel\\Mcp\\Server->handleMessage(Object(Laravel\\Mcp\\Server\\Transport\\JsonRpcRequest), Object(Laravel\\Mcp\\Server\\ServerContext))
#31 /Volumes/Home/moohard/Kerjaan-Kepegawaian/apel-app/vendor/laravel/mcp/src/Server/Transport/StdioTransport.php(44): Laravel\\Mcp\\Server->handle('{\"jsonrpc\":\"2.0...')
#32 /Volumes/Home/moohard/Kerjaan-Kepegawaian/apel-app/vendor/laravel/mcp/src/Server/Registrar.php(141): Laravel\\Mcp\\Server\\Transport\\StdioTransport->run()
#33 /Volumes/Home/moohard/Kerjaan-Kepegawaian/apel-app/vendor/laravel/mcp/src/Server/Registrar.php(59): Laravel\\Mcp\\Server\\Registrar::startServer('Laravel\\\\Boost\\\\M...', Object(Closure))
#34 /Volumes/Home/moohard/Kerjaan-Kepegawaian/apel-app/vendor/laravel/mcp/src/Console/Commands/StartCommand.php(32): Laravel\\Mcp\\Server\\Registrar->{closure:Laravel\\Mcp\\Server\\Registrar::local():59}()
#35 /Volumes/Home/moohard/Kerjaan-Kepegawaian/apel-app/vendor/laravel/framework/src/Illuminate/Container/BoundMethod.php(36): Laravel\\Mcp\\Console\\Commands\\StartCommand->handle(Object(Laravel\\Mcp\\Server\\Registrar))
#36 /Volumes/Home/moohard/Kerjaan-Kepegawaian/apel-app/vendor/laravel/framework/src/Illuminate/Container/Util.php(43): Illuminate\\Container\\BoundMethod::{closure:Illuminate\\Container\\BoundMethod::call():35}()
#37 /Volumes/Home/moohard/Kerjaan-Kepegawaian/apel-app/vendor/laravel/framework/src/Illuminate/Container/BoundMethod.php(96): Illuminate\\Container\\Util::unwrapIfClosure(Object(Closure))
#38 /Volumes/Home/moohard/Kerjaan-Kepegawaian/apel-app/vendor/laravel/framework/src/Illuminate/Container/BoundMethod.php(35): Illuminate\\Container\\BoundMethod::callBoundMethod(Object(Illuminate\\Foundation\\Application), Array, Object(Closure))
#39 /Volumes/Home/moohard/Kerjaan-Kepegawaian/apel-app/vendor/laravel/framework/src/Illuminate/Container/Container.php(799): Illuminate\\Container\\BoundMethod::call(Object(Illuminate\\Foundation\\Application), Array, Array, NULL)
#40 /Volumes/Home/moohard/Kerjaan-Kepegawaian/apel-app/vendor/laravel/framework/src/Illuminate/Console/Command.php(211): Illuminate\\Container\\Container->call(Array)
#41 /Volumes/Home/moohard/Kerjaan-Kepegawaian/apel-app/vendor/symfony/console/Command/Command.php(341): Illuminate\\Console\\Command->execute(Object(Symfony\\Component\\Console\\Input\\StringInput), Object(Illuminate\\Console\\OutputStyle))
#42 /Volumes/Home/moohard/Kerjaan-Kepegawaian/apel-app/vendor/laravel/framework/src/Illuminate/Console/Command.php(180): Symfony\\Component\\Console\\Command\\Command->run(Object(Symfony\\Component\\Console\\Input\\StringInput), Object(Illuminate\\Console\\OutputStyle))
#43 /Volumes/Home/moohard/Kerjaan-Kepegawaian/apel-app/vendor/symfony/console/Application.php(1102): Illuminate\\Console\\Command->run(Object(Symfony\\Component\\Console\\Input\\StringInput), Object(Symfony\\Component\\Console\\Output\\BufferedOutput))
#44 /Volumes/Home/moohard/Kerjaan-Kepegawaian/apel-app/vendor/symfony/console/Application.php(356): Symfony\\Component\\Console\\Application->doRunCommand(Object(Laravel\\Mcp\\Console\\Commands\\StartCommand), Object(Symfony\\Component\\Console\\Input\\StringInput), Object(Symfony\\Component\\Console\\Output\\BufferedOutput))
#45 /Volumes/Home/moohard/Kerjaan-Kepegawaian/apel-app/vendor/symfony/console/Application.php(195): Symfony\\Component\\Console\\Application->doRun(Object(Symfony\\Component\\Console\\Input\\StringInput), Object(Symfony\\Component\\Console\\Output\\BufferedOutput))
#46 /Volumes/Home/moohard/Kerjaan-Kepegawaian/apel-app/vendor/laravel/framework/src/Illuminate/Console/Application.php(165): Symfony\\Component\\Console\\Application->run(Object(Symfony\\Component\\Console\\Input\\StringInput), Object(Symfony\\Component\\Console\\Output\\BufferedOutput))
#47 /Volumes/Home/moohard/Kerjaan-Kepegawaian/apel-app/vendor/laravel/framework/src/Illuminate/Foundation/Console/Kernel.php(447): Illuminate\\Console\\Application->call('mcp:start', Array, NULL)
#48 /Volumes/Home/moohard/Kerjaan-Kepegawaian/apel-app/vendor/laravel/framework/src/Illuminate/Support/Facades/Facade.php(363): Illuminate\\Foundation\\Console\\Kernel->call('mcp:start larav...')
#49 /Volumes/Home/moohard/Kerjaan-Kepegawaian/apel-app/vendor/laravel/boost/src/Console/StartCommand.php(16): Illuminate\\Support\\Facades\\Facade::__callStatic('call', Array)
#50 /Volumes/Home/moohard/Kerjaan-Kepegawaian/apel-app/vendor/laravel/framework/src/Illuminate/Container/BoundMethod.php(36): Laravel\\Boost\\Console\\StartCommand->handle()
#51 /Volumes/Home/moohard/Kerjaan-Kepegawaian/apel-app/vendor/laravel/framework/src/Illuminate/Container/Util.php(43): Illuminate\\Container\\BoundMethod::{closure:Illuminate\\Container\\BoundMethod::call():35}()
#52 /Volumes/Home/moohard/Kerjaan-Kepegawaian/apel-app/vendor/laravel/framework/src/Illuminate/Container/BoundMethod.php(96): Illuminate\\Container\\Util::unwrapIfClosure(Object(Closure))
#53 /Volumes/Home/moohard/Kerjaan-Kepegawaian/apel-app/vendor/laravel/framework/src/Illuminate/Container/BoundMethod.php(35): Illuminate\\Container\\BoundMethod::callBoundMethod(Object(Illuminate\\Foundation\\Application), Array, Object(Closure))
#54 /Volumes/Home/moohard/Kerjaan-Kepegawaian/apel-app/vendor/laravel/framework/src/Illuminate/Container/Container.php(799): Illuminate\\Container\\BoundMethod::call(Object(Illuminate\\Foundation\\Application), Array, Array, NULL)
#55 /Volumes/Home/moohard/Kerjaan-Kepegawaian/apel-app/vendor/laravel/framework/src/Illuminate/Console/Command.php(211): Illuminate\\Container\\Container->call(Array)
#56 /Volumes/Home/moohard/Kerjaan-Kepegawaian/apel-app/vendor/symfony/console/Command/Command.php(341): Illuminate\\Console\\Command->execute(Object(Symfony\\Component\\Console\\Input\\ArgvInput), Object(Illuminate\\Console\\OutputStyle))
#57 /Volumes/Home/moohard/Kerjaan-Kepegawaian/apel-app/vendor/laravel/framework/src/Illuminate/Console/Command.php(180): Symfony\\Component\\Console\\Command\\Command->run(Object(Symfony\\Component\\Console\\Input\\ArgvInput), Object(Illuminate\\Console\\OutputStyle))
#58 /Volumes/Home/moohard/Kerjaan-Kepegawaian/apel-app/vendor/symfony/console/Application.php(1102): Illuminate\\Console\\Command->run(Object(Symfony\\Component\\Console\\Input\\ArgvInput), Object(Symfony\\Component\\Console\\Output\\ConsoleOutput))
#59 /Volumes/Home/moohard/Kerjaan-Kepegawaian/apel-app/vendor/symfony/console/Application.php(356): Symfony\\Component\\Console\\Application->doRunCommand(Object(Laravel\\Boost\\Console\\StartCommand), Object(Symfony\\Component\\Console\\Input\\ArgvInput), Object(Symfony\\Component\\Console\\Output\\ConsoleOutput))
#60 /Volumes/Home/moohard/Kerjaan-Kepegawaian/apel-app/vendor/symfony/console/Application.php(195): Symfony\\Component\\Console\\Application->doRun(Object(Symfony\\Component\\Console\\Input\\ArgvInput), Object(Symfony\\Component\\Console\\Output\\ConsoleOutput))
#61 /Volumes/Home/moohard/Kerjaan-Kepegawaian/apel-app/vendor/laravel/framework/src/Illuminate/Foundation/Console/Kernel.php(198): Symfony\\Component\\Console\\Application->run(Object(Symfony\\Component\\Console\\Input\\ArgvInput), Object(Symfony\\Component\\Console\\Output\\ConsoleOutput))
#62 /Volumes/Home/moohard/Kerjaan-Kepegawaian/apel-app/vendor/laravel/framework/src/Illuminate/Foundation/Application.php(1235): Illuminate\\Foundation\\Console\\Kernel->handle(Object(Symfony\\Component\\Console\\Input\\ArgvInput), Object(Symfony\\Component\\Console\\Output\\ConsoleOutput))
#63 /Volumes/Home/moohard/Kerjaan-Kepegawaian/apel-app/artisan(16): Illuminate\\Foundation\\Application->handleCommand(Object(Symfony\\Component\\Console\\Input\\ArgvInput))
#64 {main}
"} 
[2026-01-12 00:24:33] local.ERROR: Class "Redis" not found {"exception":"[object] (Error(code: 0): Class \"Redis\" not found at /Volumes/Home/moohard/Kerjaan-Kepegawaian/apel-app/vendor/laravel/framework/src/Illuminate/Redis/Connectors/PhpRedisConnector.php:80)
[stacktrace]
#0 /Volumes/Home/moohard/Kerjaan-Kepegawaian/apel-app/vendor/laravel/framework/src/Illuminate/Redis/Connectors/PhpRedisConnector.php(34): Illuminate\\Redis\\Connectors\\PhpRedisConnector->createClient(Array)
#1 /Volumes/Home/moohard/Kerjaan-Kepegawaian/apel-app/vendor/laravel/framework/src/Illuminate/Redis/Connectors/PhpRedisConnector.php(39): Illuminate\\Redis\\Connectors\\PhpRedisConnector->{closure:Illuminate\\Redis\\Connectors\\PhpRedisConnector::connect():33}()
#2 /Volumes/Home/moohard/Kerjaan-Kepegawaian/apel-app/vendor/laravel/framework/src/Illuminate/Redis/RedisManager.php(111): Illuminate\\Redis\\Connectors\\PhpRedisConnector->connect(Array, Array)
#3 /Volumes/Home/moohard/Kerjaan-Kepegawaian/apel-app/vendor/laravel/framework/src/Illuminate/Redis/RedisManager.php(92): Illuminate\\Redis\\RedisManager->resolve('cache')
#4 /Volumes/Home/moohard/Kerjaan-Kepegawaian/apel-app/vendor/laravel/framework/src/Illuminate/Cache/RedisStore.php(368): Illuminate\\Redis\\RedisManager->connection('cache')
#5 /Volumes/Home/moohard/Kerjaan-Kepegawaian/apel-app/vendor/laravel/framework/src/Illuminate/Cache/RedisStore.php(71): Illuminate\\Cache\\RedisStore->connection()
#6 /Volumes/Home/moohard/Kerjaan-Kepegawaian/apel-app/vendor/laravel/framework/src/Illuminate/Cache/Repository.php(119): Illuminate\\Cache\\RedisStore->get('boost.roster.sc...')
#7 /Volumes/Home/moohard/Kerjaan-Kepegawaian/apel-app/vendor/laravel/framework/src/Illuminate/Cache/CacheManager.php(530): Illuminate\\Cache\\Repository->get('boost.roster.sc...')
#8 /Volumes/Home/moohard/Kerjaan-Kepegawaian/apel-app/vendor/laravel/boost/src/BoostServiceProvider.php(50): Illuminate\\Cache\\CacheManager->__call('get', Array)
#9 /Volumes/Home/moohard/Kerjaan-Kepegawaian/apel-app/vendor/laravel/framework/src/Illuminate/Container/Container.php(1115): Laravel\\Boost\\BoostServiceProvider->{closure:Laravel\\Boost\\BoostServiceProvider::register():37}(Object(Illuminate\\Foundation\\Application), Array)
#10 /Volumes/Home/moohard/Kerjaan-Kepegawaian/apel-app/vendor/laravel/framework/src/Illuminate/Container/Container.php(933): Illuminate\\Container\\Container->build(Object(Closure))
#11 /Volumes/Home/moohard/Kerjaan-Kepegawaian/apel-app/vendor/laravel/framework/src/Illuminate/Foundation/Application.php(1078): Illuminate\\Container\\Container->resolve('Laravel\\\\Roster\\\\...', Array, true)
#12 /Volumes/Home/moohard/Kerjaan-Kepegawaian/apel-app/vendor/laravel/framework/src/Illuminate/Container/Container.php(864): Illuminate\\Foundation\\Application->resolve('Laravel\\\\Roster\\\\...', Array)
#13 /Volumes/Home/moohard/Kerjaan-Kepegawaian/apel-app/vendor/laravel/framework/src/Illuminate/Foundation/Application.php(1058): Illuminate\\Container\\Container->make('Laravel\\\\Roster\\\\...', Array)
#14 /Volumes/Home/moohard/Kerjaan-Kepegawaian/apel-app/vendor/laravel/framework/src/Illuminate/Container/Container.php(1338): Illuminate\\Foundation\\Application->make('Laravel\\\\Roster\\\\...')
#15 /Volumes/Home/moohard/Kerjaan-Kepegawaian/apel-app/vendor/laravel/framework/src/Illuminate/Container/Container.php(1239): Illuminate\\Container\\Container->resolveClass(Object(ReflectionParameter))
#16 /Volumes/Home/moohard/Kerjaan-Kepegawaian/apel-app/vendor/laravel/framework/src/Illuminate/Container/Container.php(1162): Illuminate\\Container\\Container->resolveDependencies(Array)
#17 /Volumes/Home/moohard/Kerjaan-Kepegawaian/apel-app/vendor/laravel/framework/src/Illuminate/Container/Container.php(933): Illuminate\\Container\\Container->build('Laravel\\\\Boost\\\\M...')
#18 /Volumes/Home/moohard/Kerjaan-Kepegawaian/apel-app/vendor/laravel/framework/src/Illuminate/Foundation/Application.php(1078): Illuminate\\Container\\Container->resolve('Laravel\\\\Boost\\\\M...', Array, true)
#19 /Volumes/Home/moohard/Kerjaan-Kepegawaian/apel-app/vendor/laravel/framework/src/Illuminate/Container/Container.php(864): Illuminate\\Foundation\\Application->resolve('Laravel\\\\Boost\\\\M...', Array)
#20 /Volumes/Home/moohard/Kerjaan-Kepegawaian/apel-app/vendor/laravel/framework/src/Illuminate/Foundation/Application.php(1058): Illuminate\\Container\\Container->make('Laravel\\\\Boost\\\\M...', Array)
#21 /Volumes/Home/moohard/Kerjaan-Kepegawaian/apel-app/vendor/laravel/mcp/src/Server/ServerContext.php(100): Illuminate\\Foundation\\Application->make('Laravel\\\\Boost\\\\M...')
#22 [internal function]: Laravel\\Mcp\\Server\\ServerContext->{closure:Laravel\\Mcp\\Server\\ServerContext::resolvePrimitives():99}('Laravel\\\\Boost\\\\M...', 0)
#23 /Volumes/Home/moohard/Kerjaan-Kepegawaian/apel-app/vendor/laravel/framework/src/Illuminate/Collections/Arr.php(788): array_map(Object(Closure), Array, Array)
#24 /Volumes/Home/moohard/Kerjaan-Kepegawaian/apel-app/vendor/laravel/framework/src/Illuminate/Collections/Collection.php(819): Illuminate\\Support\\Arr::map(Array, Object(Closure))
#25 /Volumes/Home/moohard/Kerjaan-Kepegawaian/apel-app/vendor/laravel/mcp/src/Server/ServerContext.php(99): Illuminate\\Support\\Collection->map(Object(Closure))
#26 /Volumes/Home/moohard/Kerjaan-Kepegawaian/apel-app/vendor/laravel/mcp/src/Server/ServerContext.php(43): Laravel\\Mcp\\Server\\ServerContext->resolvePrimitives(Object(Illuminate\\Support\\Collection))
#27 /Volumes/Home/moohard/Kerjaan-Kepegawaian/apel-app/vendor/laravel/mcp/src/Server/Methods/ListTools.php(18): Laravel\\Mcp\\Server\\ServerContext->tools()
#28 /Volumes/Home/moohard/Kerjaan-Kepegawaian/apel-app/vendor/laravel/mcp/src/Server.php(276): Laravel\\Mcp\\Server\\Methods\\ListTools->handle(Object(Laravel\\Mcp\\Server\\Transport\\JsonRpcRequest), Object(Laravel\\Mcp\\Server\\ServerContext))
#29 /Volumes/Home/moohard/Kerjaan-Kepegawaian/apel-app/vendor/laravel/mcp/src/Server.php(244): Laravel\\Mcp\\Server->runMethodHandle(Object(Laravel\\Mcp\\Server\\Transport\\JsonRpcRequest), Object(Laravel\\Mcp\\Server\\ServerContext))
#30 /Volumes/Home/moohard/Kerjaan-Kepegawaian/apel-app/vendor/laravel/mcp/src/Server.php(201): Laravel\\Mcp\\Server->handleMessage(Object(Laravel\\Mcp\\Server\\Transport\\JsonRpcRequest), Object(Laravel\\Mcp\\Server\\ServerContext))
#31 /Volumes/Home/moohard/Kerjaan-Kepegawaian/apel-app/vendor/laravel/mcp/src/Server/Transport/StdioTransport.php(44): Laravel\\Mcp\\Server->handle('{\"jsonrpc\":\"2.0...')
#32 /Volumes/Home/moohard/Kerjaan-Kepegawaian/apel-app/vendor/laravel/mcp/src/Server/Registrar.php(141): Laravel\\Mcp\\Server\\Transport\\StdioTransport->run()
#33 /Volumes/Home/moohard/Kerjaan-Kepegawaian/apel-app/vendor/laravel/mcp/src/Server/Registrar.php(59): Laravel\\Mcp\\Server\\Registrar::startServer('Laravel\\\\Boost\\\\M...', Object(Closure))
#34 /Volumes/Home/moohard/Kerjaan-Kepegawaian/apel-app/vendor/laravel/mcp/src/Console/Commands/StartCommand.php(32): Laravel\\Mcp\\Server\\Registrar->{closure:Laravel\\Mcp\\Server\\Registrar::local():59}()
#35 /Volumes/Home/moohard/Kerjaan-Kepegawaian/apel-app/vendor/laravel/framework/src/Illuminate/Container/BoundMethod.php(36): Laravel\\Mcp\\Console\\Commands\\StartCommand->handle(Object(Laravel\\Mcp\\Server\\Registrar))
#36 /Volumes/Home/moohard/Kerjaan-Kepegawaian/apel-app/vendor/laravel/framework/src/Illuminate/Container/Util.php(43): Illuminate\\Container\\BoundMethod::{closure:Illuminate\\Container\\BoundMethod::call():35}()
#37 /Volumes/Home/moohard/Kerjaan-Kepegawaian/apel-app/vendor/laravel/framework/src/Illuminate/Container/BoundMethod.php(96): Illuminate\\Container\\Util::unwrapIfClosure(Object(Closure))
#38 /Volumes/Home/moohard/Kerjaan-Kepegawaian/apel-app/vendor/laravel/framework/src/Illuminate/Container/BoundMethod.php(35): Illuminate\\Container\\BoundMethod::callBoundMethod(Object(Illuminate\\Foundation\\Application), Array, Object(Closure))
#39 /Volumes/Home/moohard/Kerjaan-Kepegawaian/apel-app/vendor/laravel/framework/src/Illuminate/Container/Container.php(799): Illuminate\\Container\\BoundMethod::call(Object(Illuminate\\Foundation\\Application), Array, Array, NULL)
#40 /Volumes/Home/moohard/Kerjaan-Kepegawaian/apel-app/vendor/laravel/framework/src/Illuminate/Console/Command.php(211): Illuminate\\Container\\Container->call(Array)
#41 /Volumes/Home/moohard/Kerjaan-Kepegawaian/apel-app/vendor/symfony/console/Command/Command.php(341): Illuminate\\Console\\Command->execute(Object(Symfony\\Component\\Console\\Input\\StringInput), Object(Illuminate\\Console\\OutputStyle))
#42 /Volumes/Home/moohard/Kerjaan-Kepegawaian/apel-app/vendor/laravel/framework/src/Illuminate/Console/Command.php(180): Symfony\\Component\\Console\\Command\\Command->run(Object(Symfony\\Component\\Console\\Input\\StringInput), Object(Illuminate\\Console\\OutputStyle))
#43 /Volumes/Home/moohard/Kerjaan-Kepegawaian/apel-app/vendor/symfony/console/Application.php(1102): Illuminate\\Console\\Command->run(Object(Symfony\\Component\\Console\\Input\\StringInput), Object(Symfony\\Component\\Console\\Output\\BufferedOutput))
#44 /Volumes/Home/moohard/Kerjaan-Kepegawaian/apel-app/vendor/symfony/console/Application.php(356): Symfony\\Component\\Console\\Application->doRunCommand(Object(Laravel\\Mcp\\Console\\Commands\\StartCommand), Object(Symfony\\Component\\Console\\Input\\StringInput), Object(Symfony\\Component\\Console\\Output\\BufferedOutput))
#45 /Volumes/Home/moohard/Kerjaan-Kepegawaian/apel-app/vendor/symfony/console/Application.php(195): Symfony\\Component\\Console\\Application->doRun(Object(Symfony\\Component\\Console\\Input\\StringInput), Object(Symfony\\Component\\Console\\Output\\BufferedOutput))
#46 /Volumes/Home/moohard/Kerjaan-Kepegawaian/apel-app/vendor/laravel/framework/src/Illuminate/Console/Application.php(165): Symfony\\Component\\Console\\Application->run(Object(Symfony\\Component\\Console\\Input\\StringInput), Object(Symfony\\Component\\Console\\Output\\BufferedOutput))
#47 /Volumes/Home/moohard/Kerjaan-Kepegawaian/apel-app/vendor/laravel/framework/src/Illuminate/Foundation/Console/Kernel.php(447): Illuminate\\Console\\Application->call('mcp:start', Array, NULL)
#48 /Volumes/Home/moohard/Kerjaan-Kepegawaian/apel-app/vendor/laravel/framework/src/Illuminate/Support/Facades/Facade.php(363): Illuminate\\Foundation\\Console\\Kernel->call('mcp:start larav...')
#49 /Volumes/Home/moohard/Kerjaan-Kepegawaian/apel-app/vendor/laravel/boost/src/Console/StartCommand.php(16): Illuminate\\Support\\Facades\\Facade::__callStatic('call', Array)
#50 /Volumes/Home/moohard/Kerjaan-Kepegawaian/apel-app/vendor/laravel/framework/src/Illuminate/Container/BoundMethod.php(36): Laravel\\Boost\\Console\\StartCommand->handle()
#51 /Volumes/Home/moohard/Kerjaan-Kepegawaian/apel-app/vendor/laravel/framework/src/Illuminate/Container/Util.php(43): Illuminate\\Container\\BoundMethod::{closure:Illuminate\\Container\\BoundMethod::call():35}()
#52 /Volumes/Home/moohard/Kerjaan-Kepegawaian/apel-app/vendor/laravel/framework/src/Illuminate/Container/BoundMethod.php(96): Illuminate\\Container\\Util::unwrapIfClosure(Object(Closure))
#53 /Volumes/Home/moohard/Kerjaan-Kepegawaian/apel-app/vendor/laravel/framework/src/Illuminate/Container/BoundMethod.php(35): Illuminate\\Container\\BoundMethod::callBoundMethod(Object(Illuminate\\Foundation\\Application), Array, Object(Closure))
#54 /Volumes/Home/moohard/Kerjaan-Kepegawaian/apel-app/vendor/laravel/framework/src/Illuminate/Container/Container.php(799): Illuminate\\Container\\BoundMethod::call(Object(Illuminate\\Foundation\\Application), Array, Array, NULL)
#55 /Volumes/Home/moohard/Kerjaan-Kepegawaian/apel-app/vendor/laravel/framework/src/Illuminate/Console/Command.php(211): Illuminate\\Container\\Container->call(Array)
#56 /Volumes/Home/moohard/Kerjaan-Kepegawaian/apel-app/vendor/symfony/console/Command/Command.php(341): Illuminate\\Console\\Command->execute(Object(Symfony\\Component\\Console\\Input\\ArgvInput), Object(Illuminate\\Console\\OutputStyle))
#57 /Volumes/Home/moohard/Kerjaan-Kepegawaian/apel-app/vendor/laravel/framework/src/Illuminate/Console/Command.php(180): Symfony\\Component\\Console\\Command\\Command->run(Object(Symfony\\Component\\Console\\Input\\ArgvInput), Object(Illuminate\\Console\\OutputStyle))
#58 /Volumes/Home/moohard/Kerjaan-Kepegawaian/apel-app/vendor/symfony/console/Application.php(1102): Illuminate\\Console\\Command->run(Object(Symfony\\Component\\Console\\Input\\ArgvInput), Object(Symfony\\Component\\Console\\Output\\ConsoleOutput))
#59 /Volumes/Home/moohard/Kerjaan-Kepegawaian/apel-app/vendor/symfony/console/Application.php(356): Symfony\\Component\\Console\\Application->doRunCommand(Object(Laravel\\Boost\\Console\\StartCommand), Object(Symfony\\Component\\Console\\Input\\ArgvInput), Object(Symfony\\Component\\Console\\Output\\ConsoleOutput))
#60 /Volumes/Home/moohard/Kerjaan-Kepegawaian/apel-app/vendor/symfony/console/Application.php(195): Symfony\\Component\\Console\\Application->doRun(Object(Symfony\\Component\\Console\\Input\\ArgvInput), Object(Symfony\\Component\\Console\\Output\\ConsoleOutput))
#61 /Volumes/Home/moohard/Kerjaan-Kepegawaian/apel-app/vendor/laravel/framework/src/Illuminate/Foundation/Console/Kernel.php(198): Symfony\\Component\\Console\\Application->run(Object(Symfony\\Component\\Console\\Input\\ArgvInput), Object(Symfony\\Component\\Console\\Output\\ConsoleOutput))
#62 /Volumes/Home/moohard/Kerjaan-Kepegawaian/apel-app/vendor/laravel/framework/src/Illuminate/Foundation/Application.php(1235): Illuminate\\Foundation\\Console\\Kernel->handle(Object(Symfony\\Component\\Console\\Input\\ArgvInput), Object(Symfony\\Component\\Console\\Output\\ConsoleOutput))
#63 /Volumes/Home/moohard/Kerjaan-Kepegawaian/apel-app/artisan(16): Illuminate\\Foundation\\Application->handleCommand(Object(Symfony\\Component\\Console\\Input\\ArgvInput))
#64 {main}
"} 
[2026-01-12 00:24:40] local.ERROR: Class "Redis" not found {"exception":"[object] (Error(code: 0): Class \"Redis\" not found at /Volumes/Home/moohard/Kerjaan-Kepegawaian/apel-app/vendor/laravel/framework/src/Illuminate/Redis/Connectors/PhpRedisConnector.php:80)
[stacktrace]
#0 /Volumes/Home/moohard/Kerjaan-Kepegawaian/apel-app/vendor/laravel/framework/src/Illuminate/Redis/Connectors/PhpRedisConnector.php(34): Illuminate\\Redis\\Connectors\\PhpRedisConnector->createClient(Array)
#1 /Volumes/Home/moohard/Kerjaan-Kepegawaian/apel-app/vendor/laravel/framework/src/Illuminate/Redis/Connectors/PhpRedisConnector.php(39): Illuminate\\Redis\\Connectors\\PhpRedisConnector->{closure:Illuminate\\Redis\\Connectors\\PhpRedisConnector::connect():33}()
#2 /Volumes/Home/moohard/Kerjaan-Kepegawaian/apel-app/vendor/laravel/framework/src/Illuminate/Redis/RedisManager.php(111): Illuminate\\Redis\\Connectors\\PhpRedisConnector->connect(Array, Array)
#3 /Volumes/Home/moohard/Kerjaan-Kepegawaian/apel-app/vendor/laravel/framework/src/Illuminate/Redis/RedisManager.php(92): Illuminate\\Redis\\RedisManager->resolve('cache')
#4 /Volumes/Home/moohard/Kerjaan-Kepegawaian/apel-app/vendor/laravel/framework/src/Illuminate/Cache/RedisStore.php(368): Illuminate\\Redis\\RedisManager->connection('cache')
#5 /Volumes/Home/moohard/Kerjaan-Kepegawaian/apel-app/vendor/laravel/framework/src/Illuminate/Cache/RedisStore.php(71): Illuminate\\Cache\\RedisStore->connection()
#6 /Volumes/Home/moohard/Kerjaan-Kepegawaian/apel-app/vendor/laravel/framework/src/Illuminate/Cache/Repository.php(119): Illuminate\\Cache\\RedisStore->get('boost.roster.sc...')
#7 /Volumes/Home/moohard/Kerjaan-Kepegawaian/apel-app/vendor/laravel/framework/src/Illuminate/Cache/CacheManager.php(530): Illuminate\\Cache\\Repository->get('boost.roster.sc...')
#8 /Volumes/Home/moohard/Kerjaan-Kepegawaian/apel-app/vendor/laravel/boost/src/BoostServiceProvider.php(50): Illuminate\\Cache\\CacheManager->__call('get', Array)
#9 /Volumes/Home/moohard/Kerjaan-Kepegawaian/apel-app/vendor/laravel/framework/src/Illuminate/Container/Container.php(1115): Laravel\\Boost\\BoostServiceProvider->{closure:Laravel\\Boost\\BoostServiceProvider::register():37}(Object(Illuminate\\Foundation\\Application), Array)
#10 /Volumes/Home/moohard/Kerjaan-Kepegawaian/apel-app/vendor/laravel/framework/src/Illuminate/Container/Container.php(933): Illuminate\\Container\\Container->build(Object(Closure))
#11 /Volumes/Home/moohard/Kerjaan-Kepegawaian/apel-app/vendor/laravel/framework/src/Illuminate/Foundation/Application.php(1078): Illuminate\\Container\\Container->resolve('Laravel\\\\Roster\\\\...', Array, true)
#12 /Volumes/Home/moohard/Kerjaan-Kepegawaian/apel-app/vendor/laravel/framework/src/Illuminate/Container/Container.php(864): Illuminate\\Foundation\\Application->resolve('Laravel\\\\Roster\\\\...', Array)
#13 /Volumes/Home/moohard/Kerjaan-Kepegawaian/apel-app/vendor/laravel/framework/src/Illuminate/Foundation/Application.php(1058): Illuminate\\Container\\Container->make('Laravel\\\\Roster\\\\...', Array)
#14 /Volumes/Home/moohard/Kerjaan-Kepegawaian/apel-app/vendor/laravel/framework/src/Illuminate/Container/Container.php(1338): Illuminate\\Foundation\\Application->make('Laravel\\\\Roster\\\\...')
#15 /Volumes/Home/moohard/Kerjaan-Kepegawaian/apel-app/vendor/laravel/framework/src/Illuminate/Container/Container.php(1239): Illuminate\\Container\\Container->resolveClass(Object(ReflectionParameter))
#16 /Volumes/Home/moohard/Kerjaan-Kepegawaian/apel-app/vendor/laravel/framework/src/Illuminate/Container/Container.php(1162): Illuminate\\Container\\Container->resolveDependencies(Array)
#17 /Volumes/Home/moohard/Kerjaan-Kepegawaian/apel-app/vendor/laravel/framework/src/Illuminate/Container/Container.php(933): Illuminate\\Container\\Container->build('Laravel\\\\Boost\\\\M...')
#18 /Volumes/Home/moohard/Kerjaan-Kepegawaian/apel-app/vendor/laravel/framework/src/Illuminate/Foundation/Application.php(1078): Illuminate\\Container\\Container->resolve('Laravel\\\\Boost\\\\M...', Array, true)
#19 /Volumes/Home/moohard/Kerjaan-Kepegawaian/apel-app/vendor/laravel/framework/src/Illuminate/Container/Container.php(864): Illuminate\\Foundation\\Application->resolve('Laravel\\\\Boost\\\\M...', Array)
#20 /Volumes/Home/moohard/Kerjaan-Kepegawaian/apel-app/vendor/laravel/framework/src/Illuminate/Foundation/Application.php(1058): Illuminate\\Container\\Container->make('Laravel\\\\Boost\\\\M...', Array)
#21 /Volumes/Home/moohard/Kerjaan-Kepegawaian/apel-app/vendor/laravel/mcp/src/Server/ServerContext.php(100): Illuminate\\Foundation\\Application->make('Laravel\\\\Boost\\\\M...')
#22 [internal function]: Laravel\\Mcp\\Server\\ServerContext->{closure:Laravel\\Mcp\\Server\\ServerContext::resolvePrimitives():99}('Laravel\\\\Boost\\\\M...', 0)
#23 /Volumes/Home/moohard/Kerjaan-Kepegawaian/apel-app/vendor/laravel/framework/src/Illuminate/Collections/Arr.php(788): array_map(Object(Closure), Array, Array)
#24 /Volumes/Home/moohard/Kerjaan-Kepegawaian/apel-app/vendor/laravel/framework/src/Illuminate/Collections/Collection.php(819): Illuminate\\Support\\Arr::map(Array, Object(Closure))
#25 /Volumes/Home/moohard/Kerjaan-Kepegawaian/apel-app/vendor/laravel/mcp/src/Server/ServerContext.php(99): Illuminate\\Support\\Collection->map(Object(Closure))
#26 /Volumes/Home/moohard/Kerjaan-Kepegawaian/apel-app/vendor/laravel/mcp/src/Server/ServerContext.php(43): Laravel\\Mcp\\Server\\ServerContext->resolvePrimitives(Object(Illuminate\\Support\\Collection))
#27 /Volumes/Home/moohard/Kerjaan-Kepegawaian/apel-app/vendor/laravel/mcp/src/Server/Methods/ListTools.php(18): Laravel\\Mcp\\Server\\ServerContext->tools()
#28 /Volumes/Home/moohard/Kerjaan-Kepegawaian/apel-app/vendor/laravel/mcp/src/Server.php(276): Laravel\\Mcp\\Server\\Methods\\ListTools->handle(Object(Laravel\\Mcp\\Server\\Transport\\JsonRpcRequest), Object(Laravel\\Mcp\\Server\\ServerContext))
#29 /Volumes/Home/moohard/Kerjaan-Kepegawaian/apel-app/vendor/laravel/mcp/src/Server.php(244): Laravel\\Mcp\\Server->runMethodHandle(Object(Laravel\\Mcp\\Server\\Transport\\JsonRpcRequest), Object(Laravel\\Mcp\\Server\\ServerContext))
#30 /Volumes/Home/moohard/Kerjaan-Kepegawaian/apel-app/vendor/laravel/mcp/src/Server.php(201): Laravel\\Mcp\\Server->handleMessage(Object(Laravel\\Mcp\\Server\\Transport\\JsonRpcRequest), Object(Laravel\\Mcp\\Server\\ServerContext))
#31 /Volumes/Home/moohard/Kerjaan-Kepegawaian/apel-app/vendor/laravel/mcp/src/Server/Transport/StdioTransport.php(44): Laravel\\Mcp\\Server->handle('{\"jsonrpc\":\"2.0...')
#32 /Volumes/Home/moohard/Kerjaan-Kepegawaian/apel-app/vendor/laravel/mcp/src/Server/Registrar.php(141): Laravel\\Mcp\\Server\\Transport\\StdioTransport->run()
#33 /Volumes/Home/moohard/Kerjaan-Kepegawaian/apel-app/vendor/laravel/mcp/src/Server/Registrar.php(59): Laravel\\Mcp\\Server\\Registrar::startServer('Laravel\\\\Boost\\\\M...', Object(Closure))
#34 /Volumes/Home/moohard/Kerjaan-Kepegawaian/apel-app/vendor/laravel/mcp/src/Console/Commands/StartCommand.php(32): Laravel\\Mcp\\Server\\Registrar->{closure:Laravel\\Mcp\\Server\\Registrar::local():59}()
#35 /Volumes/Home/moohard/Kerjaan-Kepegawaian/apel-app/vendor/laravel/framework/src/Illuminate/Container/BoundMethod.php(36): Laravel\\Mcp\\Console\\Commands\\StartCommand->handle(Object(Laravel\\Mcp\\Server\\Registrar))
#36 /Volumes/Home/moohard/Kerjaan-Kepegawaian/apel-app/vendor/laravel/framework/src/Illuminate/Container/Util.php(43): Illuminate\\Container\\BoundMethod::{closure:Illuminate\\Container\\BoundMethod::call():35}()
#37 /Volumes/Home/moohard/Kerjaan-Kepegawaian/apel-app/vendor/laravel/framework/src/Illuminate/Container/BoundMethod.php(96): Illuminate\\Container\\Util::unwrapIfClosure(Object(Closure))
#38 /Volumes/Home/moohard/Kerjaan-Kepegawaian/apel-app/vendor/laravel/framework/src/Illuminate/Container/BoundMethod.php(35): Illuminate\\Container\\BoundMethod::callBoundMethod(Object(Illuminate\\Foundation\\Application), Array, Object(Closure))
#39 /Volumes/Home/moohard/Kerjaan-Kepegawaian/apel-app/vendor/laravel/framework/src/Illuminate/Container/Container.php(799): Illuminate\\Container\\BoundMethod::call(Object(Illuminate\\Foundation\\Application), Array, Array, NULL)
#40 /Volumes/Home/moohard/Kerjaan-Kepegawaian/apel-app/vendor/laravel/framework/src/Illuminate/Console/Command.php(211): Illuminate\\Container\\Container->call(Array)
#41 /Volumes/Home/moohard/Kerjaan-Kepegawaian/apel-app/vendor/symfony/console/Command/Command.php(341): Illuminate\\Console\\Command->execute(Object(Symfony\\Component\\Console\\Input\\StringInput), Object(Illuminate\\Console\\OutputStyle))
#42 /Volumes/Home/moohard/Kerjaan-Kepegawaian/apel-app/vendor/laravel/framework/src/Illuminate/Console/Command.php(180): Symfony\\Component\\Console\\Command\\Command->run(Object(Symfony\\Component\\Console\\Input\\StringInput), Object(Illuminate\\Console\\OutputStyle))
#43 /Volumes/Home/moohard/Kerjaan-Kepegawaian/apel-app/vendor/symfony/console/Application.php(1102): Illuminate\\Console\\Command->run(Object(Symfony\\Component\\Console\\Input\\StringInput), Object(Symfony\\Component\\Console\\Output\\BufferedOutput))
#44 /Volumes/Home/moohard/Kerjaan-Kepegawaian/apel-app/vendor/symfony/console/Application.php(356): Symfony\\Component\\Console\\Application->doRunCommand(Object(Laravel\\Mcp\\Console\\Commands\\StartCommand), Object(Symfony\\Component\\Console\\Input\\StringInput), Object(Symfony\\Component\\Console\\Output\\BufferedOutput))
#45 /Volumes/Home/moohard/Kerjaan-Kepegawaian/apel-app/vendor/symfony/console/Application.php(195): Symfony\\Component\\Console\\Application->doRun(Object(Symfony\\Component\\Console\\Input\\StringInput), Object(Symfony\\Component\\Console\\Output\\BufferedOutput))
#46 /Volumes/Home/moohard/Kerjaan-Kepegawaian/apel-app/vendor/laravel/framework/src/Illuminate/Console/Application.php(165): Symfony\\Component\\Console\\Application->run(Object(Symfony\\Component\\Console\\Input\\StringInput), Object(Symfony\\Component\\Console\\Output\\BufferedOutput))
#47 /Volumes/Home/moohard/Kerjaan-Kepegawaian/apel-app/vendor/laravel/framework/src/Illuminate/Foundation/Console/Kernel.php(447): Illuminate\\Console\\Application->call('mcp:start', Array, NULL)
#48 /Volumes/Home/moohard/Kerjaan-Kepegawaian/apel-app/vendor/laravel/framework/src/Illuminate/Support/Facades/Facade.php(363): Illuminate\\Foundation\\Console\\Kernel->call('mcp:start larav...')
#49 /Volumes/Home/moohard/Kerjaan-Kepegawaian/apel-app/vendor/laravel/boost/src/Console/StartCommand.php(16): Illuminate\\Support\\Facades\\Facade::__callStatic('call', Array)
#50 /Volumes/Home/moohard/Kerjaan-Kepegawaian/apel-app/vendor/laravel/framework/src/Illuminate/Container/BoundMethod.php(36): Laravel\\Boost\\Console\\StartCommand->handle()
#51 /Volumes/Home/moohard/Kerjaan-Kepegawaian/apel-app/vendor/laravel/framework/src/Illuminate/Container/Util.php(43): Illuminate\\Container\\BoundMethod::{closure:Illuminate\\Container\\BoundMethod::call():35}()
#52 /Volumes/Home/moohard/Kerjaan-Kepegawaian/apel-app/vendor/laravel/framework/src/Illuminate/Container/BoundMethod.php(96): Illuminate\\Container\\Util::unwrapIfClosure(Object(Closure))
#53 /Volumes/Home/moohard/Kerjaan-Kepegawaian/apel-app/vendor/laravel/framework/src/Illuminate/Container/BoundMethod.php(35): Illuminate\\Container\\BoundMethod::callBoundMethod(Object(Illuminate\\Foundation\\Application), Array, Object(Closure))
#54 /Volumes/Home/moohard/Kerjaan-Kepegawaian/apel-app/vendor/laravel/framework/src/Illuminate/Container/Container.php(799): Illuminate\\Container\\BoundMethod::call(Object(Illuminate\\Foundation\\Application), Array, Array, NULL)
#55 /Volumes/Home/moohard/Kerjaan-Kepegawaian/apel-app/vendor/laravel/framework/src/Illuminate/Console/Command.php(211): Illuminate\\Container\\Container->call(Array)
#56 /Volumes/Home/moohard/Kerjaan-Kepegawaian/apel-app/vendor/symfony/console/Command/Command.php(341): Illuminate\\Console\\Command->execute(Object(Symfony\\Component\\Console\\Input\\ArgvInput), Object(Illuminate\\Console\\OutputStyle))
#57 /Volumes/Home/moohard/Kerjaan-Kepegawaian/apel-app/vendor/laravel/framework/src/Illuminate/Console/Command.php(180): Symfony\\Component\\Console\\Command\\Command->run(Object(Symfony\\Component\\Console\\Input\\ArgvInput), Object(Illuminate\\Console\\OutputStyle))
#58 /Volumes/Home/moohard/Kerjaan-Kepegawaian/apel-app/vendor/symfony/console/Application.php(1102): Illuminate\\Console\\Command->run(Object(Symfony\\Component\\Console\\Input\\ArgvInput), Object(Symfony\\Component\\Console\\Output\\ConsoleOutput))
#59 /Volumes/Home/moohard/Kerjaan-Kepegawaian/apel-app/vendor/symfony/console/Application.php(356): Symfony\\Component\\Console\\Application->doRunCommand(Object(Laravel\\Boost\\Console\\StartCommand), Object(Symfony\\Component\\Console\\Input\\ArgvInput), Object(Symfony\\Component\\Console\\Output\\ConsoleOutput))
#60 /Volumes/Home/moohard/Kerjaan-Kepegawaian/apel-app/vendor/symfony/console/Application.php(195): Symfony\\Component\\Console\\Application->doRun(Object(Symfony\\Component\\Console\\Input\\ArgvInput), Object(Symfony\\Component\\Console\\Output\\ConsoleOutput))
#61 /Volumes/Home/moohard/Kerjaan-Kepegawaian/apel-app/vendor/laravel/framework/src/Illuminate/Foundation/Console/Kernel.php(198): Symfony\\Component\\Console\\Application->run(Object(Symfony\\Component\\Console\\Input\\ArgvInput), Object(Symfony\\Component\\Console\\Output\\ConsoleOutput))
#62 /Volumes/Home/moohard/Kerjaan-Kepegawaian/apel-app/vendor/laravel/framework/src/Illuminate/Foundation/Application.php(1235): Illuminate\\Foundation\\Console\\Kernel->handle(Object(Symfony\\Component\\Console\\Input\\ArgvInput), Object(Symfony\\Component\\Console\\Output\\ConsoleOutput))
#63 /Volumes/Home/moohard/Kerjaan-Kepegawaian/apel-app/artisan(16): Illuminate\\Foundation\\Application->handleCommand(Object(Symfony\\Component\\Console\\Input\\ArgvInput))
#64 {main}
"} 
[2026-01-12 00:24:40] local.ERROR: Class "Redis" not found {"exception":"[object] (Error(code: 0): Class \"Redis\" not found at /Volumes/Home/moohard/Kerjaan-Kepegawaian/apel-app/vendor/laravel/framework/src/Illuminate/Redis/Connectors/PhpRedisConnector.php:80)
[stacktrace]
#0 /Volumes/Home/moohard/Kerjaan-Kepegawaian/apel-app/vendor/laravel/framework/src/Illuminate/Redis/Connectors/PhpRedisConnector.php(34): Illuminate\\Redis\\Connectors\\PhpRedisConnector->createClient(Array)
#1 /Volumes/Home/moohard/Kerjaan-Kepegawaian/apel-app/vendor/laravel/framework/src/Illuminate/Redis/Connectors/PhpRedisConnector.php(39): Illuminate\\Redis\\Connectors\\PhpRedisConnector->{closure:Illuminate\\Redis\\Connectors\\PhpRedisConnector::connect():33}()
#2 /Volumes/Home/moohard/Kerjaan-Kepegawaian/apel-app/vendor/laravel/framework/src/Illuminate/Redis/RedisManager.php(111): Illuminate\\Redis\\Connectors\\PhpRedisConnector->connect(Array, Array)
#3 /Volumes/Home/moohard/Kerjaan-Kepegawaian/apel-app/vendor/laravel/framework/src/Illuminate/Redis/RedisManager.php(92): Illuminate\\Redis\\RedisManager->resolve('cache')
#4 /Volumes/Home/moohard/Kerjaan-Kepegawaian/apel-app/vendor/laravel/framework/src/Illuminate/Cache/RedisStore.php(368): Illuminate\\Redis\\RedisManager->connection('cache')
#5 /Volumes/Home/moohard/Kerjaan-Kepegawaian/apel-app/vendor/laravel/framework/src/Illuminate/Cache/RedisStore.php(71): Illuminate\\Cache\\RedisStore->connection()
#6 /Volumes/Home/moohard/Kerjaan-Kepegawaian/apel-app/vendor/laravel/framework/src/Illuminate/Cache/Repository.php(119): Illuminate\\Cache\\RedisStore->get('boost.roster.sc...')
#7 /Volumes/Home/moohard/Kerjaan-Kepegawaian/apel-app/vendor/laravel/framework/src/Illuminate/Cache/CacheManager.php(530): Illuminate\\Cache\\Repository->get('boost.roster.sc...')
#8 /Volumes/Home/moohard/Kerjaan-Kepegawaian/apel-app/vendor/laravel/boost/src/BoostServiceProvider.php(50): Illuminate\\Cache\\CacheManager->__call('get', Array)
#9 /Volumes/Home/moohard/Kerjaan-Kepegawaian/apel-app/vendor/laravel/framework/src/Illuminate/Container/Container.php(1115): Laravel\\Boost\\BoostServiceProvider->{closure:Laravel\\Boost\\BoostServiceProvider::register():37}(Object(Illuminate\\Foundation\\Application), Array)
#10 /Volumes/Home/moohard/Kerjaan-Kepegawaian/apel-app/vendor/laravel/framework/src/Illuminate/Container/Container.php(933): Illuminate\\Container\\Container->build(Object(Closure))
#11 /Volumes/Home/moohard/Kerjaan-Kepegawaian/apel-app/vendor/laravel/framework/src/Illuminate/Foundation/Application.php(1078): Illuminate\\Container\\Container->resolve('Laravel\\\\Roster\\\\...', Array, true)
#12 /Volumes/Home/moohard/Kerjaan-Kepegawaian/apel-app/vendor/laravel/framework/src/Illuminate/Container/Container.php(864): Illuminate\\Foundation\\Application->resolve('Laravel\\\\Roster\\\\...', Array)
#13 /Volumes/Home/moohard/Kerjaan-Kepegawaian/apel-app/vendor/laravel/framework/src/Illuminate/Foundation/Application.php(1058): Illuminate\\Container\\Container->make('Laravel\\\\Roster\\\\...', Array)
#14 /Volumes/Home/moohard/Kerjaan-Kepegawaian/apel-app/vendor/laravel/framework/src/Illuminate/Container/Container.php(1338): Illuminate\\Foundation\\Application->make('Laravel\\\\Roster\\\\...')
#15 /Volumes/Home/moohard/Kerjaan-Kepegawaian/apel-app/vendor/laravel/framework/src/Illuminate/Container/Container.php(1239): Illuminate\\Container\\Container->resolveClass(Object(ReflectionParameter))
#16 /Volumes/Home/moohard/Kerjaan-Kepegawaian/apel-app/vendor/laravel/framework/src/Illuminate/Container/Container.php(1162): Illuminate\\Container\\Container->resolveDependencies(Array)
#17 /Volumes/Home/moohard/Kerjaan-Kepegawaian/apel-app/vendor/laravel/framework/src/Illuminate/Container/Container.php(933): Illuminate\\Container\\Container->build('Laravel\\\\Boost\\\\M...')
#18 /Volumes/Home/moohard/Kerjaan-Kepegawaian/apel-app/vendor/laravel/framework/src/Illuminate/Foundation/Application.php(1078): Illuminate\\Container\\Container->resolve('Laravel\\\\Boost\\\\M...', Array, true)
#19 /Volumes/Home/moohard/Kerjaan-Kepegawaian/apel-app/vendor/laravel/framework/src/Illuminate/Container/Container.php(864): Illuminate\\Foundation\\Application->resolve('Laravel\\\\Boost\\\\M...', Array)
#20 /Volumes/Home/moohard/Kerjaan-Kepegawaian/apel-app/vendor/laravel/framework/src/Illuminate/Foundation/Application.php(1058): Illuminate\\Container\\Container->make('Laravel\\\\Boost\\\\M...', Array)
#21 /Volumes/Home/moohard/Kerjaan-Kepegawaian/apel-app/vendor/laravel/mcp/src/Server/ServerContext.php(100): Illuminate\\Foundation\\Application->make('Laravel\\\\Boost\\\\M...')
#22 [internal function]: Laravel\\Mcp\\Server\\ServerContext->{closure:Laravel\\Mcp\\Server\\ServerContext::resolvePrimitives():99}('Laravel\\\\Boost\\\\M...', 0)
#23 /Volumes/Home/moohard/Kerjaan-Kepegawaian/apel-app/vendor/laravel/framework/src/Illuminate/Collections/Arr.php(788): array_map(Object(Closure), Array, Array)
#24 /Volumes/Home/moohard/Kerjaan-Kepegawaian/apel-app/vendor/laravel/framework/src/Illuminate/Collections/Collection.php(819): Illuminate\\Support\\Arr::map(Array, Object(Closure))
#25 /Volumes/Home/moohard/Kerjaan-Kepegawaian/apel-app/vendor/laravel/mcp/src/Server/ServerContext.php(99): Illuminate\\Support\\Collection->map(Object(Closure))
#26 /Volumes/Home/moohard/Kerjaan-Kepegawaian/apel-app/vendor/laravel/mcp/src/Server/ServerContext.php(43): Laravel\\Mcp\\Server\\ServerContext->resolvePrimitives(Object(Illuminate\\Support\\Collection))
#27 /Volumes/Home/moohard/Kerjaan-Kepegawaian/apel-app/vendor/laravel/mcp/src/Server/Methods/ListTools.php(18): Laravel\\Mcp\\Server\\ServerContext->tools()
#28 /Volumes/Home/moohard/Kerjaan-Kepegawaian/apel-app/vendor/laravel/mcp/src/Server.php(276): Laravel\\Mcp\\Server\\Methods\\ListTools->handle(Object(Laravel\\Mcp\\Server\\Transport\\JsonRpcRequest), Object(Laravel\\Mcp\\Server\\ServerContext))
#29 /Volumes/Home/moohard/Kerjaan-Kepegawaian/apel-app/vendor/laravel/mcp/src/Server.php(244): Laravel\\Mcp\\Server->runMethodHandle(Object(Laravel\\Mcp\\Server\\Transport\\JsonRpcRequest), Object(Laravel\\Mcp\\Server\\ServerContext))
#30 /Volumes/Home/moohard/Kerjaan-Kepegawaian/apel-app/vendor/laravel/mcp/src/Server.php(201): Laravel\\Mcp\\Server->handleMessage(Object(Laravel\\Mcp\\Server\\Transport\\JsonRpcRequest), Object(Laravel\\Mcp\\Server\\ServerContext))
#31 /Volumes/Home/moohard/Kerjaan-Kepegawaian/apel-app/vendor/laravel/mcp/src/Server/Transport/StdioTransport.php(44): Laravel\\Mcp\\Server->handle('{\"jsonrpc\":\"2.0...')
#32 /Volumes/Home/moohard/Kerjaan-Kepegawaian/apel-app/vendor/laravel/mcp/src/Server/Registrar.php(141): Laravel\\Mcp\\Server\\Transport\\StdioTransport->run()
#33 /Volumes/Home/moohard/Kerjaan-Kepegawaian/apel-app/vendor/laravel/mcp/src/Server/Registrar.php(59): Laravel\\Mcp\\Server\\Registrar::startServer('Laravel\\\\Boost\\\\M...', Object(Closure))
#34 /Volumes/Home/moohard/Kerjaan-Kepegawaian/apel-app/vendor/laravel/mcp/src/Console/Commands/StartCommand.php(32): Laravel\\Mcp\\Server\\Registrar->{closure:Laravel\\Mcp\\Server\\Registrar::local():59}()
#35 /Volumes/Home/moohard/Kerjaan-Kepegawaian/apel-app/vendor/laravel/framework/src/Illuminate/Container/BoundMethod.php(36): Laravel\\Mcp\\Console\\Commands\\StartCommand->handle(Object(Laravel\\Mcp\\Server\\Registrar))
#36 /Volumes/Home/moohard/Kerjaan-Kepegawaian/apel-app/vendor/laravel/framework/src/Illuminate/Container/Util.php(43): Illuminate\\Container\\BoundMethod::{closure:Illuminate\\Container\\BoundMethod::call():35}()
#37 /Volumes/Home/moohard/Kerjaan-Kepegawaian/apel-app/vendor/laravel/framework/src/Illuminate/Container/BoundMethod.php(96): Illuminate\\Container\\Util::unwrapIfClosure(Object(Closure))
#38 /Volumes/Home/moohard/Kerjaan-Kepegawaian/apel-app/vendor/laravel/framework/src/Illuminate/Container/BoundMethod.php(35): Illuminate\\Container\\BoundMethod::callBoundMethod(Object(Illuminate\\Foundation\\Application), Array, Object(Closure))
#39 /Volumes/Home/moohard/Kerjaan-Kepegawaian/apel-app/vendor/laravel/framework/src/Illuminate/Container/Container.php(799): Illuminate\\Container\\BoundMethod::call(Object(Illuminate\\Foundation\\Application), Array, Array, NULL)
#40 /Volumes/Home/moohard/Kerjaan-Kepegawaian/apel-app/vendor/laravel/framework/src/Illuminate/Console/Command.php(211): Illuminate\\Container\\Container->call(Array)
#41 /Volumes/Home/moohard/Kerjaan-Kepegawaian/apel-app/vendor/symfony/console/Command/Command.php(341): Illuminate\\Console\\Command->execute(Object(Symfony\\Component\\Console\\Input\\StringInput), Object(Illuminate\\Console\\OutputStyle))
#42 /Volumes/Home/moohard/Kerjaan-Kepegawaian/apel-app/vendor/laravel/framework/src/Illuminate/Console/Command.php(180): Symfony\\Component\\Console\\Command\\Command->run(Object(Symfony\\Component\\Console\\Input\\StringInput), Object(Illuminate\\Console\\OutputStyle))
#43 /Volumes/Home/moohard/Kerjaan-Kepegawaian/apel-app/vendor/symfony/console/Application.php(1102): Illuminate\\Console\\Command->run(Object(Symfony\\Component\\Console\\Input\\StringInput), Object(Symfony\\Component\\Console\\Output\\BufferedOutput))
#44 /Volumes/Home/moohard/Kerjaan-Kepegawaian/apel-app/vendor/symfony/console/Application.php(356): Symfony\\Component\\Console\\Application->doRunCommand(Object(Laravel\\Mcp\\Console\\Commands\\StartCommand), Object(Symfony\\Component\\Console\\Input\\StringInput), Object(Symfony\\Component\\Console\\Output\\BufferedOutput))
#45 /Volumes/Home/moohard/Kerjaan-Kepegawaian/apel-app/vendor/symfony/console/Application.php(195): Symfony\\Component\\Console\\Application->doRun(Object(Symfony\\Component\\Console\\Input\\StringInput), Object(Symfony\\Component\\Console\\Output\\BufferedOutput))
#46 /Volumes/Home/moohard/Kerjaan-Kepegawaian/apel-app/vendor/laravel/framework/src/Illuminate/Console/Application.php(165): Symfony\\Component\\Console\\Application->run(Object(Symfony\\Component\\Console\\Input\\StringInput), Object(Symfony\\Component\\Console\\Output\\BufferedOutput))
#47 /Volumes/Home/moohard/Kerjaan-Kepegawaian/apel-app/vendor/laravel/framework/src/Illuminate/Foundation/Console/Kernel.php(447): Illuminate\\Console\\Application->call('mcp:start', Array, NULL)
#48 /Volumes/Home/moohard/Kerjaan-Kepegawaian/apel-app/vendor/laravel/framework/src/Illuminate/Support/Facades/Facade.php(363): Illuminate\\Foundation\\Console\\Kernel->call('mcp:start larav...')
#49 /Volumes/Home/moohard/Kerjaan-Kepegawaian/apel-app/vendor/laravel/boost/src/Console/StartCommand.php(16): Illuminate\\Support\\Facades\\Facade::__callStatic('call', Array)
#50 /Volumes/Home/moohard/Kerjaan-Kepegawaian/apel-app/vendor/laravel/framework/src/Illuminate/Container/BoundMethod.php(36): Laravel\\Boost\\Console\\StartCommand->handle()
#51 /Volumes/Home/moohard/Kerjaan-Kepegawaian/apel-app/vendor/laravel/framework/src/Illuminate/Container/Util.php(43): Illuminate\\Container\\BoundMethod::{closure:Illuminate\\Container\\BoundMethod::call():35}()
#52 /Volumes/Home/moohard/Kerjaan-Kepegawaian/apel-app/vendor/laravel/framework/src/Illuminate/Container/BoundMethod.php(96): Illuminate\\Container\\Util::unwrapIfClosure(Object(Closure))
#53 /Volumes/Home/moohard/Kerjaan-Kepegawaian/apel-app/vendor/laravel/framework/src/Illuminate/Container/BoundMethod.php(35): Illuminate\\Container\\BoundMethod::callBoundMethod(Object(Illuminate\\Foundation\\Application), Array, Object(Closure))
#54 /Volumes/Home/moohard/Kerjaan-Kepegawaian/apel-app/vendor/laravel/framework/src/Illuminate/Container/Container.php(799): Illuminate\\Container\\BoundMethod::call(Object(Illuminate\\Foundation\\Application), Array, Array, NULL)
#55 /Volumes/Home/moohard/Kerjaan-Kepegawaian/apel-app/vendor/laravel/framework/src/Illuminate/Console/Command.php(211): Illuminate\\Container\\Container->call(Array)
#56 /Volumes/Home/moohard/Kerjaan-Kepegawaian/apel-app/vendor/symfony/console/Command/Command.php(341): Illuminate\\Console\\Command->execute(Object(Symfony\\Component\\Console\\Input\\ArgvInput), Object(Illuminate\\Console\\OutputStyle))
#57 /Volumes/Home/moohard/Kerjaan-Kepegawaian/apel-app/vendor/laravel/framework/src/Illuminate/Console/Command.php(180): Symfony\\Component\\Console\\Command\\Command->run(Object(Symfony\\Component\\Console\\Input\\ArgvInput), Object(Illuminate\\Console\\OutputStyle))
#58 /Volumes/Home/moohard/Kerjaan-Kepegawaian/apel-app/vendor/symfony/console/Application.php(1102): Illuminate\\Console\\Command->run(Object(Symfony\\Component\\Console\\Input\\ArgvInput), Object(Symfony\\Component\\Console\\Output\\ConsoleOutput))
#59 /Volumes/Home/moohard/Kerjaan-Kepegawaian/apel-app/vendor/symfony/console/Application.php(356): Symfony\\Component\\Console\\Application->doRunCommand(Object(Laravel\\Boost\\Console\\StartCommand), Object(Symfony\\Component\\Console\\Input\\ArgvInput), Object(Symfony\\Component\\Console\\Output\\ConsoleOutput))
#60 /Volumes/Home/moohard/Kerjaan-Kepegawaian/apel-app/vendor/symfony/console/Application.php(195): Symfony\\Component\\Console\\Application->doRun(Object(Symfony\\Component\\Console\\Input\\ArgvInput), Object(Symfony\\Component\\Console\\Output\\ConsoleOutput))
#61 /Volumes/Home/moohard/Kerjaan-Kepegawaian/apel-app/vendor/laravel/framework/src/Illuminate/Foundation/Console/Kernel.php(198): Symfony\\Component\\Console\\Application->run(Object(Symfony\\Component\\Console\\Input\\ArgvInput), Object(Symfony\\Component\\Console\\Output\\ConsoleOutput))
#62 /Volumes/Home/moohard/Kerjaan-Kepegawaian/apel-app/vendor/laravel/framework/src/Illuminate/Foundation/Application.php(1235): Illuminate\\Foundation\\Console\\Kernel->handle(Object(Symfony\\Component\\Console\\Input\\ArgvInput), Object(Symfony\\Component\\Console\\Output\\ConsoleOutput))
#63 /Volumes/Home/moohard/Kerjaan-Kepegawaian/apel-app/artisan(16): Illuminate\\Foundation\\Application->handleCommand(Object(Symfony\\Component\\Console\\Input\\ArgvInput))
#64 {main}
"} 
[2026-01-12 00:25:45] local.ERROR: Class "Redis" not found {"exception":"[object] (Error(code: 0): Class \"Redis\" not found at /Volumes/Home/moohard/Kerjaan-Kepegawaian/apel-app/vendor/laravel/framework/src/Illuminate/Redis/Connectors/PhpRedisConnector.php:80)
[stacktrace]
#0 /Volumes/Home/moohard/Kerjaan-Kepegawaian/apel-app/vendor/laravel/framework/src/Illuminate/Redis/Connectors/PhpRedisConnector.php(34): Illuminate\\Redis\\Connectors\\PhpRedisConnector->createClient(Array)
#1 /Volumes/Home/moohard/Kerjaan-Kepegawaian/apel-app/vendor/laravel/framework/src/Illuminate/Redis/Connectors/PhpRedisConnector.php(39): Illuminate\\Redis\\Connectors\\PhpRedisConnector->{closure:Illuminate\\Redis\\Connectors\\PhpRedisConnector::connect():33}()
#2 /Volumes/Home/moohard/Kerjaan-Kepegawaian/apel-app/vendor/laravel/framework/src/Illuminate/Redis/RedisManager.php(111): Illuminate\\Redis\\Connectors\\PhpRedisConnector->connect(Array, Array)
#3 /Volumes/Home/moohard/Kerjaan-Kepegawaian/apel-app/vendor/laravel/framework/src/Illuminate/Redis/RedisManager.php(92): Illuminate\\Redis\\RedisManager->resolve('cache')
#4 /Volumes/Home/moohard/Kerjaan-Kepegawaian/apel-app/vendor/laravel/framework/src/Illuminate/Cache/RedisStore.php(368): Illuminate\\Redis\\RedisManager->connection('cache')
#5 /Volumes/Home/moohard/Kerjaan-Kepegawaian/apel-app/vendor/laravel/framework/src/Illuminate/Cache/RedisStore.php(71): Illuminate\\Cache\\RedisStore->connection()
#6 /Volumes/Home/moohard/Kerjaan-Kepegawaian/apel-app/vendor/laravel/framework/src/Illuminate/Cache/Repository.php(119): Illuminate\\Cache\\RedisStore->get('boost.roster.sc...')
#7 /Volumes/Home/moohard/Kerjaan-Kepegawaian/apel-app/vendor/laravel/framework/src/Illuminate/Cache/CacheManager.php(530): Illuminate\\Cache\\Repository->get('boost.roster.sc...')
#8 /Volumes/Home/moohard/Kerjaan-Kepegawaian/apel-app/vendor/laravel/boost/src/BoostServiceProvider.php(50): Illuminate\\Cache\\CacheManager->__call('get', Array)
#9 /Volumes/Home/moohard/Kerjaan-Kepegawaian/apel-app/vendor/laravel/framework/src/Illuminate/Container/Container.php(1115): Laravel\\Boost\\BoostServiceProvider->{closure:Laravel\\Boost\\BoostServiceProvider::register():37}(Object(Illuminate\\Foundation\\Application), Array)
#10 /Volumes/Home/moohard/Kerjaan-Kepegawaian/apel-app/vendor/laravel/framework/src/Illuminate/Container/Container.php(933): Illuminate\\Container\\Container->build(Object(Closure))
#11 /Volumes/Home/moohard/Kerjaan-Kepegawaian/apel-app/vendor/laravel/framework/src/Illuminate/Foundation/Application.php(1078): Illuminate\\Container\\Container->resolve('Laravel\\\\Roster\\\\...', Array, true)
#12 /Volumes/Home/moohard/Kerjaan-Kepegawaian/apel-app/vendor/laravel/framework/src/Illuminate/Container/Container.php(864): Illuminate\\Foundation\\Application->resolve('Laravel\\\\Roster\\\\...', Array)
#13 /Volumes/Home/moohard/Kerjaan-Kepegawaian/apel-app/vendor/laravel/framework/src/Illuminate/Foundation/Application.php(1058): Illuminate\\Container\\Container->make('Laravel\\\\Roster\\\\...', Array)
#14 /Volumes/Home/moohard/Kerjaan-Kepegawaian/apel-app/vendor/laravel/framework/src/Illuminate/Container/Container.php(1338): Illuminate\\Foundation\\Application->make('Laravel\\\\Roster\\\\...')
#15 /Volumes/Home/moohard/Kerjaan-Kepegawaian/apel-app/vendor/laravel/framework/src/Illuminate/Container/Container.php(1239): Illuminate\\Container\\Container->resolveClass(Object(ReflectionParameter))
#16 /Volumes/Home/moohard/Kerjaan-Kepegawaian/apel-app/vendor/laravel/framework/src/Illuminate/Container/Container.php(1162): Illuminate\\Container\\Container->resolveDependencies(Array)
#17 /Volumes/Home/moohard/Kerjaan-Kepegawaian/apel-app/vendor/laravel/framework/src/Illuminate/Container/Container.php(933): Illuminate\\Container\\Container->build('Laravel\\\\Boost\\\\M...')
#18 /Volumes/Home/moohard/Kerjaan-Kepegawaian/apel-app/vendor/laravel/framework/src/Illuminate/Foundation/Application.php(1078): Illuminate\\Container\\Container->resolve('Laravel\\\\Boost\\\\M...', Array, true)
#19 /Volumes/Home/moohard/Kerjaan-Kepegawaian/apel-app/vendor/laravel/framework/src/Illuminate/Container/Container.php(864): Illuminate\\Foundation\\Application->resolve('Laravel\\\\Boost\\\\M...', Array)
#20 /Volumes/Home/moohard/Kerjaan-Kepegawaian/apel-app/vendor/laravel/framework/src/Illuminate/Foundation/Application.php(1058): Illuminate\\Container\\Container->make('Laravel\\\\Boost\\\\M...', Array)
#21 /Volumes/Home/moohard/Kerjaan-Kepegawaian/apel-app/vendor/laravel/mcp/src/Server/ServerContext.php(100): Illuminate\\Foundation\\Application->make('Laravel\\\\Boost\\\\M...')
#22 [internal function]: Laravel\\Mcp\\Server\\ServerContext->{closure:Laravel\\Mcp\\Server\\ServerContext::resolvePrimitives():99}('Laravel\\\\Boost\\\\M...', 0)
#23 /Volumes/Home/moohard/Kerjaan-Kepegawaian/apel-app/vendor/laravel/framework/src/Illuminate/Collections/Arr.php(788): array_map(Object(Closure), Array, Array)
#24 /Volumes/Home/moohard/Kerjaan-Kepegawaian/apel-app/vendor/laravel/framework/src/Illuminate/Collections/Collection.php(819): Illuminate\\Support\\Arr::map(Array, Object(Closure))
#25 /Volumes/Home/moohard/Kerjaan-Kepegawaian/apel-app/vendor/laravel/mcp/src/Server/ServerContext.php(99): Illuminate\\Support\\Collection->map(Object(Closure))
#26 /Volumes/Home/moohard/Kerjaan-Kepegawaian/apel-app/vendor/laravel/mcp/src/Server/ServerContext.php(43): Laravel\\Mcp\\Server\\ServerContext->resolvePrimitives(Object(Illuminate\\Support\\Collection))
#27 /Volumes/Home/moohard/Kerjaan-Kepegawaian/apel-app/vendor/laravel/mcp/src/Server/Methods/ListTools.php(18): Laravel\\Mcp\\Server\\ServerContext->tools()
#28 /Volumes/Home/moohard/Kerjaan-Kepegawaian/apel-app/vendor/laravel/mcp/src/Server.php(276): Laravel\\Mcp\\Server\\Methods\\ListTools->handle(Object(Laravel\\Mcp\\Server\\Transport\\JsonRpcRequest), Object(Laravel\\Mcp\\Server\\ServerContext))
#29 /Volumes/Home/moohard/Kerjaan-Kepegawaian/apel-app/vendor/laravel/mcp/src/Server.php(244): Laravel\\Mcp\\Server->runMethodHandle(Object(Laravel\\Mcp\\Server\\Transport\\JsonRpcRequest), Object(Laravel\\Mcp\\Server\\ServerContext))
#30 /Volumes/Home/moohard/Kerjaan-Kepegawaian/apel-app/vendor/laravel/mcp/src/Server.php(201): Laravel\\Mcp\\Server->handleMessage(Object(Laravel\\Mcp\\Server\\Transport\\JsonRpcRequest), Object(Laravel\\Mcp\\Server\\ServerContext))
#31 /Volumes/Home/moohard/Kerjaan-Kepegawaian/apel-app/vendor/laravel/mcp/src/Server/Transport/StdioTransport.php(44): Laravel\\Mcp\\Server->handle('{\"jsonrpc\":\"2.0...')
#32 /Volumes/Home/moohard/Kerjaan-Kepegawaian/apel-app/vendor/laravel/mcp/src/Server/Registrar.php(141): Laravel\\Mcp\\Server\\Transport\\StdioTransport->run()
#33 /Volumes/Home/moohard/Kerjaan-Kepegawaian/apel-app/vendor/laravel/mcp/src/Server/Registrar.php(59): Laravel\\Mcp\\Server\\Registrar::startServer('Laravel\\\\Boost\\\\M...', Object(Closure))
#34 /Volumes/Home/moohard/Kerjaan-Kepegawaian/apel-app/vendor/laravel/mcp/src/Console/Commands/StartCommand.php(32): Laravel\\Mcp\\Server\\Registrar->{closure:Laravel\\Mcp\\Server\\Registrar::local():59}()
#35 /Volumes/Home/moohard/Kerjaan-Kepegawaian/apel-app/vendor/laravel/framework/src/Illuminate/Container/BoundMethod.php(36): Laravel\\Mcp\\Console\\Commands\\StartCommand->handle(Object(Laravel\\Mcp\\Server\\Registrar))
#36 /Volumes/Home/moohard/Kerjaan-Kepegawaian/apel-app/vendor/laravel/framework/src/Illuminate/Container/Util.php(43): Illuminate\\Container\\BoundMethod::{closure:Illuminate\\Container\\BoundMethod::call():35}()
#37 /Volumes/Home/moohard/Kerjaan-Kepegawaian/apel-app/vendor/laravel/framework/src/Illuminate/Container/BoundMethod.php(96): Illuminate\\Container\\Util::unwrapIfClosure(Object(Closure))
#38 /Volumes/Home/moohard/Kerjaan-Kepegawaian/apel-app/vendor/laravel/framework/src/Illuminate/Container/BoundMethod.php(35): Illuminate\\Container\\BoundMethod::callBoundMethod(Object(Illuminate\\Foundation\\Application), Array, Object(Closure))
#39 /Volumes/Home/moohard/Kerjaan-Kepegawaian/apel-app/vendor/laravel/framework/src/Illuminate/Container/Container.php(799): Illuminate\\Container\\BoundMethod::call(Object(Illuminate\\Foundation\\Application), Array, Array, NULL)
#40 /Volumes/Home/moohard/Kerjaan-Kepegawaian/apel-app/vendor/laravel/framework/src/Illuminate/Console/Command.php(211): Illuminate\\Container\\Container->call(Array)
#41 /Volumes/Home/moohard/Kerjaan-Kepegawaian/apel-app/vendor/symfony/console/Command/Command.php(341): Illuminate\\Console\\Command->execute(Object(Symfony\\Component\\Console\\Input\\StringInput), Object(Illuminate\\Console\\OutputStyle))
#42 /Volumes/Home/moohard/Kerjaan-Kepegawaian/apel-app/vendor/laravel/framework/src/Illuminate/Console/Command.php(180): Symfony\\Component\\Console\\Command\\Command->run(Object(Symfony\\Component\\Console\\Input\\StringInput), Object(Illuminate\\Console\\OutputStyle))
#43 /Volumes/Home/moohard/Kerjaan-Kepegawaian/apel-app/vendor/symfony/console/Application.php(1102): Illuminate\\Console\\Command->run(Object(Symfony\\Component\\Console\\Input\\StringInput), Object(Symfony\\Component\\Console\\Output\\BufferedOutput))
#44 /Volumes/Home/moohard/Kerjaan-Kepegawaian/apel-app/vendor/symfony/console/Application.php(356): Symfony\\Component\\Console\\Application->doRunCommand(Object(Laravel\\Mcp\\Console\\Commands\\StartCommand), Object(Symfony\\Component\\Console\\Input\\StringInput), Object(Symfony\\Component\\Console\\Output\\BufferedOutput))
#45 /Volumes/Home/moohard/Kerjaan-Kepegawaian/apel-app/vendor/symfony/console/Application.php(195): Symfony\\Component\\Console\\Application->doRun(Object(Symfony\\Component\\Console\\Input\\StringInput), Object(Symfony\\Component\\Console\\Output\\BufferedOutput))
#46 /Volumes/Home/moohard/Kerjaan-Kepegawaian/apel-app/vendor/laravel/framework/src/Illuminate/Console/Application.php(165): Symfony\\Component\\Console\\Application->run(Object(Symfony\\Component\\Console\\Input\\StringInput), Object(Symfony\\Component\\Console\\Output\\BufferedOutput))
#47 /Volumes/Home/moohard/Kerjaan-Kepegawaian/apel-app/vendor/laravel/framework/src/Illuminate/Foundation/Console/Kernel.php(447): Illuminate\\Console\\Application->call('mcp:start', Array, NULL)
#48 /Volumes/Home/moohard/Kerjaan-Kepegawaian/apel-app/vendor/laravel/framework/src/Illuminate/Support/Facades/Facade.php(363): Illuminate\\Foundation\\Console\\Kernel->call('mcp:start larav...')
#49 /Volumes/Home/moohard/Kerjaan-Kepegawaian/apel-app/vendor/laravel/boost/src/Console/StartCommand.php(16): Illuminate\\Support\\Facades\\Facade::__callStatic('call', Array)
#50 /Volumes/Home/moohard/Kerjaan-Kepegawaian/apel-app/vendor/laravel/framework/src/Illuminate/Container/BoundMethod.php(36): Laravel\\Boost\\Console\\StartCommand->handle()
#51 /Volumes/Home/moohard/Kerjaan-Kepegawaian/apel-app/vendor/laravel/framework/src/Illuminate/Container/Util.php(43): Illuminate\\Container\\BoundMethod::{closure:Illuminate\\Container\\BoundMethod::call():35}()
#52 /Volumes/Home/moohard/Kerjaan-Kepegawaian/apel-app/vendor/laravel/framework/src/Illuminate/Container/BoundMethod.php(96): Illuminate\\Container\\Util::unwrapIfClosure(Object(Closure))
#53 /Volumes/Home/moohard/Kerjaan-Kepegawaian/apel-app/vendor/laravel/framework/src/Illuminate/Container/BoundMethod.php(35): Illuminate\\Container\\BoundMethod::callBoundMethod(Object(Illuminate\\Foundation\\Application), Array, Object(Closure))
#54 /Volumes/Home/moohard/Kerjaan-Kepegawaian/apel-app/vendor/laravel/framework/src/Illuminate/Container/Container.php(799): Illuminate\\Container\\BoundMethod::call(Object(Illuminate\\Foundation\\Application), Array, Array, NULL)
#55 /Volumes/Home/moohard/Kerjaan-Kepegawaian/apel-app/vendor/laravel/framework/src/Illuminate/Console/Command.php(211): Illuminate\\Container\\Container->call(Array)
#56 /Volumes/Home/moohard/Kerjaan-Kepegawaian/apel-app/vendor/symfony/console/Command/Command.php(341): Illuminate\\Console\\Command->execute(Object(Symfony\\Component\\Console\\Input\\ArgvInput), Object(Illuminate\\Console\\OutputStyle))
#57 /Volumes/Home/moohard/Kerjaan-Kepegawaian/apel-app/vendor/laravel/framework/src/Illuminate/Console/Command.php(180): Symfony\\Component\\Console\\Command\\Command->run(Object(Symfony\\Component\\Console\\Input\\ArgvInput), Object(Illuminate\\Console\\OutputStyle))
#58 /Volumes/Home/moohard/Kerjaan-Kepegawaian/apel-app/vendor/symfony/console/Application.php(1102): Illuminate\\Console\\Command->run(Object(Symfony\\Component\\Console\\Input\\ArgvInput), Object(Symfony\\Component\\Console\\Output\\ConsoleOutput))
#59 /Volumes/Home/moohard/Kerjaan-Kepegawaian/apel-app/vendor/symfony/console/Application.php(356): Symfony\\Component\\Console\\Application->doRunCommand(Object(Laravel\\Boost\\Console\\StartCommand), Object(Symfony\\Component\\Console\\Input\\ArgvInput), Object(Symfony\\Component\\Console\\Output\\ConsoleOutput))
#60 /Volumes/Home/moohard/Kerjaan-Kepegawaian/apel-app/vendor/symfony/console/Application.php(195): Symfony\\Component\\Console\\Application->doRun(Object(Symfony\\Component\\Console\\Input\\ArgvInput), Object(Symfony\\Component\\Console\\Output\\ConsoleOutput))
#61 /Volumes/Home/moohard/Kerjaan-Kepegawaian/apel-app/vendor/laravel/framework/src/Illuminate/Foundation/Console/Kernel.php(198): Symfony\\Component\\Console\\Application->run(Object(Symfony\\Component\\Console\\Input\\ArgvInput), Object(Symfony\\Component\\Console\\Output\\ConsoleOutput))
#62 /Volumes/Home/moohard/Kerjaan-Kepegawaian/apel-app/vendor/laravel/framework/src/Illuminate/Foundation/Application.php(1235): Illuminate\\Foundation\\Console\\Kernel->handle(Object(Symfony\\Component\\Console\\Input\\ArgvInput), Object(Symfony\\Component\\Console\\Output\\ConsoleOutput))
#63 /Volumes/Home/moohard/Kerjaan-Kepegawaian/apel-app/artisan(16): Illuminate\\Foundation\\Application->handleCommand(Object(Symfony\\Component\\Console\\Input\\ArgvInput))
#64 {main}
"} 
[2026-01-12 00:25:45] local.ERROR: Class "Redis" not found {"exception":"[object] (Error(code: 0): Class \"Redis\" not found at /Volumes/Home/moohard/Kerjaan-Kepegawaian/apel-app/vendor/laravel/framework/src/Illuminate/Redis/Connectors/PhpRedisConnector.php:80)
[stacktrace]
#0 /Volumes/Home/moohard/Kerjaan-Kepegawaian/apel-app/vendor/laravel/framework/src/Illuminate/Redis/Connectors/PhpRedisConnector.php(34): Illuminate\\Redis\\Connectors\\PhpRedisConnector->createClient(Array)
#1 /Volumes/Home/moohard/Kerjaan-Kepegawaian/apel-app/vendor/laravel/framework/src/Illuminate/Redis/Connectors/PhpRedisConnector.php(39): Illuminate\\Redis\\Connectors\\PhpRedisConnector->{closure:Illuminate\\Redis\\Connectors\\PhpRedisConnector::connect():33}()
#2 /Volumes/Home/moohard/Kerjaan-Kepegawaian/apel-app/vendor/laravel/framework/src/Illuminate/Redis/RedisManager.php(111): Illuminate\\Redis\\Connectors\\PhpRedisConnector->connect(Array, Array)
#3 /Volumes/Home/moohard/Kerjaan-Kepegawaian/apel-app/vendor/laravel/framework/src/Illuminate/Redis/RedisManager.php(92): Illuminate\\Redis\\RedisManager->resolve('cache')
#4 /Volumes/Home/moohard/Kerjaan-Kepegawaian/apel-app/vendor/laravel/framework/src/Illuminate/Cache/RedisStore.php(368): Illuminate\\Redis\\RedisManager->connection('cache')
#5 /Volumes/Home/moohard/Kerjaan-Kepegawaian/apel-app/vendor/laravel/framework/src/Illuminate/Cache/RedisStore.php(71): Illuminate\\Cache\\RedisStore->connection()
#6 /Volumes/Home/moohard/Kerjaan-Kepegawaian/apel-app/vendor/laravel/framework/src/Illuminate/Cache/Repository.php(119): Illuminate\\Cache\\RedisStore->get('boost.roster.sc...')
#7 /Volumes/Home/moohard/Kerjaan-Kepegawaian/apel-app/vendor/laravel/framework/src/Illuminate/Cache/CacheManager.php(530): Illuminate\\Cache\\Repository->get('boost.roster.sc...')
#8 /Volumes/Home/moohard/Kerjaan-Kepegawaian/apel-app/vendor/laravel/boost/src/BoostServiceProvider.php(50): Illuminate\\Cache\\CacheManager->__call('get', Array)
#9 /Volumes/Home/moohard/Kerjaan-Kepegawaian/apel-app/vendor/laravel/framework/src/Illuminate/Container/Container.php(1115): Laravel\\Boost\\BoostServiceProvider->{closure:Laravel\\Boost\\BoostServiceProvider::register():37}(Object(Illuminate\\Foundation\\Application), Array)
#10 /Volumes/Home/moohard/Kerjaan-Kepegawaian/apel-app/vendor/laravel/framework/src/Illuminate/Container/Container.php(933): Illuminate\\Container\\Container->build(Object(Closure))
#11 /Volumes/Home/moohard/Kerjaan-Kepegawaian/apel-app/vendor/laravel/framework/src/Illuminate/Foundation/Application.php(1078): Illuminate\\Container\\Container->resolve('Laravel\\\\Roster\\\\...', Array, true)
#12 /Volumes/Home/moohard/Kerjaan-Kepegawaian/apel-app/vendor/laravel/framework/src/Illuminate/Container/Container.php(864): Illuminate\\Foundation\\Application->resolve('Laravel\\\\Roster\\\\...', Array)
#13 /Volumes/Home/moohard/Kerjaan-Kepegawaian/apel-app/vendor/laravel/framework/src/Illuminate/Foundation/Application.php(1058): Illuminate\\Container\\Container->make('Laravel\\\\Roster\\\\...', Array)
#14 /Volumes/Home/moohard/Kerjaan-Kepegawaian/apel-app/vendor/laravel/framework/src/Illuminate/Container/Container.php(1338): Illuminate\\Foundation\\Application->make('Laravel\\\\Roster\\\\...')
#15 /Volumes/Home/moohard/Kerjaan-Kepegawaian/apel-app/vendor/laravel/framework/src/Illuminate/Container/Container.php(1239): Illuminate\\Container\\Container->resolveClass(Object(ReflectionParameter))
#16 /Volumes/Home/moohard/Kerjaan-Kepegawaian/apel-app/vendor/laravel/framework/src/Illuminate/Container/Container.php(1162): Illuminate\\Container\\Container->resolveDependencies(Array)
#17 /Volumes/Home/moohard/Kerjaan-Kepegawaian/apel-app/vendor/laravel/framework/src/Illuminate/Container/Container.php(933): Illuminate\\Container\\Container->build('Laravel\\\\Boost\\\\M...')
#18 /Volumes/Home/moohard/Kerjaan-Kepegawaian/apel-app/vendor/laravel/framework/src/Illuminate/Foundation/Application.php(1078): Illuminate\\Container\\Container->resolve('Laravel\\\\Boost\\\\M...', Array, true)
#19 /Volumes/Home/moohard/Kerjaan-Kepegawaian/apel-app/vendor/laravel/framework/src/Illuminate/Container/Container.php(864): Illuminate\\Foundation\\Application->resolve('Laravel\\\\Boost\\\\M...', Array)
#20 /Volumes/Home/moohard/Kerjaan-Kepegawaian/apel-app/vendor/laravel/framework/src/Illuminate/Foundation/Application.php(1058): Illuminate\\Container\\Container->make('Laravel\\\\Boost\\\\M...', Array)
#21 /Volumes/Home/moohard/Kerjaan-Kepegawaian/apel-app/vendor/laravel/mcp/src/Server/ServerContext.php(100): Illuminate\\Foundation\\Application->make('Laravel\\\\Boost\\\\M...')
#22 [internal function]: Laravel\\Mcp\\Server\\ServerContext->{closure:Laravel\\Mcp\\Server\\ServerContext::resolvePrimitives():99}('Laravel\\\\Boost\\\\M...', 0)
#23 /Volumes/Home/moohard/Kerjaan-Kepegawaian/apel-app/vendor/laravel/framework/src/Illuminate/Collections/Arr.php(788): array_map(Object(Closure), Array, Array)
#24 /Volumes/Home/moohard/Kerjaan-Kepegawaian/apel-app/vendor/laravel/framework/src/Illuminate/Collections/Collection.php(819): Illuminate\\Support\\Arr::map(Array, Object(Closure))
#25 /Volumes/Home/moohard/Kerjaan-Kepegawaian/apel-app/vendor/laravel/mcp/src/Server/ServerContext.php(99): Illuminate\\Support\\Collection->map(Object(Closure))
#26 /Volumes/Home/moohard/Kerjaan-Kepegawaian/apel-app/vendor/laravel/mcp/src/Server/ServerContext.php(43): Laravel\\Mcp\\Server\\ServerContext->resolvePrimitives(Object(Illuminate\\Support\\Collection))
#27 /Volumes/Home/moohard/Kerjaan-Kepegawaian/apel-app/vendor/laravel/mcp/src/Server/Methods/ListTools.php(18): Laravel\\Mcp\\Server\\ServerContext->tools()
#28 /Volumes/Home/moohard/Kerjaan-Kepegawaian/apel-app/vendor/laravel/mcp/src/Server.php(276): Laravel\\Mcp\\Server\\Methods\\ListTools->handle(Object(Laravel\\Mcp\\Server\\Transport\\JsonRpcRequest), Object(Laravel\\Mcp\\Server\\ServerContext))
#29 /Volumes/Home/moohard/Kerjaan-Kepegawaian/apel-app/vendor/laravel/mcp/src/Server.php(244): Laravel\\Mcp\\Server->runMethodHandle(Object(Laravel\\Mcp\\Server\\Transport\\JsonRpcRequest), Object(Laravel\\Mcp\\Server\\ServerContext))
#30 /Volumes/Home/moohard/Kerjaan-Kepegawaian/apel-app/vendor/laravel/mcp/src/Server.php(201): Laravel\\Mcp\\Server->handleMessage(Object(Laravel\\Mcp\\Server\\Transport\\JsonRpcRequest), Object(Laravel\\Mcp\\Server\\ServerContext))
#31 /Volumes/Home/moohard/Kerjaan-Kepegawaian/apel-app/vendor/laravel/mcp/src/Server/Transport/StdioTransport.php(44): Laravel\\Mcp\\Server->handle('{\"jsonrpc\":\"2.0...')
#32 /Volumes/Home/moohard/Kerjaan-Kepegawaian/apel-app/vendor/laravel/mcp/src/Server/Registrar.php(141): Laravel\\Mcp\\Server\\Transport\\StdioTransport->run()
#33 /Volumes/Home/moohard/Kerjaan-Kepegawaian/apel-app/vendor/laravel/mcp/src/Server/Registrar.php(59): Laravel\\Mcp\\Server\\Registrar::startServer('Laravel\\\\Boost\\\\M...', Object(Closure))
#34 /Volumes/Home/moohard/Kerjaan-Kepegawaian/apel-app/vendor/laravel/mcp/src/Console/Commands/StartCommand.php(32): Laravel\\Mcp\\Server\\Registrar->{closure:Laravel\\Mcp\\Server\\Registrar::local():59}()
#35 /Volumes/Home/moohard/Kerjaan-Kepegawaian/apel-app/vendor/laravel/framework/src/Illuminate/Container/BoundMethod.php(36): Laravel\\Mcp\\Console\\Commands\\StartCommand->handle(Object(Laravel\\Mcp\\Server\\Registrar))
#36 /Volumes/Home/moohard/Kerjaan-Kepegawaian/apel-app/vendor/laravel/framework/src/Illuminate/Container/Util.php(43): Illuminate\\Container\\BoundMethod::{closure:Illuminate\\Container\\BoundMethod::call():35}()
#37 /Volumes/Home/moohard/Kerjaan-Kepegawaian/apel-app/vendor/laravel/framework/src/Illuminate/Container/BoundMethod.php(96): Illuminate\\Container\\Util::unwrapIfClosure(Object(Closure))
#38 /Volumes/Home/moohard/Kerjaan-Kepegawaian/apel-app/vendor/laravel/framework/src/Illuminate/Container/BoundMethod.php(35): Illuminate\\Container\\BoundMethod::callBoundMethod(Object(Illuminate\\Foundation\\Application), Array, Object(Closure))
#39 /Volumes/Home/moohard/Kerjaan-Kepegawaian/apel-app/vendor/laravel/framework/src/Illuminate/Container/Container.php(799): Illuminate\\Container\\BoundMethod::call(Object(Illuminate\\Foundation\\Application), Array, Array, NULL)
#40 /Volumes/Home/moohard/Kerjaan-Kepegawaian/apel-app/vendor/laravel/framework/src/Illuminate/Console/Command.php(211): Illuminate\\Container\\Container->call(Array)
#41 /Volumes/Home/moohard/Kerjaan-Kepegawaian/apel-app/vendor/symfony/console/Command/Command.php(341): Illuminate\\Console\\Command->execute(Object(Symfony\\Component\\Console\\Input\\StringInput), Object(Illuminate\\Console\\OutputStyle))
#42 /Volumes/Home/moohard/Kerjaan-Kepegawaian/apel-app/vendor/laravel/framework/src/Illuminate/Console/Command.php(180): Symfony\\Component\\Console\\Command\\Command->run(Object(Symfony\\Component\\Console\\Input\\StringInput), Object(Illuminate\\Console\\OutputStyle))
#43 /Volumes/Home/moohard/Kerjaan-Kepegawaian/apel-app/vendor/symfony/console/Application.php(1102): Illuminate\\Console\\Command->run(Object(Symfony\\Component\\Console\\Input\\StringInput), Object(Symfony\\Component\\Console\\Output\\BufferedOutput))
#44 /Volumes/Home/moohard/Kerjaan-Kepegawaian/apel-app/vendor/symfony/console/Application.php(356): Symfony\\Component\\Console\\Application->doRunCommand(Object(Laravel\\Mcp\\Console\\Commands\\StartCommand), Object(Symfony\\Component\\Console\\Input\\StringInput), Object(Symfony\\Component\\Console\\Output\\BufferedOutput))
#45 /Volumes/Home/moohard/Kerjaan-Kepegawaian/apel-app/vendor/symfony/console/Application.php(195): Symfony\\Component\\Console\\Application->doRun(Object(Symfony\\Component\\Console\\Input\\StringInput), Object(Symfony\\Component\\Console\\Output\\BufferedOutput))
#46 /Volumes/Home/moohard/Kerjaan-Kepegawaian/apel-app/vendor/laravel/framework/src/Illuminate/Console/Application.php(165): Symfony\\Component\\Console\\Application->run(Object(Symfony\\Component\\Console\\Input\\StringInput), Object(Symfony\\Component\\Console\\Output\\BufferedOutput))
#47 /Volumes/Home/moohard/Kerjaan-Kepegawaian/apel-app/vendor/laravel/framework/src/Illuminate/Foundation/Console/Kernel.php(447): Illuminate\\Console\\Application->call('mcp:start', Array, NULL)
#48 /Volumes/Home/moohard/Kerjaan-Kepegawaian/apel-app/vendor/laravel/framework/src/Illuminate/Support/Facades/Facade.php(363): Illuminate\\Foundation\\Console\\Kernel->call('mcp:start larav...')
#49 /Volumes/Home/moohard/Kerjaan-Kepegawaian/apel-app/vendor/laravel/boost/src/Console/StartCommand.php(16): Illuminate\\Support\\Facades\\Facade::__callStatic('call', Array)
#50 /Volumes/Home/moohard/Kerjaan-Kepegawaian/apel-app/vendor/laravel/framework/src/Illuminate/Container/BoundMethod.php(36): Laravel\\Boost\\Console\\StartCommand->handle()
#51 /Volumes/Home/moohard/Kerjaan-Kepegawaian/apel-app/vendor/laravel/framework/src/Illuminate/Container/Util.php(43): Illuminate\\Container\\BoundMethod::{closure:Illuminate\\Container\\BoundMethod::call():35}()
#52 /Volumes/Home/moohard/Kerjaan-Kepegawaian/apel-app/vendor/laravel/framework/src/Illuminate/Container/BoundMethod.php(96): Illuminate\\Container\\Util::unwrapIfClosure(Object(Closure))
#53 /Volumes/Home/moohard/Kerjaan-Kepegawaian/apel-app/vendor/laravel/framework/src/Illuminate/Container/BoundMethod.php(35): Illuminate\\Container\\BoundMethod::callBoundMethod(Object(Illuminate\\Foundation\\Application), Array, Object(Closure))
#54 /Volumes/Home/moohard/Kerjaan-Kepegawaian/apel-app/vendor/laravel/framework/src/Illuminate/Container/Container.php(799): Illuminate\\Container\\BoundMethod::call(Object(Illuminate\\Foundation\\Application), Array, Array, NULL)
#55 /Volumes/Home/moohard/Kerjaan-Kepegawaian/apel-app/vendor/laravel/framework/src/Illuminate/Console/Command.php(211): Illuminate\\Container\\Container->call(Array)
#56 /Volumes/Home/moohard/Kerjaan-Kepegawaian/apel-app/vendor/symfony/console/Command/Command.php(341): Illuminate\\Console\\Command->execute(Object(Symfony\\Component\\Console\\Input\\ArgvInput), Object(Illuminate\\Console\\OutputStyle))
#57 /Volumes/Home/moohard/Kerjaan-Kepegawaian/apel-app/vendor/laravel/framework/src/Illuminate/Console/Command.php(180): Symfony\\Component\\Console\\Command\\Command->run(Object(Symfony\\Component\\Console\\Input\\ArgvInput), Object(Illuminate\\Console\\OutputStyle))
#58 /Volumes/Home/moohard/Kerjaan-Kepegawaian/apel-app/vendor/symfony/console/Application.php(1102): Illuminate\\Console\\Command->run(Object(Symfony\\Component\\Console\\Input\\ArgvInput), Object(Symfony\\Component\\Console\\Output\\ConsoleOutput))
#59 /Volumes/Home/moohard/Kerjaan-Kepegawaian/apel-app/vendor/symfony/console/Application.php(356): Symfony\\Component\\Console\\Application->doRunCommand(Object(Laravel\\Boost\\Console\\StartCommand), Object(Symfony\\Component\\Console\\Input\\ArgvInput), Object(Symfony\\Component\\Console\\Output\\ConsoleOutput))
#60 /Volumes/Home/moohard/Kerjaan-Kepegawaian/apel-app/vendor/symfony/console/Application.php(195): Symfony\\Component\\Console\\Application->doRun(Object(Symfony\\Component\\Console\\Input\\ArgvInput), Object(Symfony\\Component\\Console\\Output\\ConsoleOutput))
#61 /Volumes/Home/moohard/Kerjaan-Kepegawaian/apel-app/vendor/laravel/framework/src/Illuminate/Foundation/Console/Kernel.php(198): Symfony\\Component\\Console\\Application->run(Object(Symfony\\Component\\Console\\Input\\ArgvInput), Object(Symfony\\Component\\Console\\Output\\ConsoleOutput))
#62 /Volumes/Home/moohard/Kerjaan-Kepegawaian/apel-app/vendor/laravel/framework/src/Illuminate/Foundation/Application.php(1235): Illuminate\\Foundation\\Console\\Kernel->handle(Object(Symfony\\Component\\Console\\Input\\ArgvInput), Object(Symfony\\Component\\Console\\Output\\ConsoleOutput))
#63 /Volumes/Home/moohard/Kerjaan-Kepegawaian/apel-app/artisan(16): Illuminate\\Foundation\\Application->handleCommand(Object(Symfony\\Component\\Console\\Input\\ArgvInput))
#64 {main}
"} 
[2026-01-12 00:26:26] local.ERROR: Class "Redis" not found {"exception":"[object] (Error(code: 0): Class \"Redis\" not found at /Volumes/Home/moohard/Kerjaan-Kepegawaian/apel-app/vendor/laravel/framework/src/Illuminate/Redis/Connectors/PhpRedisConnector.php:80)
[stacktrace]
#0 /Volumes/Home/moohard/Kerjaan-Kepegawaian/apel-app/vendor/laravel/framework/src/Illuminate/Redis/Connectors/PhpRedisConnector.php(34): Illuminate\\Redis\\Connectors\\PhpRedisConnector->createClient(Array)
#1 /Volumes/Home/moohard/Kerjaan-Kepegawaian/apel-app/vendor/laravel/framework/src/Illuminate/Redis/Connectors/PhpRedisConnector.php(39): Illuminate\\Redis\\Connectors\\PhpRedisConnector->{closure:Illuminate\\Redis\\Connectors\\PhpRedisConnector::connect():33}()
#2 /Volumes/Home/moohard/Kerjaan-Kepegawaian/apel-app/vendor/laravel/framework/src/Illuminate/Redis/RedisManager.php(111): Illuminate\\Redis\\Connectors\\PhpRedisConnector->connect(Array, Array)
#3 /Volumes/Home/moohard/Kerjaan-Kepegawaian/apel-app/vendor/laravel/framework/src/Illuminate/Redis/RedisManager.php(92): Illuminate\\Redis\\RedisManager->resolve('cache')
#4 /Volumes/Home/moohard/Kerjaan-Kepegawaian/apel-app/vendor/laravel/framework/src/Illuminate/Cache/RedisStore.php(368): Illuminate\\Redis\\RedisManager->connection('cache')
#5 /Volumes/Home/moohard/Kerjaan-Kepegawaian/apel-app/vendor/laravel/framework/src/Illuminate/Cache/RedisStore.php(71): Illuminate\\Cache\\RedisStore->connection()
#6 /Volumes/Home/moohard/Kerjaan-Kepegawaian/apel-app/vendor/laravel/framework/src/Illuminate/Cache/Repository.php(119): Illuminate\\Cache\\RedisStore->get('boost.roster.sc...')
#7 /Volumes/Home/moohard/Kerjaan-Kepegawaian/apel-app/vendor/laravel/framework/src/Illuminate/Cache/CacheManager.php(530): Illuminate\\Cache\\Repository->get('boost.roster.sc...')
#8 /Volumes/Home/moohard/Kerjaan-Kepegawaian/apel-app/vendor/laravel/boost/src/BoostServiceProvider.php(50): Illuminate\\Cache\\CacheManager->__call('get', Array)
#9 /Volumes/Home/moohard/Kerjaan-Kepegawaian/apel-app/vendor/laravel/framework/src/Illuminate/Container/Container.php(1115): Laravel\\Boost\\BoostServiceProvider->{closure:Laravel\\Boost\\BoostServiceProvider::register():37}(Object(Illuminate\\Foundation\\Application), Array)
#10 /Volumes/Home/moohard/Kerjaan-Kepegawaian/apel-app/vendor/laravel/framework/src/Illuminate/Container/Container.php(933): Illuminate\\Container\\Container->build(Object(Closure))
#11 /Volumes/Home/moohard/Kerjaan-Kepegawaian/apel-app/vendor/laravel/framework/src/Illuminate/Foundation/Application.php(1078): Illuminate\\Container\\Container->resolve('Laravel\\\\Roster\\\\...', Array, true)
#12 /Volumes/Home/moohard/Kerjaan-Kepegawaian/apel-app/vendor/laravel/framework/src/Illuminate/Container/Container.php(864): Illuminate\\Foundation\\Application->resolve('Laravel\\\\Roster\\\\...', Array)
#13 /Volumes/Home/moohard/Kerjaan-Kepegawaian/apel-app/vendor/laravel/framework/src/Illuminate/Foundation/Application.php(1058): Illuminate\\Container\\Container->make('Laravel\\\\Roster\\\\...', Array)
#14 /Volumes/Home/moohard/Kerjaan-Kepegawaian/apel-app/vendor/laravel/framework/src/Illuminate/Container/Container.php(1338): Illuminate\\Foundation\\Application->make('Laravel\\\\Roster\\\\...')
#15 /Volumes/Home/moohard/Kerjaan-Kepegawaian/apel-app/vendor/laravel/framework/src/Illuminate/Container/Container.php(1239): Illuminate\\Container\\Container->resolveClass(Object(ReflectionParameter))
#16 /Volumes/Home/moohard/Kerjaan-Kepegawaian/apel-app/vendor/laravel/framework/src/Illuminate/Container/Container.php(1162): Illuminate\\Container\\Container->resolveDependencies(Array)
#17 /Volumes/Home/moohard/Kerjaan-Kepegawaian/apel-app/vendor/laravel/framework/src/Illuminate/Container/Container.php(933): Illuminate\\Container\\Container->build('Laravel\\\\Boost\\\\M...')
#18 /Volumes/Home/moohard/Kerjaan-Kepegawaian/apel-app/vendor/laravel/framework/src/Illuminate/Foundation/Application.php(1078): Illuminate\\Container\\Container->resolve('Laravel\\\\Boost\\\\M...', Array, true)
#19 /Volumes/Home/moohard/Kerjaan-Kepegawaian/apel-app/vendor/laravel/framework/src/Illuminate/Container/Container.php(864): Illuminate\\Foundation\\Application->resolve('Laravel\\\\Boost\\\\M...', Array)
#20 /Volumes/Home/moohard/Kerjaan-Kepegawaian/apel-app/vendor/laravel/framework/src/Illuminate/Foundation/Application.php(1058): Illuminate\\Container\\Container->make('Laravel\\\\Boost\\\\M...', Array)
#21 /Volumes/Home/moohard/Kerjaan-Kepegawaian/apel-app/vendor/laravel/mcp/src/Server/ServerContext.php(100): Illuminate\\Foundation\\Application->make('Laravel\\\\Boost\\\\M...')
#22 [internal function]: Laravel\\Mcp\\Server\\ServerContext->{closure:Laravel\\Mcp\\Server\\ServerContext::resolvePrimitives():99}('Laravel\\\\Boost\\\\M...', 0)
#23 /Volumes/Home/moohard/Kerjaan-Kepegawaian/apel-app/vendor/laravel/framework/src/Illuminate/Collections/Arr.php(788): array_map(Object(Closure), Array, Array)
#24 /Volumes/Home/moohard/Kerjaan-Kepegawaian/apel-app/vendor/laravel/framework/src/Illuminate/Collections/Collection.php(819): Illuminate\\Support\\Arr::map(Array, Object(Closure))
#25 /Volumes/Home/moohard/Kerjaan-Kepegawaian/apel-app/vendor/laravel/mcp/src/Server/ServerContext.php(99): Illuminate\\Support\\Collection->map(Object(Closure))
#26 /Volumes/Home/moohard/Kerjaan-Kepegawaian/apel-app/vendor/laravel/mcp/src/Server/ServerContext.php(43): Laravel\\Mcp\\Server\\ServerContext->resolvePrimitives(Object(Illuminate\\Support\\Collection))
#27 /Volumes/Home/moohard/Kerjaan-Kepegawaian/apel-app/vendor/laravel/mcp/src/Server/Methods/ListTools.php(18): Laravel\\Mcp\\Server\\ServerContext->tools()
#28 /Volumes/Home/moohard/Kerjaan-Kepegawaian/apel-app/vendor/laravel/mcp/src/Server.php(276): Laravel\\Mcp\\Server\\Methods\\ListTools->handle(Object(Laravel\\Mcp\\Server\\Transport\\JsonRpcRequest), Object(Laravel\\Mcp\\Server\\ServerContext))
#29 /Volumes/Home/moohard/Kerjaan-Kepegawaian/apel-app/vendor/laravel/mcp/src/Server.php(244): Laravel\\Mcp\\Server->runMethodHandle(Object(Laravel\\Mcp\\Server\\Transport\\JsonRpcRequest), Object(Laravel\\Mcp\\Server\\ServerContext))
#30 /Volumes/Home/moohard/Kerjaan-Kepegawaian/apel-app/vendor/laravel/mcp/src/Server.php(201): Laravel\\Mcp\\Server->handleMessage(Object(Laravel\\Mcp\\Server\\Transport\\JsonRpcRequest), Object(Laravel\\Mcp\\Server\\ServerContext))
#31 /Volumes/Home/moohard/Kerjaan-Kepegawaian/apel-app/vendor/laravel/mcp/src/Server/Transport/StdioTransport.php(44): Laravel\\Mcp\\Server->handle('{\"method\":\"tool...')
#32 /Volumes/Home/moohard/Kerjaan-Kepegawaian/apel-app/vendor/laravel/mcp/src/Server/Registrar.php(141): Laravel\\Mcp\\Server\\Transport\\StdioTransport->run()
#33 /Volumes/Home/moohard/Kerjaan-Kepegawaian/apel-app/vendor/laravel/mcp/src/Server/Registrar.php(59): Laravel\\Mcp\\Server\\Registrar::startServer('Laravel\\\\Boost\\\\M...', Object(Closure))
#34 /Volumes/Home/moohard/Kerjaan-Kepegawaian/apel-app/vendor/laravel/mcp/src/Console/Commands/StartCommand.php(32): Laravel\\Mcp\\Server\\Registrar->{closure:Laravel\\Mcp\\Server\\Registrar::local():59}()
#35 /Volumes/Home/moohard/Kerjaan-Kepegawaian/apel-app/vendor/laravel/framework/src/Illuminate/Container/BoundMethod.php(36): Laravel\\Mcp\\Console\\Commands\\StartCommand->handle(Object(Laravel\\Mcp\\Server\\Registrar))
#36 /Volumes/Home/moohard/Kerjaan-Kepegawaian/apel-app/vendor/laravel/framework/src/Illuminate/Container/Util.php(43): Illuminate\\Container\\BoundMethod::{closure:Illuminate\\Container\\BoundMethod::call():35}()
#37 /Volumes/Home/moohard/Kerjaan-Kepegawaian/apel-app/vendor/laravel/framework/src/Illuminate/Container/BoundMethod.php(96): Illuminate\\Container\\Util::unwrapIfClosure(Object(Closure))
#38 /Volumes/Home/moohard/Kerjaan-Kepegawaian/apel-app/vendor/laravel/framework/src/Illuminate/Container/BoundMethod.php(35): Illuminate\\Container\\BoundMethod::callBoundMethod(Object(Illuminate\\Foundation\\Application), Array, Object(Closure))
#39 /Volumes/Home/moohard/Kerjaan-Kepegawaian/apel-app/vendor/laravel/framework/src/Illuminate/Container/Container.php(799): Illuminate\\Container\\BoundMethod::call(Object(Illuminate\\Foundation\\Application), Array, Array, NULL)
#40 /Volumes/Home/moohard/Kerjaan-Kepegawaian/apel-app/vendor/laravel/framework/src/Illuminate/Console/Command.php(211): Illuminate\\Container\\Container->call(Array)
#41 /Volumes/Home/moohard/Kerjaan-Kepegawaian/apel-app/vendor/symfony/console/Command/Command.php(341): Illuminate\\Console\\Command->execute(Object(Symfony\\Component\\Console\\Input\\StringInput), Object(Illuminate\\Console\\OutputStyle))
#42 /Volumes/Home/moohard/Kerjaan-Kepegawaian/apel-app/vendor/laravel/framework/src/Illuminate/Console/Command.php(180): Symfony\\Component\\Console\\Command\\Command->run(Object(Symfony\\Component\\Console\\Input\\StringInput), Object(Illuminate\\Console\\OutputStyle))
#43 /Volumes/Home/moohard/Kerjaan-Kepegawaian/apel-app/vendor/symfony/console/Application.php(1102): Illuminate\\Console\\Command->run(Object(Symfony\\Component\\Console\\Input\\StringInput), Object(Symfony\\Component\\Console\\Output\\BufferedOutput))
#44 /Volumes/Home/moohard/Kerjaan-Kepegawaian/apel-app/vendor/symfony/console/Application.php(356): Symfony\\Component\\Console\\Application->doRunCommand(Object(Laravel\\Mcp\\Console\\Commands\\StartCommand), Object(Symfony\\Component\\Console\\Input\\StringInput), Object(Symfony\\Component\\Console\\Output\\BufferedOutput))
#45 /Volumes/Home/moohard/Kerjaan-Kepegawaian/apel-app/vendor/symfony/console/Application.php(195): Symfony\\Component\\Console\\Application->doRun(Object(Symfony\\Component\\Console\\Input\\StringInput), Object(Symfony\\Component\\Console\\Output\\BufferedOutput))
#46 /Volumes/Home/moohard/Kerjaan-Kepegawaian/apel-app/vendor/laravel/framework/src/Illuminate/Console/Application.php(165): Symfony\\Component\\Console\\Application->run(Object(Symfony\\Component\\Console\\Input\\StringInput), Object(Symfony\\Component\\Console\\Output\\BufferedOutput))
#47 /Volumes/Home/moohard/Kerjaan-Kepegawaian/apel-app/vendor/laravel/framework/src/Illuminate/Foundation/Console/Kernel.php(447): Illuminate\\Console\\Application->call('mcp:start', Array, NULL)
#48 /Volumes/Home/moohard/Kerjaan-Kepegawaian/apel-app/vendor/laravel/framework/src/Illuminate/Support/Facades/Facade.php(363): Illuminate\\Foundation\\Console\\Kernel->call('mcp:start larav...')
#49 /Volumes/Home/moohard/Kerjaan-Kepegawaian/apel-app/vendor/laravel/boost/src/Console/StartCommand.php(16): Illuminate\\Support\\Facades\\Facade::__callStatic('call', Array)
#50 /Volumes/Home/moohard/Kerjaan-Kepegawaian/apel-app/vendor/laravel/framework/src/Illuminate/Container/BoundMethod.php(36): Laravel\\Boost\\Console\\StartCommand->handle()
#51 /Volumes/Home/moohard/Kerjaan-Kepegawaian/apel-app/vendor/laravel/framework/src/Illuminate/Container/Util.php(43): Illuminate\\Container\\BoundMethod::{closure:Illuminate\\Container\\BoundMethod::call():35}()
#52 /Volumes/Home/moohard/Kerjaan-Kepegawaian/apel-app/vendor/laravel/framework/src/Illuminate/Container/BoundMethod.php(96): Illuminate\\Container\\Util::unwrapIfClosure(Object(Closure))
#53 /Volumes/Home/moohard/Kerjaan-Kepegawaian/apel-app/vendor/laravel/framework/src/Illuminate/Container/BoundMethod.php(35): Illuminate\\Container\\BoundMethod::callBoundMethod(Object(Illuminate\\Foundation\\Application), Array, Object(Closure))
#54 /Volumes/Home/moohard/Kerjaan-Kepegawaian/apel-app/vendor/laravel/framework/src/Illuminate/Container/Container.php(799): Illuminate\\Container\\BoundMethod::call(Object(Illuminate\\Foundation\\Application), Array, Array, NULL)
#55 /Volumes/Home/moohard/Kerjaan-Kepegawaian/apel-app/vendor/laravel/framework/src/Illuminate/Console/Command.php(211): Illuminate\\Container\\Container->call(Array)
#56 /Volumes/Home/moohard/Kerjaan-Kepegawaian/apel-app/vendor/symfony/console/Command/Command.php(341): Illuminate\\Console\\Command->execute(Object(Symfony\\Component\\Console\\Input\\ArgvInput), Object(Illuminate\\Console\\OutputStyle))
#57 /Volumes/Home/moohard/Kerjaan-Kepegawaian/apel-app/vendor/laravel/framework/src/Illuminate/Console/Command.php(180): Symfony\\Component\\Console\\Command\\Command->run(Object(Symfony\\Component\\Console\\Input\\ArgvInput), Object(Illuminate\\Console\\OutputStyle))
#58 /Volumes/Home/moohard/Kerjaan-Kepegawaian/apel-app/vendor/symfony/console/Application.php(1102): Illuminate\\Console\\Command->run(Object(Symfony\\Component\\Console\\Input\\ArgvInput), Object(Symfony\\Component\\Console\\Output\\ConsoleOutput))
#59 /Volumes/Home/moohard/Kerjaan-Kepegawaian/apel-app/vendor/symfony/console/Application.php(356): Symfony\\Component\\Console\\Application->doRunCommand(Object(Laravel\\Boost\\Console\\StartCommand), Object(Symfony\\Component\\Console\\Input\\ArgvInput), Object(Symfony\\Component\\Console\\Output\\ConsoleOutput))
#60 /Volumes/Home/moohard/Kerjaan-Kepegawaian/apel-app/vendor/symfony/console/Application.php(195): Symfony\\Component\\Console\\Application->doRun(Object(Symfony\\Component\\Console\\Input\\ArgvInput), Object(Symfony\\Component\\Console\\Output\\ConsoleOutput))
#61 /Volumes/Home/moohard/Kerjaan-Kepegawaian/apel-app/vendor/laravel/framework/src/Illuminate/Foundation/Console/Kernel.php(198): Symfony\\Component\\Console\\Application->run(Object(Symfony\\Component\\Console\\Input\\ArgvInput), Object(Symfony\\Component\\Console\\Output\\ConsoleOutput))
#62 /Volumes/Home/moohard/Kerjaan-Kepegawaian/apel-app/vendor/laravel/framework/src/Illuminate/Foundation/Application.php(1235): Illuminate\\Foundation\\Console\\Kernel->handle(Object(Symfony\\Component\\Console\\Input\\ArgvInput), Object(Symfony\\Component\\Console\\Output\\ConsoleOutput))
#63 /Volumes/Home/moohard/Kerjaan-Kepegawaian/apel-app/artisan(16): Illuminate\\Foundation\\Application->handleCommand(Object(Symfony\\Component\\Console\\Input\\ArgvInput))
#64 {main}
"} 
[2026-01-12 00:26:26] local.ERROR: Class "Redis" not found {"exception":"[object] (Error(code: 0): Class \"Redis\" not found at /Volumes/Home/moohard/Kerjaan-Kepegawaian/apel-app/vendor/laravel/framework/src/Illuminate/Redis/Connectors/PhpRedisConnector.php:80)
[stacktrace]
#0 /Volumes/Home/moohard/Kerjaan-Kepegawaian/apel-app/vendor/laravel/framework/src/Illuminate/Redis/Connectors/PhpRedisConnector.php(34): Illuminate\\Redis\\Connectors\\PhpRedisConnector->createClient(Array)
#1 /Volumes/Home/moohard/Kerjaan-Kepegawaian/apel-app/vendor/laravel/framework/src/Illuminate/Redis/Connectors/PhpRedisConnector.php(39): Illuminate\\Redis\\Connectors\\PhpRedisConnector->{closure:Illuminate\\Redis\\Connectors\\PhpRedisConnector::connect():33}()
#2 /Volumes/Home/moohard/Kerjaan-Kepegawaian/apel-app/vendor/laravel/framework/src/Illuminate/Redis/RedisManager.php(111): Illuminate\\Redis\\Connectors\\PhpRedisConnector->connect(Array, Array)
#3 /Volumes/Home/moohard/Kerjaan-Kepegawaian/apel-app/vendor/laravel/framework/src/Illuminate/Redis/RedisManager.php(92): Illuminate\\Redis\\RedisManager->resolve('cache')
#4 /Volumes/Home/moohard/Kerjaan-Kepegawaian/apel-app/vendor/laravel/framework/src/Illuminate/Cache/RedisStore.php(368): Illuminate\\Redis\\RedisManager->connection('cache')
#5 /Volumes/Home/moohard/Kerjaan-Kepegawaian/apel-app/vendor/laravel/framework/src/Illuminate/Cache/RedisStore.php(71): Illuminate\\Cache\\RedisStore->connection()
#6 /Volumes/Home/moohard/Kerjaan-Kepegawaian/apel-app/vendor/laravel/framework/src/Illuminate/Cache/Repository.php(119): Illuminate\\Cache\\RedisStore->get('boost.roster.sc...')
#7 /Volumes/Home/moohard/Kerjaan-Kepegawaian/apel-app/vendor/laravel/framework/src/Illuminate/Cache/CacheManager.php(530): Illuminate\\Cache\\Repository->get('boost.roster.sc...')
#8 /Volumes/Home/moohard/Kerjaan-Kepegawaian/apel-app/vendor/laravel/boost/src/BoostServiceProvider.php(50): Illuminate\\Cache\\CacheManager->__call('get', Array)
#9 /Volumes/Home/moohard/Kerjaan-Kepegawaian/apel-app/vendor/laravel/framework/src/Illuminate/Container/Container.php(1115): Laravel\\Boost\\BoostServiceProvider->{closure:Laravel\\Boost\\BoostServiceProvider::register():37}(Object(Illuminate\\Foundation\\Application), Array)
#10 /Volumes/Home/moohard/Kerjaan-Kepegawaian/apel-app/vendor/laravel/framework/src/Illuminate/Container/Container.php(933): Illuminate\\Container\\Container->build(Object(Closure))
#11 /Volumes/Home/moohard/Kerjaan-Kepegawaian/apel-app/vendor/laravel/framework/src/Illuminate/Foundation/Application.php(1078): Illuminate\\Container\\Container->resolve('Laravel\\\\Roster\\\\...', Array, true)
#12 /Volumes/Home/moohard/Kerjaan-Kepegawaian/apel-app/vendor/laravel/framework/src/Illuminate/Container/Container.php(864): Illuminate\\Foundation\\Application->resolve('Laravel\\\\Roster\\\\...', Array)
#13 /Volumes/Home/moohard/Kerjaan-Kepegawaian/apel-app/vendor/laravel/framework/src/Illuminate/Foundation/Application.php(1058): Illuminate\\Container\\Container->make('Laravel\\\\Roster\\\\...', Array)
#14 /Volumes/Home/moohard/Kerjaan-Kepegawaian/apel-app/vendor/laravel/framework/src/Illuminate/Container/Container.php(1338): Illuminate\\Foundation\\Application->make('Laravel\\\\Roster\\\\...')
#15 /Volumes/Home/moohard/Kerjaan-Kepegawaian/apel-app/vendor/laravel/framework/src/Illuminate/Container/Container.php(1239): Illuminate\\Container\\Container->resolveClass(Object(ReflectionParameter))
#16 /Volumes/Home/moohard/Kerjaan-Kepegawaian/apel-app/vendor/laravel/framework/src/Illuminate/Container/Container.php(1162): Illuminate\\Container\\Container->resolveDependencies(Array)
#17 /Volumes/Home/moohard/Kerjaan-Kepegawaian/apel-app/vendor/laravel/framework/src/Illuminate/Container/Container.php(933): Illuminate\\Container\\Container->build('Laravel\\\\Boost\\\\M...')
#18 /Volumes/Home/moohard/Kerjaan-Kepegawaian/apel-app/vendor/laravel/framework/src/Illuminate/Foundation/Application.php(1078): Illuminate\\Container\\Container->resolve('Laravel\\\\Boost\\\\M...', Array, true)
#19 /Volumes/Home/moohard/Kerjaan-Kepegawaian/apel-app/vendor/laravel/framework/src/Illuminate/Container/Container.php(864): Illuminate\\Foundation\\Application->resolve('Laravel\\\\Boost\\\\M...', Array)
#20 /Volumes/Home/moohard/Kerjaan-Kepegawaian/apel-app/vendor/laravel/framework/src/Illuminate/Foundation/Application.php(1058): Illuminate\\Container\\Container->make('Laravel\\\\Boost\\\\M...', Array)
#21 /Volumes/Home/moohard/Kerjaan-Kepegawaian/apel-app/vendor/laravel/mcp/src/Server/ServerContext.php(100): Illuminate\\Foundation\\Application->make('Laravel\\\\Boost\\\\M...')
#22 [internal function]: Laravel\\Mcp\\Server\\ServerContext->{closure:Laravel\\Mcp\\Server\\ServerContext::resolvePrimitives():99}('Laravel\\\\Boost\\\\M...', 0)
#23 /Volumes/Home/moohard/Kerjaan-Kepegawaian/apel-app/vendor/laravel/framework/src/Illuminate/Collections/Arr.php(788): array_map(Object(Closure), Array, Array)
#24 /Volumes/Home/moohard/Kerjaan-Kepegawaian/apel-app/vendor/laravel/framework/src/Illuminate/Collections/Collection.php(819): Illuminate\\Support\\Arr::map(Array, Object(Closure))
#25 /Volumes/Home/moohard/Kerjaan-Kepegawaian/apel-app/vendor/laravel/mcp/src/Server/ServerContext.php(99): Illuminate\\Support\\Collection->map(Object(Closure))
#26 /Volumes/Home/moohard/Kerjaan-Kepegawaian/apel-app/vendor/laravel/mcp/src/Server/ServerContext.php(43): Laravel\\Mcp\\Server\\ServerContext->resolvePrimitives(Object(Illuminate\\Support\\Collection))
#27 /Volumes/Home/moohard/Kerjaan-Kepegawaian/apel-app/vendor/laravel/mcp/src/Server/Methods/ListTools.php(18): Laravel\\Mcp\\Server\\ServerContext->tools()
#28 /Volumes/Home/moohard/Kerjaan-Kepegawaian/apel-app/vendor/laravel/mcp/src/Server.php(276): Laravel\\Mcp\\Server\\Methods\\ListTools->handle(Object(Laravel\\Mcp\\Server\\Transport\\JsonRpcRequest), Object(Laravel\\Mcp\\Server\\ServerContext))
#29 /Volumes/Home/moohard/Kerjaan-Kepegawaian/apel-app/vendor/laravel/mcp/src/Server.php(244): Laravel\\Mcp\\Server->runMethodHandle(Object(Laravel\\Mcp\\Server\\Transport\\JsonRpcRequest), Object(Laravel\\Mcp\\Server\\ServerContext))
#30 /Volumes/Home/moohard/Kerjaan-Kepegawaian/apel-app/vendor/laravel/mcp/src/Server.php(201): Laravel\\Mcp\\Server->handleMessage(Object(Laravel\\Mcp\\Server\\Transport\\JsonRpcRequest), Object(Laravel\\Mcp\\Server\\ServerContext))
#31 /Volumes/Home/moohard/Kerjaan-Kepegawaian/apel-app/vendor/laravel/mcp/src/Server/Transport/StdioTransport.php(44): Laravel\\Mcp\\Server->handle('{\"method\":\"tool...')
#32 /Volumes/Home/moohard/Kerjaan-Kepegawaian/apel-app/vendor/laravel/mcp/src/Server/Registrar.php(141): Laravel\\Mcp\\Server\\Transport\\StdioTransport->run()
#33 /Volumes/Home/moohard/Kerjaan-Kepegawaian/apel-app/vendor/laravel/mcp/src/Server/Registrar.php(59): Laravel\\Mcp\\Server\\Registrar::startServer('Laravel\\\\Boost\\\\M...', Object(Closure))
#34 /Volumes/Home/moohard/Kerjaan-Kepegawaian/apel-app/vendor/laravel/mcp/src/Console/Commands/StartCommand.php(32): Laravel\\Mcp\\Server\\Registrar->{closure:Laravel\\Mcp\\Server\\Registrar::local():59}()
#35 /Volumes/Home/moohard/Kerjaan-Kepegawaian/apel-app/vendor/laravel/framework/src/Illuminate/Container/BoundMethod.php(36): Laravel\\Mcp\\Console\\Commands\\StartCommand->handle(Object(Laravel\\Mcp\\Server\\Registrar))
#36 /Volumes/Home/moohard/Kerjaan-Kepegawaian/apel-app/vendor/laravel/framework/src/Illuminate/Container/Util.php(43): Illuminate\\Container\\BoundMethod::{closure:Illuminate\\Container\\BoundMethod::call():35}()
#37 /Volumes/Home/moohard/Kerjaan-Kepegawaian/apel-app/vendor/laravel/framework/src/Illuminate/Container/BoundMethod.php(96): Illuminate\\Container\\Util::unwrapIfClosure(Object(Closure))
#38 /Volumes/Home/moohard/Kerjaan-Kepegawaian/apel-app/vendor/laravel/framework/src/Illuminate/Container/BoundMethod.php(35): Illuminate\\Container\\BoundMethod::callBoundMethod(Object(Illuminate\\Foundation\\Application), Array, Object(Closure))
#39 /Volumes/Home/moohard/Kerjaan-Kepegawaian/apel-app/vendor/laravel/framework/src/Illuminate/Container/Container.php(799): Illuminate\\Container\\BoundMethod::call(Object(Illuminate\\Foundation\\Application), Array, Array, NULL)
#40 /Volumes/Home/moohard/Kerjaan-Kepegawaian/apel-app/vendor/laravel/framework/src/Illuminate/Console/Command.php(211): Illuminate\\Container\\Container->call(Array)
#41 /Volumes/Home/moohard/Kerjaan-Kepegawaian/apel-app/vendor/symfony/console/Command/Command.php(341): Illuminate\\Console\\Command->execute(Object(Symfony\\Component\\Console\\Input\\StringInput), Object(Illuminate\\Console\\OutputStyle))
#42 /Volumes/Home/moohard/Kerjaan-Kepegawaian/apel-app/vendor/laravel/framework/src/Illuminate/Console/Command.php(180): Symfony\\Component\\Console\\Command\\Command->run(Object(Symfony\\Component\\Console\\Input\\StringInput), Object(Illuminate\\Console\\OutputStyle))
#43 /Volumes/Home/moohard/Kerjaan-Kepegawaian/apel-app/vendor/symfony/console/Application.php(1102): Illuminate\\Console\\Command->run(Object(Symfony\\Component\\Console\\Input\\StringInput), Object(Symfony\\Component\\Console\\Output\\BufferedOutput))
#44 /Volumes/Home/moohard/Kerjaan-Kepegawaian/apel-app/vendor/symfony/console/Application.php(356): Symfony\\Component\\Console\\Application->doRunCommand(Object(Laravel\\Mcp\\Console\\Commands\\StartCommand), Object(Symfony\\Component\\Console\\Input\\StringInput), Object(Symfony\\Component\\Console\\Output\\BufferedOutput))
#45 /Volumes/Home/moohard/Kerjaan-Kepegawaian/apel-app/vendor/symfony/console/Application.php(195): Symfony\\Component\\Console\\Application->doRun(Object(Symfony\\Component\\Console\\Input\\StringInput), Object(Symfony\\Component\\Console\\Output\\BufferedOutput))
#46 /Volumes/Home/moohard/Kerjaan-Kepegawaian/apel-app/vendor/laravel/framework/src/Illuminate/Console/Application.php(165): Symfony\\Component\\Console\\Application->run(Object(Symfony\\Component\\Console\\Input\\StringInput), Object(Symfony\\Component\\Console\\Output\\BufferedOutput))
#47 /Volumes/Home/moohard/Kerjaan-Kepegawaian/apel-app/vendor/laravel/framework/src/Illuminate/Foundation/Console/Kernel.php(447): Illuminate\\Console\\Application->call('mcp:start', Array, NULL)
#48 /Volumes/Home/moohard/Kerjaan-Kepegawaian/apel-app/vendor/laravel/framework/src/Illuminate/Support/Facades/Facade.php(363): Illuminate\\Foundation\\Console\\Kernel->call('mcp:start larav...')
#49 /Volumes/Home/moohard/Kerjaan-Kepegawaian/apel-app/vendor/laravel/boost/src/Console/StartCommand.php(16): Illuminate\\Support\\Facades\\Facade::__callStatic('call', Array)
#50 /Volumes/Home/moohard/Kerjaan-Kepegawaian/apel-app/vendor/laravel/framework/src/Illuminate/Container/BoundMethod.php(36): Laravel\\Boost\\Console\\StartCommand->handle()
#51 /Volumes/Home/moohard/Kerjaan-Kepegawaian/apel-app/vendor/laravel/framework/src/Illuminate/Container/Util.php(43): Illuminate\\Container\\BoundMethod::{closure:Illuminate\\Container\\BoundMethod::call():35}()
#52 /Volumes/Home/moohard/Kerjaan-Kepegawaian/apel-app/vendor/laravel/framework/src/Illuminate/Container/BoundMethod.php(96): Illuminate\\Container\\Util::unwrapIfClosure(Object(Closure))
#53 /Volumes/Home/moohard/Kerjaan-Kepegawaian/apel-app/vendor/laravel/framework/src/Illuminate/Container/BoundMethod.php(35): Illuminate\\Container\\BoundMethod::callBoundMethod(Object(Illuminate\\Foundation\\Application), Array, Object(Closure))
#54 /Volumes/Home/moohard/Kerjaan-Kepegawaian/apel-app/vendor/laravel/framework/src/Illuminate/Container/Container.php(799): Illuminate\\Container\\BoundMethod::call(Object(Illuminate\\Foundation\\Application), Array, Array, NULL)
#55 /Volumes/Home/moohard/Kerjaan-Kepegawaian/apel-app/vendor/laravel/framework/src/Illuminate/Console/Command.php(211): Illuminate\\Container\\Container->call(Array)
#56 /Volumes/Home/moohard/Kerjaan-Kepegawaian/apel-app/vendor/symfony/console/Command/Command.php(341): Illuminate\\Console\\Command->execute(Object(Symfony\\Component\\Console\\Input\\ArgvInput), Object(Illuminate\\Console\\OutputStyle))
#57 /Volumes/Home/moohard/Kerjaan-Kepegawaian/apel-app/vendor/laravel/framework/src/Illuminate/Console/Command.php(180): Symfony\\Component\\Console\\Command\\Command->run(Object(Symfony\\Component\\Console\\Input\\ArgvInput), Object(Illuminate\\Console\\OutputStyle))
#58 /Volumes/Home/moohard/Kerjaan-Kepegawaian/apel-app/vendor/symfony/console/Application.php(1102): Illuminate\\Console\\Command->run(Object(Symfony\\Component\\Console\\Input\\ArgvInput), Object(Symfony\\Component\\Console\\Output\\ConsoleOutput))
#59 /Volumes/Home/moohard/Kerjaan-Kepegawaian/apel-app/vendor/symfony/console/Application.php(356): Symfony\\Component\\Console\\Application->doRunCommand(Object(Laravel\\Boost\\Console\\StartCommand), Object(Symfony\\Component\\Console\\Input\\ArgvInput), Object(Symfony\\Component\\Console\\Output\\ConsoleOutput))
#60 /Volumes/Home/moohard/Kerjaan-Kepegawaian/apel-app/vendor/symfony/console/Application.php(195): Symfony\\Component\\Console\\Application->doRun(Object(Symfony\\Component\\Console\\Input\\ArgvInput), Object(Symfony\\Component\\Console\\Output\\ConsoleOutput))
#61 /Volumes/Home/moohard/Kerjaan-Kepegawaian/apel-app/vendor/laravel/framework/src/Illuminate/Foundation/Console/Kernel.php(198): Symfony\\Component\\Console\\Application->run(Object(Symfony\\Component\\Console\\Input\\ArgvInput), Object(Symfony\\Component\\Console\\Output\\ConsoleOutput))
#62 /Volumes/Home/moohard/Kerjaan-Kepegawaian/apel-app/vendor/laravel/framework/src/Illuminate/Foundation/Application.php(1235): Illuminate\\Foundation\\Console\\Kernel->handle(Object(Symfony\\Component\\Console\\Input\\ArgvInput), Object(Symfony\\Component\\Console\\Output\\ConsoleOutput))
#63 /Volumes/Home/moohard/Kerjaan-Kepegawaian/apel-app/artisan(16): Illuminate\\Foundation\\Application->handleCommand(Object(Symfony\\Component\\Console\\Input\\ArgvInput))
#64 {main}
"} 
[2026-01-12 00:29:25] local.ERROR: Class "Redis" not found {"exception":"[object] (Error(code: 0): Class \"Redis\" not found at /Volumes/Home/moohard/Kerjaan-Kepegawaian/apel-app/vendor/laravel/framework/src/Illuminate/Redis/Connectors/PhpRedisConnector.php:80)
[stacktrace]
#0 /Volumes/Home/moohard/Kerjaan-Kepegawaian/apel-app/vendor/laravel/framework/src/Illuminate/Redis/Connectors/PhpRedisConnector.php(34): Illuminate\\Redis\\Connectors\\PhpRedisConnector->createClient(Array)
#1 /Volumes/Home/moohard/Kerjaan-Kepegawaian/apel-app/vendor/laravel/framework/src/Illuminate/Redis/Connectors/PhpRedisConnector.php(39): Illuminate\\Redis\\Connectors\\PhpRedisConnector->{closure:Illuminate\\Redis\\Connectors\\PhpRedisConnector::connect():33}()
#2 /Volumes/Home/moohard/Kerjaan-Kepegawaian/apel-app/vendor/laravel/framework/src/Illuminate/Redis/RedisManager.php(111): Illuminate\\Redis\\Connectors\\PhpRedisConnector->connect(Array, Array)
#3 /Volumes/Home/moohard/Kerjaan-Kepegawaian/apel-app/vendor/laravel/framework/src/Illuminate/Redis/RedisManager.php(92): Illuminate\\Redis\\RedisManager->resolve('cache')
#4 /Volumes/Home/moohard/Kerjaan-Kepegawaian/apel-app/vendor/laravel/framework/src/Illuminate/Cache/RedisStore.php(368): Illuminate\\Redis\\RedisManager->connection('cache')
#5 /Volumes/Home/moohard/Kerjaan-Kepegawaian/apel-app/vendor/laravel/framework/src/Illuminate/Cache/RedisStore.php(71): Illuminate\\Cache\\RedisStore->connection()
#6 /Volumes/Home/moohard/Kerjaan-Kepegawaian/apel-app/vendor/laravel/framework/src/Illuminate/Cache/Repository.php(119): Illuminate\\Cache\\RedisStore->get('boost.roster.sc...')
#7 /Volumes/Home/moohard/Kerjaan-Kepegawaian/apel-app/vendor/laravel/framework/src/Illuminate/Cache/CacheManager.php(530): Illuminate\\Cache\\Repository->get('boost.roster.sc...')
#8 /Volumes/Home/moohard/Kerjaan-Kepegawaian/apel-app/vendor/laravel/boost/src/BoostServiceProvider.php(50): Illuminate\\Cache\\CacheManager->__call('get', Array)
#9 /Volumes/Home/moohard/Kerjaan-Kepegawaian/apel-app/vendor/laravel/framework/src/Illuminate/Container/Container.php(1115): Laravel\\Boost\\BoostServiceProvider->{closure:Laravel\\Boost\\BoostServiceProvider::register():37}(Object(Illuminate\\Foundation\\Application), Array)
#10 /Volumes/Home/moohard/Kerjaan-Kepegawaian/apel-app/vendor/laravel/framework/src/Illuminate/Container/Container.php(933): Illuminate\\Container\\Container->build(Object(Closure))
#11 /Volumes/Home/moohard/Kerjaan-Kepegawaian/apel-app/vendor/laravel/framework/src/Illuminate/Foundation/Application.php(1078): Illuminate\\Container\\Container->resolve('Laravel\\\\Roster\\\\...', Array, true)
#12 /Volumes/Home/moohard/Kerjaan-Kepegawaian/apel-app/vendor/laravel/framework/src/Illuminate/Container/Container.php(864): Illuminate\\Foundation\\Application->resolve('Laravel\\\\Roster\\\\...', Array)
#13 /Volumes/Home/moohard/Kerjaan-Kepegawaian/apel-app/vendor/laravel/framework/src/Illuminate/Foundation/Application.php(1058): Illuminate\\Container\\Container->make('Laravel\\\\Roster\\\\...', Array)
#14 /Volumes/Home/moohard/Kerjaan-Kepegawaian/apel-app/vendor/laravel/framework/src/Illuminate/Container/Container.php(1338): Illuminate\\Foundation\\Application->make('Laravel\\\\Roster\\\\...')
#15 /Volumes/Home/moohard/Kerjaan-Kepegawaian/apel-app/vendor/laravel/framework/src/Illuminate/Container/Container.php(1239): Illuminate\\Container\\Container->resolveClass(Object(ReflectionParameter))
#16 /Volumes/Home/moohard/Kerjaan-Kepegawaian/apel-app/vendor/laravel/framework/src/Illuminate/Container/Container.php(1162): Illuminate\\Container\\Container->resolveDependencies(Array)
#17 /Volumes/Home/moohard/Kerjaan-Kepegawaian/apel-app/vendor/laravel/framework/src/Illuminate/Container/Container.php(933): Illuminate\\Container\\Container->build('Laravel\\\\Boost\\\\M...')
#18 /Volumes/Home/moohard/Kerjaan-Kepegawaian/apel-app/vendor/laravel/framework/src/Illuminate/Foundation/Application.php(1078): Illuminate\\Container\\Container->resolve('Laravel\\\\Boost\\\\M...', Array, true)
#19 /Volumes/Home/moohard/Kerjaan-Kepegawaian/apel-app/vendor/laravel/framework/src/Illuminate/Container/Container.php(864): Illuminate\\Foundation\\Application->resolve('Laravel\\\\Boost\\\\M...', Array)
#20 /Volumes/Home/moohard/Kerjaan-Kepegawaian/apel-app/vendor/laravel/framework/src/Illuminate/Foundation/Application.php(1058): Illuminate\\Container\\Container->make('Laravel\\\\Boost\\\\M...', Array)
#21 /Volumes/Home/moohard/Kerjaan-Kepegawaian/apel-app/vendor/laravel/mcp/src/Server/ServerContext.php(100): Illuminate\\Foundation\\Application->make('Laravel\\\\Boost\\\\M...')
#22 [internal function]: Laravel\\Mcp\\Server\\ServerContext->{closure:Laravel\\Mcp\\Server\\ServerContext::resolvePrimitives():99}('Laravel\\\\Boost\\\\M...', 0)
#23 /Volumes/Home/moohard/Kerjaan-Kepegawaian/apel-app/vendor/laravel/framework/src/Illuminate/Collections/Arr.php(788): array_map(Object(Closure), Array, Array)
#24 /Volumes/Home/moohard/Kerjaan-Kepegawaian/apel-app/vendor/laravel/framework/src/Illuminate/Collections/Collection.php(819): Illuminate\\Support\\Arr::map(Array, Object(Closure))
#25 /Volumes/Home/moohard/Kerjaan-Kepegawaian/apel-app/vendor/laravel/mcp/src/Server/ServerContext.php(99): Illuminate\\Support\\Collection->map(Object(Closure))
#26 /Volumes/Home/moohard/Kerjaan-Kepegawaian/apel-app/vendor/laravel/mcp/src/Server/ServerContext.php(43): Laravel\\Mcp\\Server\\ServerContext->resolvePrimitives(Object(Illuminate\\Support\\Collection))
#27 /Volumes/Home/moohard/Kerjaan-Kepegawaian/apel-app/vendor/laravel/mcp/src/Server/Methods/ListTools.php(18): Laravel\\Mcp\\Server\\ServerContext->tools()
#28 /Volumes/Home/moohard/Kerjaan-Kepegawaian/apel-app/vendor/laravel/mcp/src/Server.php(276): Laravel\\Mcp\\Server\\Methods\\ListTools->handle(Object(Laravel\\Mcp\\Server\\Transport\\JsonRpcRequest), Object(Laravel\\Mcp\\Server\\ServerContext))
#29 /Volumes/Home/moohard/Kerjaan-Kepegawaian/apel-app/vendor/laravel/mcp/src/Server.php(244): Laravel\\Mcp\\Server->runMethodHandle(Object(Laravel\\Mcp\\Server\\Transport\\JsonRpcRequest), Object(Laravel\\Mcp\\Server\\ServerContext))
#30 /Volumes/Home/moohard/Kerjaan-Kepegawaian/apel-app/vendor/laravel/mcp/src/Server.php(201): Laravel\\Mcp\\Server->handleMessage(Object(Laravel\\Mcp\\Server\\Transport\\JsonRpcRequest), Object(Laravel\\Mcp\\Server\\ServerContext))
#31 /Volumes/Home/moohard/Kerjaan-Kepegawaian/apel-app/vendor/laravel/mcp/src/Server/Transport/StdioTransport.php(44): Laravel\\Mcp\\Server->handle('{\"method\":\"tool...')
#32 /Volumes/Home/moohard/Kerjaan-Kepegawaian/apel-app/vendor/laravel/mcp/src/Server/Registrar.php(141): Laravel\\Mcp\\Server\\Transport\\StdioTransport->run()
#33 /Volumes/Home/moohard/Kerjaan-Kepegawaian/apel-app/vendor/laravel/mcp/src/Server/Registrar.php(59): Laravel\\Mcp\\Server\\Registrar::startServer('Laravel\\\\Boost\\\\M...', Object(Closure))
#34 /Volumes/Home/moohard/Kerjaan-Kepegawaian/apel-app/vendor/laravel/mcp/src/Console/Commands/StartCommand.php(32): Laravel\\Mcp\\Server\\Registrar->{closure:Laravel\\Mcp\\Server\\Registrar::local():59}()
#35 /Volumes/Home/moohard/Kerjaan-Kepegawaian/apel-app/vendor/laravel/framework/src/Illuminate/Container/BoundMethod.php(36): Laravel\\Mcp\\Console\\Commands\\StartCommand->handle(Object(Laravel\\Mcp\\Server\\Registrar))
#36 /Volumes/Home/moohard/Kerjaan-Kepegawaian/apel-app/vendor/laravel/framework/src/Illuminate/Container/Util.php(43): Illuminate\\Container\\BoundMethod::{closure:Illuminate\\Container\\BoundMethod::call():35}()
#37 /Volumes/Home/moohard/Kerjaan-Kepegawaian/apel-app/vendor/laravel/framework/src/Illuminate/Container/BoundMethod.php(96): Illuminate\\Container\\Util::unwrapIfClosure(Object(Closure))
#38 /Volumes/Home/moohard/Kerjaan-Kepegawaian/apel-app/vendor/laravel/framework/src/Illuminate/Container/BoundMethod.php(35): Illuminate\\Container\\BoundMethod::callBoundMethod(Object(Illuminate\\Foundation\\Application), Array, Object(Closure))
#39 /Volumes/Home/moohard/Kerjaan-Kepegawaian/apel-app/vendor/laravel/framework/src/Illuminate/Container/Container.php(799): Illuminate\\Container\\BoundMethod::call(Object(Illuminate\\Foundation\\Application), Array, Array, NULL)
#40 /Volumes/Home/moohard/Kerjaan-Kepegawaian/apel-app/vendor/laravel/framework/src/Illuminate/Console/Command.php(211): Illuminate\\Container\\Container->call(Array)
#41 /Volumes/Home/moohard/Kerjaan-Kepegawaian/apel-app/vendor/symfony/console/Command/Command.php(341): Illuminate\\Console\\Command->execute(Object(Symfony\\Component\\Console\\Input\\StringInput), Object(Illuminate\\Console\\OutputStyle))
#42 /Volumes/Home/moohard/Kerjaan-Kepegawaian/apel-app/vendor/laravel/framework/src/Illuminate/Console/Command.php(180): Symfony\\Component\\Console\\Command\\Command->run(Object(Symfony\\Component\\Console\\Input\\StringInput), Object(Illuminate\\Console\\OutputStyle))
#43 /Volumes/Home/moohard/Kerjaan-Kepegawaian/apel-app/vendor/symfony/console/Application.php(1102): Illuminate\\Console\\Command->run(Object(Symfony\\Component\\Console\\Input\\StringInput), Object(Symfony\\Component\\Console\\Output\\BufferedOutput))
#44 /Volumes/Home/moohard/Kerjaan-Kepegawaian/apel-app/vendor/symfony/console/Application.php(356): Symfony\\Component\\Console\\Application->doRunCommand(Object(Laravel\\Mcp\\Console\\Commands\\StartCommand), Object(Symfony\\Component\\Console\\Input\\StringInput), Object(Symfony\\Component\\Console\\Output\\BufferedOutput))
#45 /Volumes/Home/moohard/Kerjaan-Kepegawaian/apel-app/vendor/symfony/console/Application.php(195): Symfony\\Component\\Console\\Application->doRun(Object(Symfony\\Component\\Console\\Input\\StringInput), Object(Symfony\\Component\\Console\\Output\\BufferedOutput))
#46 /Volumes/Home/moohard/Kerjaan-Kepegawaian/apel-app/vendor/laravel/framework/src/Illuminate/Console/Application.php(165): Symfony\\Component\\Console\\Application->run(Object(Symfony\\Component\\Console\\Input\\StringInput), Object(Symfony\\Component\\Console\\Output\\BufferedOutput))
#47 /Volumes/Home/moohard/Kerjaan-Kepegawaian/apel-app/vendor/laravel/framework/src/Illuminate/Foundation/Console/Kernel.php(447): Illuminate\\Console\\Application->call('mcp:start', Array, NULL)
#48 /Volumes/Home/moohard/Kerjaan-Kepegawaian/apel-app/vendor/laravel/framework/src/Illuminate/Support/Facades/Facade.php(363): Illuminate\\Foundation\\Console\\Kernel->call('mcp:start larav...')
#49 /Volumes/Home/moohard/Kerjaan-Kepegawaian/apel-app/vendor/laravel/boost/src/Console/StartCommand.php(16): Illuminate\\Support\\Facades\\Facade::__callStatic('call', Array)
#50 /Volumes/Home/moohard/Kerjaan-Kepegawaian/apel-app/vendor/laravel/framework/src/Illuminate/Container/BoundMethod.php(36): Laravel\\Boost\\Console\\StartCommand->handle()
#51 /Volumes/Home/moohard/Kerjaan-Kepegawaian/apel-app/vendor/laravel/framework/src/Illuminate/Container/Util.php(43): Illuminate\\Container\\BoundMethod::{closure:Illuminate\\Container\\BoundMethod::call():35}()
#52 /Volumes/Home/moohard/Kerjaan-Kepegawaian/apel-app/vendor/laravel/framework/src/Illuminate/Container/BoundMethod.php(96): Illuminate\\Container\\Util::unwrapIfClosure(Object(Closure))
#53 /Volumes/Home/moohard/Kerjaan-Kepegawaian/apel-app/vendor/laravel/framework/src/Illuminate/Container/BoundMethod.php(35): Illuminate\\Container\\BoundMethod::callBoundMethod(Object(Illuminate\\Foundation\\Application), Array, Object(Closure))
#54 /Volumes/Home/moohard/Kerjaan-Kepegawaian/apel-app/vendor/laravel/framework/src/Illuminate/Container/Container.php(799): Illuminate\\Container\\BoundMethod::call(Object(Illuminate\\Foundation\\Application), Array, Array, NULL)
#55 /Volumes/Home/moohard/Kerjaan-Kepegawaian/apel-app/vendor/laravel/framework/src/Illuminate/Console/Command.php(211): Illuminate\\Container\\Container->call(Array)
#56 /Volumes/Home/moohard/Kerjaan-Kepegawaian/apel-app/vendor/symfony/console/Command/Command.php(341): Illuminate\\Console\\Command->execute(Object(Symfony\\Component\\Console\\Input\\ArgvInput), Object(Illuminate\\Console\\OutputStyle))
#57 /Volumes/Home/moohard/Kerjaan-Kepegawaian/apel-app/vendor/laravel/framework/src/Illuminate/Console/Command.php(180): Symfony\\Component\\Console\\Command\\Command->run(Object(Symfony\\Component\\Console\\Input\\ArgvInput), Object(Illuminate\\Console\\OutputStyle))
#58 /Volumes/Home/moohard/Kerjaan-Kepegawaian/apel-app/vendor/symfony/console/Application.php(1102): Illuminate\\Console\\Command->run(Object(Symfony\\Component\\Console\\Input\\ArgvInput), Object(Symfony\\Component\\Console\\Output\\ConsoleOutput))
#59 /Volumes/Home/moohard/Kerjaan-Kepegawaian/apel-app/vendor/symfony/console/Application.php(356): Symfony\\Component\\Console\\Application->doRunCommand(Object(Laravel\\Boost\\Console\\StartCommand), Object(Symfony\\Component\\Console\\Input\\ArgvInput), Object(Symfony\\Component\\Console\\Output\\ConsoleOutput))
#60 /Volumes/Home/moohard/Kerjaan-Kepegawaian/apel-app/vendor/symfony/console/Application.php(195): Symfony\\Component\\Console\\Application->doRun(Object(Symfony\\Component\\Console\\Input\\ArgvInput), Object(Symfony\\Component\\Console\\Output\\ConsoleOutput))
#61 /Volumes/Home/moohard/Kerjaan-Kepegawaian/apel-app/vendor/laravel/framework/src/Illuminate/Foundation/Console/Kernel.php(198): Symfony\\Component\\Console\\Application->run(Object(Symfony\\Component\\Console\\Input\\ArgvInput), Object(Symfony\\Component\\Console\\Output\\ConsoleOutput))
#62 /Volumes/Home/moohard/Kerjaan-Kepegawaian/apel-app/vendor/laravel/framework/src/Illuminate/Foundation/Application.php(1235): Illuminate\\Foundation\\Console\\Kernel->handle(Object(Symfony\\Component\\Console\\Input\\ArgvInput), Object(Symfony\\Component\\Console\\Output\\ConsoleOutput))
#63 /Volumes/Home/moohard/Kerjaan-Kepegawaian/apel-app/artisan(16): Illuminate\\Foundation\\Application->handleCommand(Object(Symfony\\Component\\Console\\Input\\ArgvInput))
#64 {main}
"} 
[2026-01-12 00:29:25] local.ERROR: Class "Redis" not found {"exception":"[object] (Error(code: 0): Class \"Redis\" not found at /Volumes/Home/moohard/Kerjaan-Kepegawaian/apel-app/vendor/laravel/framework/src/Illuminate/Redis/Connectors/PhpRedisConnector.php:80)
[stacktrace]
#0 /Volumes/Home/moohard/Kerjaan-Kepegawaian/apel-app/vendor/laravel/framework/src/Illuminate/Redis/Connectors/PhpRedisConnector.php(34): Illuminate\\Redis\\Connectors\\PhpRedisConnector->createClient(Array)
#1 /Volumes/Home/moohard/Kerjaan-Kepegawaian/apel-app/vendor/laravel/framework/src/Illuminate/Redis/Connectors/PhpRedisConnector.php(39): Illuminate\\Redis\\Connectors\\PhpRedisConnector->{closure:Illuminate\\Redis\\Connectors\\PhpRedisConnector::connect():33}()
#2 /Volumes/Home/moohard/Kerjaan-Kepegawaian/apel-app/vendor/laravel/framework/src/Illuminate/Redis/RedisManager.php(111): Illuminate\\Redis\\Connectors\\PhpRedisConnector->connect(Array, Array)
#3 /Volumes/Home/moohard/Kerjaan-Kepegawaian/apel-app/vendor/laravel/framework/src/Illuminate/Redis/RedisManager.php(92): Illuminate\\Redis\\RedisManager->resolve('cache')
#4 /Volumes/Home/moohard/Kerjaan-Kepegawaian/apel-app/vendor/laravel/framework/src/Illuminate/Cache/RedisStore.php(368): Illuminate\\Redis\\RedisManager->connection('cache')
#5 /Volumes/Home/moohard/Kerjaan-Kepegawaian/apel-app/vendor/laravel/framework/src/Illuminate/Cache/RedisStore.php(71): Illuminate\\Cache\\RedisStore->connection()
#6 /Volumes/Home/moohard/Kerjaan-Kepegawaian/apel-app/vendor/laravel/framework/src/Illuminate/Cache/Repository.php(119): Illuminate\\Cache\\RedisStore->get('boost.roster.sc...')
#7 /Volumes/Home/moohard/Kerjaan-Kepegawaian/apel-app/vendor/laravel/framework/src/Illuminate/Cache/CacheManager.php(530): Illuminate\\Cache\\Repository->get('boost.roster.sc...')
#8 /Volumes/Home/moohard/Kerjaan-Kepegawaian/apel-app/vendor/laravel/boost/src/BoostServiceProvider.php(50): Illuminate\\Cache\\CacheManager->__call('get', Array)
#9 /Volumes/Home/moohard/Kerjaan-Kepegawaian/apel-app/vendor/laravel/framework/src/Illuminate/Container/Container.php(1115): Laravel\\Boost\\BoostServiceProvider->{closure:Laravel\\Boost\\BoostServiceProvider::register():37}(Object(Illuminate\\Foundation\\Application), Array)
#10 /Volumes/Home/moohard/Kerjaan-Kepegawaian/apel-app/vendor/laravel/framework/src/Illuminate/Container/Container.php(933): Illuminate\\Container\\Container->build(Object(Closure))
#11 /Volumes/Home/moohard/Kerjaan-Kepegawaian/apel-app/vendor/laravel/framework/src/Illuminate/Foundation/Application.php(1078): Illuminate\\Container\\Container->resolve('Laravel\\\\Roster\\\\...', Array, true)
#12 /Volumes/Home/moohard/Kerjaan-Kepegawaian/apel-app/vendor/laravel/framework/src/Illuminate/Container/Container.php(864): Illuminate\\Foundation\\Application->resolve('Laravel\\\\Roster\\\\...', Array)
#13 /Volumes/Home/moohard/Kerjaan-Kepegawaian/apel-app/vendor/laravel/framework/src/Illuminate/Foundation/Application.php(1058): Illuminate\\Container\\Container->make('Laravel\\\\Roster\\\\...', Array)
#14 /Volumes/Home/moohard/Kerjaan-Kepegawaian/apel-app/vendor/laravel/framework/src/Illuminate/Container/Container.php(1338): Illuminate\\Foundation\\Application->make('Laravel\\\\Roster\\\\...')
#15 /Volumes/Home/moohard/Kerjaan-Kepegawaian/apel-app/vendor/laravel/framework/src/Illuminate/Container/Container.php(1239): Illuminate\\Container\\Container->resolveClass(Object(ReflectionParameter))
#16 /Volumes/Home/moohard/Kerjaan-Kepegawaian/apel-app/vendor/laravel/framework/src/Illuminate/Container/Container.php(1162): Illuminate\\Container\\Container->resolveDependencies(Array)
#17 /Volumes/Home/moohard/Kerjaan-Kepegawaian/apel-app/vendor/laravel/framework/src/Illuminate/Container/Container.php(933): Illuminate\\Container\\Container->build('Laravel\\\\Boost\\\\M...')
#18 /Volumes/Home/moohard/Kerjaan-Kepegawaian/apel-app/vendor/laravel/framework/src/Illuminate/Foundation/Application.php(1078): Illuminate\\Container\\Container->resolve('Laravel\\\\Boost\\\\M...', Array, true)
#19 /Volumes/Home/moohard/Kerjaan-Kepegawaian/apel-app/vendor/laravel/framework/src/Illuminate/Container/Container.php(864): Illuminate\\Foundation\\Application->resolve('Laravel\\\\Boost\\\\M...', Array)
#20 /Volumes/Home/moohard/Kerjaan-Kepegawaian/apel-app/vendor/laravel/framework/src/Illuminate/Foundation/Application.php(1058): Illuminate\\Container\\Container->make('Laravel\\\\Boost\\\\M...', Array)
#21 /Volumes/Home/moohard/Kerjaan-Kepegawaian/apel-app/vendor/laravel/mcp/src/Server/ServerContext.php(100): Illuminate\\Foundation\\Application->make('Laravel\\\\Boost\\\\M...')
#22 [internal function]: Laravel\\Mcp\\Server\\ServerContext->{closure:Laravel\\Mcp\\Server\\ServerContext::resolvePrimitives():99}('Laravel\\\\Boost\\\\M...', 0)
#23 /Volumes/Home/moohard/Kerjaan-Kepegawaian/apel-app/vendor/laravel/framework/src/Illuminate/Collections/Arr.php(788): array_map(Object(Closure), Array, Array)
#24 /Volumes/Home/moohard/Kerjaan-Kepegawaian/apel-app/vendor/laravel/framework/src/Illuminate/Collections/Collection.php(819): Illuminate\\Support\\Arr::map(Array, Object(Closure))
#25 /Volumes/Home/moohard/Kerjaan-Kepegawaian/apel-app/vendor/laravel/mcp/src/Server/ServerContext.php(99): Illuminate\\Support\\Collection->map(Object(Closure))
#26 /Volumes/Home/moohard/Kerjaan-Kepegawaian/apel-app/vendor/laravel/mcp/src/Server/ServerContext.php(43): Laravel\\Mcp\\Server\\ServerContext->resolvePrimitives(Object(Illuminate\\Support\\Collection))
#27 /Volumes/Home/moohard/Kerjaan-Kepegawaian/apel-app/vendor/laravel/mcp/src/Server/Methods/ListTools.php(18): Laravel\\Mcp\\Server\\ServerContext->tools()
#28 /Volumes/Home/moohard/Kerjaan-Kepegawaian/apel-app/vendor/laravel/mcp/src/Server.php(276): Laravel\\Mcp\\Server\\Methods\\ListTools->handle(Object(Laravel\\Mcp\\Server\\Transport\\JsonRpcRequest), Object(Laravel\\Mcp\\Server\\ServerContext))
#29 /Volumes/Home/moohard/Kerjaan-Kepegawaian/apel-app/vendor/laravel/mcp/src/Server.php(244): Laravel\\Mcp\\Server->runMethodHandle(Object(Laravel\\Mcp\\Server\\Transport\\JsonRpcRequest), Object(Laravel\\Mcp\\Server\\ServerContext))
#30 /Volumes/Home/moohard/Kerjaan-Kepegawaian/apel-app/vendor/laravel/mcp/src/Server.php(201): Laravel\\Mcp\\Server->handleMessage(Object(Laravel\\Mcp\\Server\\Transport\\JsonRpcRequest), Object(Laravel\\Mcp\\Server\\ServerContext))
#31 /Volumes/Home/moohard/Kerjaan-Kepegawaian/apel-app/vendor/laravel/mcp/src/Server/Transport/StdioTransport.php(44): Laravel\\Mcp\\Server->handle('{\"method\":\"tool...')
#32 /Volumes/Home/moohard/Kerjaan-Kepegawaian/apel-app/vendor/laravel/mcp/src/Server/Registrar.php(141): Laravel\\Mcp\\Server\\Transport\\StdioTransport->run()
#33 /Volumes/Home/moohard/Kerjaan-Kepegawaian/apel-app/vendor/laravel/mcp/src/Server/Registrar.php(59): Laravel\\Mcp\\Server\\Registrar::startServer('Laravel\\\\Boost\\\\M...', Object(Closure))
#34 /Volumes/Home/moohard/Kerjaan-Kepegawaian/apel-app/vendor/laravel/mcp/src/Console/Commands/StartCommand.php(32): Laravel\\Mcp\\Server\\Registrar->{closure:Laravel\\Mcp\\Server\\Registrar::local():59}()
#35 /Volumes/Home/moohard/Kerjaan-Kepegawaian/apel-app/vendor/laravel/framework/src/Illuminate/Container/BoundMethod.php(36): Laravel\\Mcp\\Console\\Commands\\StartCommand->handle(Object(Laravel\\Mcp\\Server\\Registrar))
#36 /Volumes/Home/moohard/Kerjaan-Kepegawaian/apel-app/vendor/laravel/framework/src/Illuminate/Container/Util.php(43): Illuminate\\Container\\BoundMethod::{closure:Illuminate\\Container\\BoundMethod::call():35}()
#37 /Volumes/Home/moohard/Kerjaan-Kepegawaian/apel-app/vendor/laravel/framework/src/Illuminate/Container/BoundMethod.php(96): Illuminate\\Container\\Util::unwrapIfClosure(Object(Closure))
#38 /Volumes/Home/moohard/Kerjaan-Kepegawaian/apel-app/vendor/laravel/framework/src/Illuminate/Container/BoundMethod.php(35): Illuminate\\Container\\BoundMethod::callBoundMethod(Object(Illuminate\\Foundation\\Application), Array, Object(Closure))
#39 /Volumes/Home/moohard/Kerjaan-Kepegawaian/apel-app/vendor/laravel/framework/src/Illuminate/Container/Container.php(799): Illuminate\\Container\\BoundMethod::call(Object(Illuminate\\Foundation\\Application), Array, Array, NULL)
#40 /Volumes/Home/moohard/Kerjaan-Kepegawaian/apel-app/vendor/laravel/framework/src/Illuminate/Console/Command.php(211): Illuminate\\Container\\Container->call(Array)
#41 /Volumes/Home/moohard/Kerjaan-Kepegawaian/apel-app/vendor/symfony/console/Command/Command.php(341): Illuminate\\Console\\Command->execute(Object(Symfony\\Component\\Console\\Input\\StringInput), Object(Illuminate\\Console\\OutputStyle))
#42 /Volumes/Home/moohard/Kerjaan-Kepegawaian/apel-app/vendor/laravel/framework/src/Illuminate/Console/Command.php(180): Symfony\\Component\\Console\\Command\\Command->run(Object(Symfony\\Component\\Console\\Input\\StringInput), Object(Illuminate\\Console\\OutputStyle))
#43 /Volumes/Home/moohard/Kerjaan-Kepegawaian/apel-app/vendor/symfony/console/Application.php(1102): Illuminate\\Console\\Command->run(Object(Symfony\\Component\\Console\\Input\\StringInput), Object(Symfony\\Component\\Console\\Output\\BufferedOutput))
#44 /Volumes/Home/moohard/Kerjaan-Kepegawaian/apel-app/vendor/symfony/console/Application.php(356): Symfony\\Component\\Console\\Application->doRunCommand(Object(Laravel\\Mcp\\Console\\Commands\\StartCommand), Object(Symfony\\Component\\Console\\Input\\StringInput), Object(Symfony\\Component\\Console\\Output\\BufferedOutput))
#45 /Volumes/Home/moohard/Kerjaan-Kepegawaian/apel-app/vendor/symfony/console/Application.php(195): Symfony\\Component\\Console\\Application->doRun(Object(Symfony\\Component\\Console\\Input\\StringInput), Object(Symfony\\Component\\Console\\Output\\BufferedOutput))
#46 /Volumes/Home/moohard/Kerjaan-Kepegawaian/apel-app/vendor/laravel/framework/src/Illuminate/Console/Application.php(165): Symfony\\Component\\Console\\Application->run(Object(Symfony\\Component\\Console\\Input\\StringInput), Object(Symfony\\Component\\Console\\Output\\BufferedOutput))
#47 /Volumes/Home/moohard/Kerjaan-Kepegawaian/apel-app/vendor/laravel/framework/src/Illuminate/Foundation/Console/Kernel.php(447): Illuminate\\Console\\Application->call('mcp:start', Array, NULL)
#48 /Volumes/Home/moohard/Kerjaan-Kepegawaian/apel-app/vendor/laravel/framework/src/Illuminate/Support/Facades/Facade.php(363): Illuminate\\Foundation\\Console\\Kernel->call('mcp:start larav...')
#49 /Volumes/Home/moohard/Kerjaan-Kepegawaian/apel-app/vendor/laravel/boost/src/Console/StartCommand.php(16): Illuminate\\Support\\Facades\\Facade::__callStatic('call', Array)
#50 /Volumes/Home/moohard/Kerjaan-Kepegawaian/apel-app/vendor/laravel/framework/src/Illuminate/Container/BoundMethod.php(36): Laravel\\Boost\\Console\\StartCommand->handle()
#51 /Volumes/Home/moohard/Kerjaan-Kepegawaian/apel-app/vendor/laravel/framework/src/Illuminate/Container/Util.php(43): Illuminate\\Container\\BoundMethod::{closure:Illuminate\\Container\\BoundMethod::call():35}()
#52 /Volumes/Home/moohard/Kerjaan-Kepegawaian/apel-app/vendor/laravel/framework/src/Illuminate/Container/BoundMethod.php(96): Illuminate\\Container\\Util::unwrapIfClosure(Object(Closure))
#53 /Volumes/Home/moohard/Kerjaan-Kepegawaian/apel-app/vendor/laravel/framework/src/Illuminate/Container/BoundMethod.php(35): Illuminate\\Container\\BoundMethod::callBoundMethod(Object(Illuminate\\Foundation\\Application), Array, Object(Closure))
#54 /Volumes/Home/moohard/Kerjaan-Kepegawaian/apel-app/vendor/laravel/framework/src/Illuminate/Container/Container.php(799): Illuminate\\Container\\BoundMethod::call(Object(Illuminate\\Foundation\\Application), Array, Array, NULL)
#55 /Volumes/Home/moohard/Kerjaan-Kepegawaian/apel-app/vendor/laravel/framework/src/Illuminate/Console/Command.php(211): Illuminate\\Container\\Container->call(Array)
#56 /Volumes/Home/moohard/Kerjaan-Kepegawaian/apel-app/vendor/symfony/console/Command/Command.php(341): Illuminate\\Console\\Command->execute(Object(Symfony\\Component\\Console\\Input\\ArgvInput), Object(Illuminate\\Console\\OutputStyle))
#57 /Volumes/Home/moohard/Kerjaan-Kepegawaian/apel-app/vendor/laravel/framework/src/Illuminate/Console/Command.php(180): Symfony\\Component\\Console\\Command\\Command->run(Object(Symfony\\Component\\Console\\Input\\ArgvInput), Object(Illuminate\\Console\\OutputStyle))
#58 /Volumes/Home/moohard/Kerjaan-Kepegawaian/apel-app/vendor/symfony/console/Application.php(1102): Illuminate\\Console\\Command->run(Object(Symfony\\Component\\Console\\Input\\ArgvInput), Object(Symfony\\Component\\Console\\Output\\ConsoleOutput))
#59 /Volumes/Home/moohard/Kerjaan-Kepegawaian/apel-app/vendor/symfony/console/Application.php(356): Symfony\\Component\\Console\\Application->doRunCommand(Object(Laravel\\Boost\\Console\\StartCommand), Object(Symfony\\Component\\Console\\Input\\ArgvInput), Object(Symfony\\Component\\Console\\Output\\ConsoleOutput))
#60 /Volumes/Home/moohard/Kerjaan-Kepegawaian/apel-app/vendor/symfony/console/Application.php(195): Symfony\\Component\\Console\\Application->doRun(Object(Symfony\\Component\\Console\\Input\\ArgvInput), Object(Symfony\\Component\\Console\\Output\\ConsoleOutput))
#61 /Volumes/Home/moohard/Kerjaan-Kepegawaian/apel-app/vendor/laravel/framework/src/Illuminate/Foundation/Console/Kernel.php(198): Symfony\\Component\\Console\\Application->run(Object(Symfony\\Component\\Console\\Input\\ArgvInput), Object(Symfony\\Component\\Console\\Output\\ConsoleOutput))
#62 /Volumes/Home/moohard/Kerjaan-Kepegawaian/apel-app/vendor/laravel/framework/src/Illuminate/Foundation/Application.php(1235): Illuminate\\Foundation\\Console\\Kernel->handle(Object(Symfony\\Component\\Console\\Input\\ArgvInput), Object(Symfony\\Component\\Console\\Output\\ConsoleOutput))
#63 /Volumes/Home/moohard/Kerjaan-Kepegawaian/apel-app/artisan(16): Illuminate\\Foundation\\Application->handleCommand(Object(Symfony\\Component\\Console\\Input\\ArgvInput))
#64 {main}
"} 
[2026-01-12 00:30:58] local.ERROR: Class "Redis" not found {"exception":"[object] (Error(code: 0): Class \"Redis\" not found at /Volumes/Home/moohard/Kerjaan-Kepegawaian/apel-app/vendor/laravel/framework/src/Illuminate/Redis/Connectors/PhpRedisConnector.php:80)
[stacktrace]
#0 /Volumes/Home/moohard/Kerjaan-Kepegawaian/apel-app/vendor/laravel/framework/src/Illuminate/Redis/Connectors/PhpRedisConnector.php(34): Illuminate\\Redis\\Connectors\\PhpRedisConnector->createClient(Array)
#1 /Volumes/Home/moohard/Kerjaan-Kepegawaian/apel-app/vendor/laravel/framework/src/Illuminate/Redis/Connectors/PhpRedisConnector.php(39): Illuminate\\Redis\\Connectors\\PhpRedisConnector->{closure:Illuminate\\Redis\\Connectors\\PhpRedisConnector::connect():33}()
#2 /Volumes/Home/moohard/Kerjaan-Kepegawaian/apel-app/vendor/laravel/framework/src/Illuminate/Redis/RedisManager.php(111): Illuminate\\Redis\\Connectors\\PhpRedisConnector->connect(Array, Array)
#3 /Volumes/Home/moohard/Kerjaan-Kepegawaian/apel-app/vendor/laravel/framework/src/Illuminate/Redis/RedisManager.php(92): Illuminate\\Redis\\RedisManager->resolve('cache')
#4 /Volumes/Home/moohard/Kerjaan-Kepegawaian/apel-app/vendor/laravel/framework/src/Illuminate/Cache/RedisStore.php(368): Illuminate\\Redis\\RedisManager->connection('cache')
#5 /Volumes/Home/moohard/Kerjaan-Kepegawaian/apel-app/vendor/laravel/framework/src/Illuminate/Cache/RedisStore.php(71): Illuminate\\Cache\\RedisStore->connection()
#6 /Volumes/Home/moohard/Kerjaan-Kepegawaian/apel-app/vendor/laravel/framework/src/Illuminate/Cache/Repository.php(119): Illuminate\\Cache\\RedisStore->get('boost.roster.sc...')
#7 /Volumes/Home/moohard/Kerjaan-Kepegawaian/apel-app/vendor/laravel/framework/src/Illuminate/Cache/CacheManager.php(530): Illuminate\\Cache\\Repository->get('boost.roster.sc...')
#8 /Volumes/Home/moohard/Kerjaan-Kepegawaian/apel-app/vendor/laravel/boost/src/BoostServiceProvider.php(50): Illuminate\\Cache\\CacheManager->__call('get', Array)
#9 /Volumes/Home/moohard/Kerjaan-Kepegawaian/apel-app/vendor/laravel/framework/src/Illuminate/Container/Container.php(1115): Laravel\\Boost\\BoostServiceProvider->{closure:Laravel\\Boost\\BoostServiceProvider::register():37}(Object(Illuminate\\Foundation\\Application), Array)
#10 /Volumes/Home/moohard/Kerjaan-Kepegawaian/apel-app/vendor/laravel/framework/src/Illuminate/Container/Container.php(933): Illuminate\\Container\\Container->build(Object(Closure))
#11 /Volumes/Home/moohard/Kerjaan-Kepegawaian/apel-app/vendor/laravel/framework/src/Illuminate/Foundation/Application.php(1078): Illuminate\\Container\\Container->resolve('Laravel\\\\Roster\\\\...', Array, true)
#12 /Volumes/Home/moohard/Kerjaan-Kepegawaian/apel-app/vendor/laravel/framework/src/Illuminate/Container/Container.php(864): Illuminate\\Foundation\\Application->resolve('Laravel\\\\Roster\\\\...', Array)
#13 /Volumes/Home/moohard/Kerjaan-Kepegawaian/apel-app/vendor/laravel/framework/src/Illuminate/Foundation/Application.php(1058): Illuminate\\Container\\Container->make('Laravel\\\\Roster\\\\...', Array)
#14 /Volumes/Home/moohard/Kerjaan-Kepegawaian/apel-app/vendor/laravel/framework/src/Illuminate/Container/Container.php(1338): Illuminate\\Foundation\\Application->make('Laravel\\\\Roster\\\\...')
#15 /Volumes/Home/moohard/Kerjaan-Kepegawaian/apel-app/vendor/laravel/framework/src/Illuminate/Container/Container.php(1239): Illuminate\\Container\\Container->resolveClass(Object(ReflectionParameter))
#16 /Volumes/Home/moohard/Kerjaan-Kepegawaian/apel-app/vendor/laravel/framework/src/Illuminate/Container/Container.php(1162): Illuminate\\Container\\Container->resolveDependencies(Array)
#17 /Volumes/Home/moohard/Kerjaan-Kepegawaian/apel-app/vendor/laravel/framework/src/Illuminate/Container/Container.php(933): Illuminate\\Container\\Container->build('Laravel\\\\Boost\\\\M...')
#18 /Volumes/Home/moohard/Kerjaan-Kepegawaian/apel-app/vendor/laravel/framework/src/Illuminate/Foundation/Application.php(1078): Illuminate\\Container\\Container->resolve('Laravel\\\\Boost\\\\M...', Array, true)
#19 /Volumes/Home/moohard/Kerjaan-Kepegawaian/apel-app/vendor/laravel/framework/src/Illuminate/Container/Container.php(864): Illuminate\\Foundation\\Application->resolve('Laravel\\\\Boost\\\\M...', Array)
#20 /Volumes/Home/moohard/Kerjaan-Kepegawaian/apel-app/vendor/laravel/framework/src/Illuminate/Foundation/Application.php(1058): Illuminate\\Container\\Container->make('Laravel\\\\Boost\\\\M...', Array)
#21 /Volumes/Home/moohard/Kerjaan-Kepegawaian/apel-app/vendor/laravel/mcp/src/Server/ServerContext.php(100): Illuminate\\Foundation\\Application->make('Laravel\\\\Boost\\\\M...')
#22 [internal function]: Laravel\\Mcp\\Server\\ServerContext->{closure:Laravel\\Mcp\\Server\\ServerContext::resolvePrimitives():99}('Laravel\\\\Boost\\\\M...', 0)
#23 /Volumes/Home/moohard/Kerjaan-Kepegawaian/apel-app/vendor/laravel/framework/src/Illuminate/Collections/Arr.php(788): array_map(Object(Closure), Array, Array)
#24 /Volumes/Home/moohard/Kerjaan-Kepegawaian/apel-app/vendor/laravel/framework/src/Illuminate/Collections/Collection.php(819): Illuminate\\Support\\Arr::map(Array, Object(Closure))
#25 /Volumes/Home/moohard/Kerjaan-Kepegawaian/apel-app/vendor/laravel/mcp/src/Server/ServerContext.php(99): Illuminate\\Support\\Collection->map(Object(Closure))
#26 /Volumes/Home/moohard/Kerjaan-Kepegawaian/apel-app/vendor/laravel/mcp/src/Server/ServerContext.php(43): Laravel\\Mcp\\Server\\ServerContext->resolvePrimitives(Object(Illuminate\\Support\\Collection))
#27 /Volumes/Home/moohard/Kerjaan-Kepegawaian/apel-app/vendor/laravel/mcp/src/Server/Methods/ListTools.php(18): Laravel\\Mcp\\Server\\ServerContext->tools()
#28 /Volumes/Home/moohard/Kerjaan-Kepegawaian/apel-app/vendor/laravel/mcp/src/Server.php(276): Laravel\\Mcp\\Server\\Methods\\ListTools->handle(Object(Laravel\\Mcp\\Server\\Transport\\JsonRpcRequest), Object(Laravel\\Mcp\\Server\\ServerContext))
#29 /Volumes/Home/moohard/Kerjaan-Kepegawaian/apel-app/vendor/laravel/mcp/src/Server.php(244): Laravel\\Mcp\\Server->runMethodHandle(Object(Laravel\\Mcp\\Server\\Transport\\JsonRpcRequest), Object(Laravel\\Mcp\\Server\\ServerContext))
#30 /Volumes/Home/moohard/Kerjaan-Kepegawaian/apel-app/vendor/laravel/mcp/src/Server.php(201): Laravel\\Mcp\\Server->handleMessage(Object(Laravel\\Mcp\\Server\\Transport\\JsonRpcRequest), Object(Laravel\\Mcp\\Server\\ServerContext))
#31 /Volumes/Home/moohard/Kerjaan-Kepegawaian/apel-app/vendor/laravel/mcp/src/Server/Transport/StdioTransport.php(44): Laravel\\Mcp\\Server->handle('{\"jsonrpc\":\"2.0...')
#32 /Volumes/Home/moohard/Kerjaan-Kepegawaian/apel-app/vendor/laravel/mcp/src/Server/Registrar.php(141): Laravel\\Mcp\\Server\\Transport\\StdioTransport->run()
#33 /Volumes/Home/moohard/Kerjaan-Kepegawaian/apel-app/vendor/laravel/mcp/src/Server/Registrar.php(59): Laravel\\Mcp\\Server\\Registrar::startServer('Laravel\\\\Boost\\\\M...', Object(Closure))
#34 /Volumes/Home/moohard/Kerjaan-Kepegawaian/apel-app/vendor/laravel/mcp/src/Console/Commands/StartCommand.php(32): Laravel\\Mcp\\Server\\Registrar->{closure:Laravel\\Mcp\\Server\\Registrar::local():59}()
#35 /Volumes/Home/moohard/Kerjaan-Kepegawaian/apel-app/vendor/laravel/framework/src/Illuminate/Container/BoundMethod.php(36): Laravel\\Mcp\\Console\\Commands\\StartCommand->handle(Object(Laravel\\Mcp\\Server\\Registrar))
#36 /Volumes/Home/moohard/Kerjaan-Kepegawaian/apel-app/vendor/laravel/framework/src/Illuminate/Container/Util.php(43): Illuminate\\Container\\BoundMethod::{closure:Illuminate\\Container\\BoundMethod::call():35}()
#37 /Volumes/Home/moohard/Kerjaan-Kepegawaian/apel-app/vendor/laravel/framework/src/Illuminate/Container/BoundMethod.php(96): Illuminate\\Container\\Util::unwrapIfClosure(Object(Closure))
#38 /Volumes/Home/moohard/Kerjaan-Kepegawaian/apel-app/vendor/laravel/framework/src/Illuminate/Container/BoundMethod.php(35): Illuminate\\Container\\BoundMethod::callBoundMethod(Object(Illuminate\\Foundation\\Application), Array, Object(Closure))
#39 /Volumes/Home/moohard/Kerjaan-Kepegawaian/apel-app/vendor/laravel/framework/src/Illuminate/Container/Container.php(799): Illuminate\\Container\\BoundMethod::call(Object(Illuminate\\Foundation\\Application), Array, Array, NULL)
#40 /Volumes/Home/moohard/Kerjaan-Kepegawaian/apel-app/vendor/laravel/framework/src/Illuminate/Console/Command.php(211): Illuminate\\Container\\Container->call(Array)
#41 /Volumes/Home/moohard/Kerjaan-Kepegawaian/apel-app/vendor/symfony/console/Command/Command.php(341): Illuminate\\Console\\Command->execute(Object(Symfony\\Component\\Console\\Input\\StringInput), Object(Illuminate\\Console\\OutputStyle))
#42 /Volumes/Home/moohard/Kerjaan-Kepegawaian/apel-app/vendor/laravel/framework/src/Illuminate/Console/Command.php(180): Symfony\\Component\\Console\\Command\\Command->run(Object(Symfony\\Component\\Console\\Input\\StringInput), Object(Illuminate\\Console\\OutputStyle))
#43 /Volumes/Home/moohard/Kerjaan-Kepegawaian/apel-app/vendor/symfony/console/Application.php(1102): Illuminate\\Console\\Command->run(Object(Symfony\\Component\\Console\\Input\\StringInput), Object(Symfony\\Component\\Console\\Output\\BufferedOutput))
#44 /Volumes/Home/moohard/Kerjaan-Kepegawaian/apel-app/vendor/symfony/console/Application.php(356): Symfony\\Component\\Console\\Application->doRunCommand(Object(Laravel\\Mcp\\Console\\Commands\\StartCommand), Object(Symfony\\Component\\Console\\Input\\StringInput), Object(Symfony\\Component\\Console\\Output\\BufferedOutput))
#45 /Volumes/Home/moohard/Kerjaan-Kepegawaian/apel-app/vendor/symfony/console/Application.php(195): Symfony\\Component\\Console\\Application->doRun(Object(Symfony\\Component\\Console\\Input\\StringInput), Object(Symfony\\Component\\Console\\Output\\BufferedOutput))
#46 /Volumes/Home/moohard/Kerjaan-Kepegawaian/apel-app/vendor/laravel/framework/src/Illuminate/Console/Application.php(165): Symfony\\Component\\Console\\Application->run(Object(Symfony\\Component\\Console\\Input\\StringInput), Object(Symfony\\Component\\Console\\Output\\BufferedOutput))
#47 /Volumes/Home/moohard/Kerjaan-Kepegawaian/apel-app/vendor/laravel/framework/src/Illuminate/Foundation/Console/Kernel.php(447): Illuminate\\Console\\Application->call('mcp:start', Array, NULL)
#48 /Volumes/Home/moohard/Kerjaan-Kepegawaian/apel-app/vendor/laravel/framework/src/Illuminate/Support/Facades/Facade.php(363): Illuminate\\Foundation\\Console\\Kernel->call('mcp:start larav...')
#49 /Volumes/Home/moohard/Kerjaan-Kepegawaian/apel-app/vendor/laravel/boost/src/Console/StartCommand.php(16): Illuminate\\Support\\Facades\\Facade::__callStatic('call', Array)
#50 /Volumes/Home/moohard/Kerjaan-Kepegawaian/apel-app/vendor/laravel/framework/src/Illuminate/Container/BoundMethod.php(36): Laravel\\Boost\\Console\\StartCommand->handle()
#51 /Volumes/Home/moohard/Kerjaan-Kepegawaian/apel-app/vendor/laravel/framework/src/Illuminate/Container/Util.php(43): Illuminate\\Container\\BoundMethod::{closure:Illuminate\\Container\\BoundMethod::call():35}()
#52 /Volumes/Home/moohard/Kerjaan-Kepegawaian/apel-app/vendor/laravel/framework/src/Illuminate/Container/BoundMethod.php(96): Illuminate\\Container\\Util::unwrapIfClosure(Object(Closure))
#53 /Volumes/Home/moohard/Kerjaan-Kepegawaian/apel-app/vendor/laravel/framework/src/Illuminate/Container/BoundMethod.php(35): Illuminate\\Container\\BoundMethod::callBoundMethod(Object(Illuminate\\Foundation\\Application), Array, Object(Closure))
#54 /Volumes/Home/moohard/Kerjaan-Kepegawaian/apel-app/vendor/laravel/framework/src/Illuminate/Container/Container.php(799): Illuminate\\Container\\BoundMethod::call(Object(Illuminate\\Foundation\\Application), Array, Array, NULL)
#55 /Volumes/Home/moohard/Kerjaan-Kepegawaian/apel-app/vendor/laravel/framework/src/Illuminate/Console/Command.php(211): Illuminate\\Container\\Container->call(Array)
#56 /Volumes/Home/moohard/Kerjaan-Kepegawaian/apel-app/vendor/symfony/console/Command/Command.php(341): Illuminate\\Console\\Command->execute(Object(Symfony\\Component\\Console\\Input\\ArgvInput), Object(Illuminate\\Console\\OutputStyle))
#57 /Volumes/Home/moohard/Kerjaan-Kepegawaian/apel-app/vendor/laravel/framework/src/Illuminate/Console/Command.php(180): Symfony\\Component\\Console\\Command\\Command->run(Object(Symfony\\Component\\Console\\Input\\ArgvInput), Object(Illuminate\\Console\\OutputStyle))
#58 /Volumes/Home/moohard/Kerjaan-Kepegawaian/apel-app/vendor/symfony/console/Application.php(1102): Illuminate\\Console\\Command->run(Object(Symfony\\Component\\Console\\Input\\ArgvInput), Object(Symfony\\Component\\Console\\Output\\ConsoleOutput))
#59 /Volumes/Home/moohard/Kerjaan-Kepegawaian/apel-app/vendor/symfony/console/Application.php(356): Symfony\\Component\\Console\\Application->doRunCommand(Object(Laravel\\Boost\\Console\\StartCommand), Object(Symfony\\Component\\Console\\Input\\ArgvInput), Object(Symfony\\Component\\Console\\Output\\ConsoleOutput))
#60 /Volumes/Home/moohard/Kerjaan-Kepegawaian/apel-app/vendor/symfony/console/Application.php(195): Symfony\\Component\\Console\\Application->doRun(Object(Symfony\\Component\\Console\\Input\\ArgvInput), Object(Symfony\\Component\\Console\\Output\\ConsoleOutput))
#61 /Volumes/Home/moohard/Kerjaan-Kepegawaian/apel-app/vendor/laravel/framework/src/Illuminate/Foundation/Console/Kernel.php(198): Symfony\\Component\\Console\\Application->run(Object(Symfony\\Component\\Console\\Input\\ArgvInput), Object(Symfony\\Component\\Console\\Output\\ConsoleOutput))
#62 /Volumes/Home/moohard/Kerjaan-Kepegawaian/apel-app/vendor/laravel/framework/src/Illuminate/Foundation/Application.php(1235): Illuminate\\Foundation\\Console\\Kernel->handle(Object(Symfony\\Component\\Console\\Input\\ArgvInput), Object(Symfony\\Component\\Console\\Output\\ConsoleOutput))
#63 /Volumes/Home/moohard/Kerjaan-Kepegawaian/apel-app/artisan(16): Illuminate\\Foundation\\Application->handleCommand(Object(Symfony\\Component\\Console\\Input\\ArgvInput))
#64 {main}
"} 
[2026-01-12 00:30:58] local.ERROR: Class "Redis" not found {"exception":"[object] (Error(code: 0): Class \"Redis\" not found at /Volumes/Home/moohard/Kerjaan-Kepegawaian/apel-app/vendor/laravel/framework/src/Illuminate/Redis/Connectors/PhpRedisConnector.php:80)
[stacktrace]
#0 /Volumes/Home/moohard/Kerjaan-Kepegawaian/apel-app/vendor/laravel/framework/src/Illuminate/Redis/Connectors/PhpRedisConnector.php(34): Illuminate\\Redis\\Connectors\\PhpRedisConnector->createClient(Array)
#1 /Volumes/Home/moohard/Kerjaan-Kepegawaian/apel-app/vendor/laravel/framework/src/Illuminate/Redis/Connectors/PhpRedisConnector.php(39): Illuminate\\Redis\\Connectors\\PhpRedisConnector->{closure:Illuminate\\Redis\\Connectors\\PhpRedisConnector::connect():33}()
#2 /Volumes/Home/moohard/Kerjaan-Kepegawaian/apel-app/vendor/laravel/framework/src/Illuminate/Redis/RedisManager.php(111): Illuminate\\Redis\\Connectors\\PhpRedisConnector->connect(Array, Array)
#3 /Volumes/Home/moohard/Kerjaan-Kepegawaian/apel-app/vendor/laravel/framework/src/Illuminate/Redis/RedisManager.php(92): Illuminate\\Redis\\RedisManager->resolve('cache')
#4 /Volumes/Home/moohard/Kerjaan-Kepegawaian/apel-app/vendor/laravel/framework/src/Illuminate/Cache/RedisStore.php(368): Illuminate\\Redis\\RedisManager->connection('cache')
#5 /Volumes/Home/moohard/Kerjaan-Kepegawaian/apel-app/vendor/laravel/framework/src/Illuminate/Cache/RedisStore.php(71): Illuminate\\Cache\\RedisStore->connection()
#6 /Volumes/Home/moohard/Kerjaan-Kepegawaian/apel-app/vendor/laravel/framework/src/Illuminate/Cache/Repository.php(119): Illuminate\\Cache\\RedisStore->get('boost.roster.sc...')
#7 /Volumes/Home/moohard/Kerjaan-Kepegawaian/apel-app/vendor/laravel/framework/src/Illuminate/Cache/CacheManager.php(530): Illuminate\\Cache\\Repository->get('boost.roster.sc...')
#8 /Volumes/Home/moohard/Kerjaan-Kepegawaian/apel-app/vendor/laravel/boost/src/BoostServiceProvider.php(50): Illuminate\\Cache\\CacheManager->__call('get', Array)
#9 /Volumes/Home/moohard/Kerjaan-Kepegawaian/apel-app/vendor/laravel/framework/src/Illuminate/Container/Container.php(1115): Laravel\\Boost\\BoostServiceProvider->{closure:Laravel\\Boost\\BoostServiceProvider::register():37}(Object(Illuminate\\Foundation\\Application), Array)
#10 /Volumes/Home/moohard/Kerjaan-Kepegawaian/apel-app/vendor/laravel/framework/src/Illuminate/Container/Container.php(933): Illuminate\\Container\\Container->build(Object(Closure))
#11 /Volumes/Home/moohard/Kerjaan-Kepegawaian/apel-app/vendor/laravel/framework/src/Illuminate/Foundation/Application.php(1078): Illuminate\\Container\\Container->resolve('Laravel\\\\Roster\\\\...', Array, true)
#12 /Volumes/Home/moohard/Kerjaan-Kepegawaian/apel-app/vendor/laravel/framework/src/Illuminate/Container/Container.php(864): Illuminate\\Foundation\\Application->resolve('Laravel\\\\Roster\\\\...', Array)
#13 /Volumes/Home/moohard/Kerjaan-Kepegawaian/apel-app/vendor/laravel/framework/src/Illuminate/Foundation/Application.php(1058): Illuminate\\Container\\Container->make('Laravel\\\\Roster\\\\...', Array)
#14 /Volumes/Home/moohard/Kerjaan-Kepegawaian/apel-app/vendor/laravel/framework/src/Illuminate/Container/Container.php(1338): Illuminate\\Foundation\\Application->make('Laravel\\\\Roster\\\\...')
#15 /Volumes/Home/moohard/Kerjaan-Kepegawaian/apel-app/vendor/laravel/framework/src/Illuminate/Container/Container.php(1239): Illuminate\\Container\\Container->resolveClass(Object(ReflectionParameter))
#16 /Volumes/Home/moohard/Kerjaan-Kepegawaian/apel-app/vendor/laravel/framework/src/Illuminate/Container/Container.php(1162): Illuminate\\Container\\Container->resolveDependencies(Array)
#17 /Volumes/Home/moohard/Kerjaan-Kepegawaian/apel-app/vendor/laravel/framework/src/Illuminate/Container/Container.php(933): Illuminate\\Container\\Container->build('Laravel\\\\Boost\\\\M...')
#18 /Volumes/Home/moohard/Kerjaan-Kepegawaian/apel-app/vendor/laravel/framework/src/Illuminate/Foundation/Application.php(1078): Illuminate\\Container\\Container->resolve('Laravel\\\\Boost\\\\M...', Array, true)
#19 /Volumes/Home/moohard/Kerjaan-Kepegawaian/apel-app/vendor/laravel/framework/src/Illuminate/Container/Container.php(864): Illuminate\\Foundation\\Application->resolve('Laravel\\\\Boost\\\\M...', Array)
#20 /Volumes/Home/moohard/Kerjaan-Kepegawaian/apel-app/vendor/laravel/framework/src/Illuminate/Foundation/Application.php(1058): Illuminate\\Container\\Container->make('Laravel\\\\Boost\\\\M...', Array)
#21 /Volumes/Home/moohard/Kerjaan-Kepegawaian/apel-app/vendor/laravel/mcp/src/Server/ServerContext.php(100): Illuminate\\Foundation\\Application->make('Laravel\\\\Boost\\\\M...')
#22 [internal function]: Laravel\\Mcp\\Server\\ServerContext->{closure:Laravel\\Mcp\\Server\\ServerContext::resolvePrimitives():99}('Laravel\\\\Boost\\\\M...', 0)
#23 /Volumes/Home/moohard/Kerjaan-Kepegawaian/apel-app/vendor/laravel/framework/src/Illuminate/Collections/Arr.php(788): array_map(Object(Closure), Array, Array)
#24 /Volumes/Home/moohard/Kerjaan-Kepegawaian/apel-app/vendor/laravel/framework/src/Illuminate/Collections/Collection.php(819): Illuminate\\Support\\Arr::map(Array, Object(Closure))
#25 /Volumes/Home/moohard/Kerjaan-Kepegawaian/apel-app/vendor/laravel/mcp/src/Server/ServerContext.php(99): Illuminate\\Support\\Collection->map(Object(Closure))
#26 /Volumes/Home/moohard/Kerjaan-Kepegawaian/apel-app/vendor/laravel/mcp/src/Server/ServerContext.php(43): Laravel\\Mcp\\Server\\ServerContext->resolvePrimitives(Object(Illuminate\\Support\\Collection))
#27 /Volumes/Home/moohard/Kerjaan-Kepegawaian/apel-app/vendor/laravel/mcp/src/Server/Methods/ListTools.php(18): Laravel\\Mcp\\Server\\ServerContext->tools()
#28 /Volumes/Home/moohard/Kerjaan-Kepegawaian/apel-app/vendor/laravel/mcp/src/Server.php(276): Laravel\\Mcp\\Server\\Methods\\ListTools->handle(Object(Laravel\\Mcp\\Server\\Transport\\JsonRpcRequest), Object(Laravel\\Mcp\\Server\\ServerContext))
#29 /Volumes/Home/moohard/Kerjaan-Kepegawaian/apel-app/vendor/laravel/mcp/src/Server.php(244): Laravel\\Mcp\\Server->runMethodHandle(Object(Laravel\\Mcp\\Server\\Transport\\JsonRpcRequest), Object(Laravel\\Mcp\\Server\\ServerContext))
#30 /Volumes/Home/moohard/Kerjaan-Kepegawaian/apel-app/vendor/laravel/mcp/src/Server.php(201): Laravel\\Mcp\\Server->handleMessage(Object(Laravel\\Mcp\\Server\\Transport\\JsonRpcRequest), Object(Laravel\\Mcp\\Server\\ServerContext))
#31 /Volumes/Home/moohard/Kerjaan-Kepegawaian/apel-app/vendor/laravel/mcp/src/Server/Transport/StdioTransport.php(44): Laravel\\Mcp\\Server->handle('{\"jsonrpc\":\"2.0...')
#32 /Volumes/Home/moohard/Kerjaan-Kepegawaian/apel-app/vendor/laravel/mcp/src/Server/Registrar.php(141): Laravel\\Mcp\\Server\\Transport\\StdioTransport->run()
#33 /Volumes/Home/moohard/Kerjaan-Kepegawaian/apel-app/vendor/laravel/mcp/src/Server/Registrar.php(59): Laravel\\Mcp\\Server\\Registrar::startServer('Laravel\\\\Boost\\\\M...', Object(Closure))
#34 /Volumes/Home/moohard/Kerjaan-Kepegawaian/apel-app/vendor/laravel/mcp/src/Console/Commands/StartCommand.php(32): Laravel\\Mcp\\Server\\Registrar->{closure:Laravel\\Mcp\\Server\\Registrar::local():59}()
#35 /Volumes/Home/moohard/Kerjaan-Kepegawaian/apel-app/vendor/laravel/framework/src/Illuminate/Container/BoundMethod.php(36): Laravel\\Mcp\\Console\\Commands\\StartCommand->handle(Object(Laravel\\Mcp\\Server\\Registrar))
#36 /Volumes/Home/moohard/Kerjaan-Kepegawaian/apel-app/vendor/laravel/framework/src/Illuminate/Container/Util.php(43): Illuminate\\Container\\BoundMethod::{closure:Illuminate\\Container\\BoundMethod::call():35}()
#37 /Volumes/Home/moohard/Kerjaan-Kepegawaian/apel-app/vendor/laravel/framework/src/Illuminate/Container/BoundMethod.php(96): Illuminate\\Container\\Util::unwrapIfClosure(Object(Closure))
#38 /Volumes/Home/moohard/Kerjaan-Kepegawaian/apel-app/vendor/laravel/framework/src/Illuminate/Container/BoundMethod.php(35): Illuminate\\Container\\BoundMethod::callBoundMethod(Object(Illuminate\\Foundation\\Application), Array, Object(Closure))
#39 /Volumes/Home/moohard/Kerjaan-Kepegawaian/apel-app/vendor/laravel/framework/src/Illuminate/Container/Container.php(799): Illuminate\\Container\\BoundMethod::call(Object(Illuminate\\Foundation\\Application), Array, Array, NULL)
#40 /Volumes/Home/moohard/Kerjaan-Kepegawaian/apel-app/vendor/laravel/framework/src/Illuminate/Console/Command.php(211): Illuminate\\Container\\Container->call(Array)
#41 /Volumes/Home/moohard/Kerjaan-Kepegawaian/apel-app/vendor/symfony/console/Command/Command.php(341): Illuminate\\Console\\Command->execute(Object(Symfony\\Component\\Console\\Input\\StringInput), Object(Illuminate\\Console\\OutputStyle))
#42 /Volumes/Home/moohard/Kerjaan-Kepegawaian/apel-app/vendor/laravel/framework/src/Illuminate/Console/Command.php(180): Symfony\\Component\\Console\\Command\\Command->run(Object(Symfony\\Component\\Console\\Input\\StringInput), Object(Illuminate\\Console\\OutputStyle))
#43 /Volumes/Home/moohard/Kerjaan-Kepegawaian/apel-app/vendor/symfony/console/Application.php(1102): Illuminate\\Console\\Command->run(Object(Symfony\\Component\\Console\\Input\\StringInput), Object(Symfony\\Component\\Console\\Output\\BufferedOutput))
#44 /Volumes/Home/moohard/Kerjaan-Kepegawaian/apel-app/vendor/symfony/console/Application.php(356): Symfony\\Component\\Console\\Application->doRunCommand(Object(Laravel\\Mcp\\Console\\Commands\\StartCommand), Object(Symfony\\Component\\Console\\Input\\StringInput), Object(Symfony\\Component\\Console\\Output\\BufferedOutput))
#45 /Volumes/Home/moohard/Kerjaan-Kepegawaian/apel-app/vendor/symfony/console/Application.php(195): Symfony\\Component\\Console\\Application->doRun(Object(Symfony\\Component\\Console\\Input\\StringInput), Object(Symfony\\Component\\Console\\Output\\BufferedOutput))
#46 /Volumes/Home/moohard/Kerjaan-Kepegawaian/apel-app/vendor/laravel/framework/src/Illuminate/Console/Application.php(165): Symfony\\Component\\Console\\Application->run(Object(Symfony\\Component\\Console\\Input\\StringInput), Object(Symfony\\Component\\Console\\Output\\BufferedOutput))
#47 /Volumes/Home/moohard/Kerjaan-Kepegawaian/apel-app/vendor/laravel/framework/src/Illuminate/Foundation/Console/Kernel.php(447): Illuminate\\Console\\Application->call('mcp:start', Array, NULL)
#48 /Volumes/Home/moohard/Kerjaan-Kepegawaian/apel-app/vendor/laravel/framework/src/Illuminate/Support/Facades/Facade.php(363): Illuminate\\Foundation\\Console\\Kernel->call('mcp:start larav...')
#49 /Volumes/Home/moohard/Kerjaan-Kepegawaian/apel-app/vendor/laravel/boost/src/Console/StartCommand.php(16): Illuminate\\Support\\Facades\\Facade::__callStatic('call', Array)
#50 /Volumes/Home/moohard/Kerjaan-Kepegawaian/apel-app/vendor/laravel/framework/src/Illuminate/Container/BoundMethod.php(36): Laravel\\Boost\\Console\\StartCommand->handle()
#51 /Volumes/Home/moohard/Kerjaan-Kepegawaian/apel-app/vendor/laravel/framework/src/Illuminate/Container/Util.php(43): Illuminate\\Container\\BoundMethod::{closure:Illuminate\\Container\\BoundMethod::call():35}()
#52 /Volumes/Home/moohard/Kerjaan-Kepegawaian/apel-app/vendor/laravel/framework/src/Illuminate/Container/BoundMethod.php(96): Illuminate\\Container\\Util::unwrapIfClosure(Object(Closure))
#53 /Volumes/Home/moohard/Kerjaan-Kepegawaian/apel-app/vendor/laravel/framework/src/Illuminate/Container/BoundMethod.php(35): Illuminate\\Container\\BoundMethod::callBoundMethod(Object(Illuminate\\Foundation\\Application), Array, Object(Closure))
#54 /Volumes/Home/moohard/Kerjaan-Kepegawaian/apel-app/vendor/laravel/framework/src/Illuminate/Container/Container.php(799): Illuminate\\Container\\BoundMethod::call(Object(Illuminate\\Foundation\\Application), Array, Array, NULL)
#55 /Volumes/Home/moohard/Kerjaan-Kepegawaian/apel-app/vendor/laravel/framework/src/Illuminate/Console/Command.php(211): Illuminate\\Container\\Container->call(Array)
#56 /Volumes/Home/moohard/Kerjaan-Kepegawaian/apel-app/vendor/symfony/console/Command/Command.php(341): Illuminate\\Console\\Command->execute(Object(Symfony\\Component\\Console\\Input\\ArgvInput), Object(Illuminate\\Console\\OutputStyle))
#57 /Volumes/Home/moohard/Kerjaan-Kepegawaian/apel-app/vendor/laravel/framework/src/Illuminate/Console/Command.php(180): Symfony\\Component\\Console\\Command\\Command->run(Object(Symfony\\Component\\Console\\Input\\ArgvInput), Object(Illuminate\\Console\\OutputStyle))
#58 /Volumes/Home/moohard/Kerjaan-Kepegawaian/apel-app/vendor/symfony/console/Application.php(1102): Illuminate\\Console\\Command->run(Object(Symfony\\Component\\Console\\Input\\ArgvInput), Object(Symfony\\Component\\Console\\Output\\ConsoleOutput))
#59 /Volumes/Home/moohard/Kerjaan-Kepegawaian/apel-app/vendor/symfony/console/Application.php(356): Symfony\\Component\\Console\\Application->doRunCommand(Object(Laravel\\Boost\\Console\\StartCommand), Object(Symfony\\Component\\Console\\Input\\ArgvInput), Object(Symfony\\Component\\Console\\Output\\ConsoleOutput))
#60 /Volumes/Home/moohard/Kerjaan-Kepegawaian/apel-app/vendor/symfony/console/Application.php(195): Symfony\\Component\\Console\\Application->doRun(Object(Symfony\\Component\\Console\\Input\\ArgvInput), Object(Symfony\\Component\\Console\\Output\\ConsoleOutput))
#61 /Volumes/Home/moohard/Kerjaan-Kepegawaian/apel-app/vendor/laravel/framework/src/Illuminate/Foundation/Console/Kernel.php(198): Symfony\\Component\\Console\\Application->run(Object(Symfony\\Component\\Console\\Input\\ArgvInput), Object(Symfony\\Component\\Console\\Output\\ConsoleOutput))
#62 /Volumes/Home/moohard/Kerjaan-Kepegawaian/apel-app/vendor/laravel/framework/src/Illuminate/Foundation/Application.php(1235): Illuminate\\Foundation\\Console\\Kernel->handle(Object(Symfony\\Component\\Console\\Input\\ArgvInput), Object(Symfony\\Component\\Console\\Output\\ConsoleOutput))
#63 /Volumes/Home/moohard/Kerjaan-Kepegawaian/apel-app/artisan(16): Illuminate\\Foundation\\Application->handleCommand(Object(Symfony\\Component\\Console\\Input\\ArgvInput))
#64 {main}
"} 
[2026-01-12 00:41:18] local.ERROR: Class "Redis" not found {"exception":"[object] (Error(code: 0): Class \"Redis\" not found at /Volumes/Home/moohard/Kerjaan-Kepegawaian/apel-app/vendor/laravel/framework/src/Illuminate/Redis/Connectors/PhpRedisConnector.php:80)
[stacktrace]
#0 /Volumes/Home/moohard/Kerjaan-Kepegawaian/apel-app/vendor/laravel/framework/src/Illuminate/Redis/Connectors/PhpRedisConnector.php(34): Illuminate\\Redis\\Connectors\\PhpRedisConnector->createClient(Array)
#1 /Volumes/Home/moohard/Kerjaan-Kepegawaian/apel-app/vendor/laravel/framework/src/Illuminate/Redis/Connectors/PhpRedisConnector.php(39): Illuminate\\Redis\\Connectors\\PhpRedisConnector->{closure:Illuminate\\Redis\\Connectors\\PhpRedisConnector::connect():33}()
#2 /Volumes/Home/moohard/Kerjaan-Kepegawaian/apel-app/vendor/laravel/framework/src/Illuminate/Redis/RedisManager.php(111): Illuminate\\Redis\\Connectors\\PhpRedisConnector->connect(Array, Array)
#3 /Volumes/Home/moohard/Kerjaan-Kepegawaian/apel-app/vendor/laravel/framework/src/Illuminate/Redis/RedisManager.php(92): Illuminate\\Redis\\RedisManager->resolve('cache')
#4 /Volumes/Home/moohard/Kerjaan-Kepegawaian/apel-app/vendor/laravel/framework/src/Illuminate/Cache/RedisStore.php(368): Illuminate\\Redis\\RedisManager->connection('cache')
#5 /Volumes/Home/moohard/Kerjaan-Kepegawaian/apel-app/vendor/laravel/framework/src/Illuminate/Cache/RedisStore.php(71): Illuminate\\Cache\\RedisStore->connection()
#6 /Volumes/Home/moohard/Kerjaan-Kepegawaian/apel-app/vendor/laravel/framework/src/Illuminate/Cache/Repository.php(119): Illuminate\\Cache\\RedisStore->get('boost.roster.sc...')
#7 /Volumes/Home/moohard/Kerjaan-Kepegawaian/apel-app/vendor/laravel/framework/src/Illuminate/Cache/CacheManager.php(530): Illuminate\\Cache\\Repository->get('boost.roster.sc...')
#8 /Volumes/Home/moohard/Kerjaan-Kepegawaian/apel-app/vendor/laravel/boost/src/BoostServiceProvider.php(50): Illuminate\\Cache\\CacheManager->__call('get', Array)
#9 /Volumes/Home/moohard/Kerjaan-Kepegawaian/apel-app/vendor/laravel/framework/src/Illuminate/Container/Container.php(1115): Laravel\\Boost\\BoostServiceProvider->{closure:Laravel\\Boost\\BoostServiceProvider::register():37}(Object(Illuminate\\Foundation\\Application), Array)
#10 /Volumes/Home/moohard/Kerjaan-Kepegawaian/apel-app/vendor/laravel/framework/src/Illuminate/Container/Container.php(933): Illuminate\\Container\\Container->build(Object(Closure))
#11 /Volumes/Home/moohard/Kerjaan-Kepegawaian/apel-app/vendor/laravel/framework/src/Illuminate/Foundation/Application.php(1078): Illuminate\\Container\\Container->resolve('Laravel\\\\Roster\\\\...', Array, true)
#12 /Volumes/Home/moohard/Kerjaan-Kepegawaian/apel-app/vendor/laravel/framework/src/Illuminate/Container/Container.php(864): Illuminate\\Foundation\\Application->resolve('Laravel\\\\Roster\\\\...', Array)
#13 /Volumes/Home/moohard/Kerjaan-Kepegawaian/apel-app/vendor/laravel/framework/src/Illuminate/Foundation/Application.php(1058): Illuminate\\Container\\Container->make('Laravel\\\\Roster\\\\...', Array)
#14 /Volumes/Home/moohard/Kerjaan-Kepegawaian/apel-app/vendor/laravel/framework/src/Illuminate/Container/Container.php(1338): Illuminate\\Foundation\\Application->make('Laravel\\\\Roster\\\\...')
#15 /Volumes/Home/moohard/Kerjaan-Kepegawaian/apel-app/vendor/laravel/framework/src/Illuminate/Container/Container.php(1239): Illuminate\\Container\\Container->resolveClass(Object(ReflectionParameter))
#16 /Volumes/Home/moohard/Kerjaan-Kepegawaian/apel-app/vendor/laravel/framework/src/Illuminate/Container/Container.php(1162): Illuminate\\Container\\Container->resolveDependencies(Array)
#17 /Volumes/Home/moohard/Kerjaan-Kepegawaian/apel-app/vendor/laravel/framework/src/Illuminate/Container/Container.php(933): Illuminate\\Container\\Container->build('Laravel\\\\Boost\\\\M...')
#18 /Volumes/Home/moohard/Kerjaan-Kepegawaian/apel-app/vendor/laravel/framework/src/Illuminate/Foundation/Application.php(1078): Illuminate\\Container\\Container->resolve('Laravel\\\\Boost\\\\M...', Array, true)
#19 /Volumes/Home/moohard/Kerjaan-Kepegawaian/apel-app/vendor/laravel/framework/src/Illuminate/Container/Container.php(864): Illuminate\\Foundation\\Application->resolve('Laravel\\\\Boost\\\\M...', Array)
#20 /Volumes/Home/moohard/Kerjaan-Kepegawaian/apel-app/vendor/laravel/framework/src/Illuminate/Foundation/Application.php(1058): Illuminate\\Container\\Container->make('Laravel\\\\Boost\\\\M...', Array)
#21 /Volumes/Home/moohard/Kerjaan-Kepegawaian/apel-app/vendor/laravel/mcp/src/Server/ServerContext.php(100): Illuminate\\Foundation\\Application->make('Laravel\\\\Boost\\\\M...')
#22 [internal function]: Laravel\\Mcp\\Server\\ServerContext->{closure:Laravel\\Mcp\\Server\\ServerContext::resolvePrimitives():99}('Laravel\\\\Boost\\\\M...', 0)
#23 /Volumes/Home/moohard/Kerjaan-Kepegawaian/apel-app/vendor/laravel/framework/src/Illuminate/Collections/Arr.php(788): array_map(Object(Closure), Array, Array)
#24 /Volumes/Home/moohard/Kerjaan-Kepegawaian/apel-app/vendor/laravel/framework/src/Illuminate/Collections/Collection.php(819): Illuminate\\Support\\Arr::map(Array, Object(Closure))
#25 /Volumes/Home/moohard/Kerjaan-Kepegawaian/apel-app/vendor/laravel/mcp/src/Server/ServerContext.php(99): Illuminate\\Support\\Collection->map(Object(Closure))
#26 /Volumes/Home/moohard/Kerjaan-Kepegawaian/apel-app/vendor/laravel/mcp/src/Server/ServerContext.php(43): Laravel\\Mcp\\Server\\ServerContext->resolvePrimitives(Object(Illuminate\\Support\\Collection))
#27 /Volumes/Home/moohard/Kerjaan-Kepegawaian/apel-app/vendor/laravel/mcp/src/Server/Methods/ListTools.php(18): Laravel\\Mcp\\Server\\ServerContext->tools()
#28 /Volumes/Home/moohard/Kerjaan-Kepegawaian/apel-app/vendor/laravel/mcp/src/Server.php(276): Laravel\\Mcp\\Server\\Methods\\ListTools->handle(Object(Laravel\\Mcp\\Server\\Transport\\JsonRpcRequest), Object(Laravel\\Mcp\\Server\\ServerContext))
#29 /Volumes/Home/moohard/Kerjaan-Kepegawaian/apel-app/vendor/laravel/mcp/src/Server.php(244): Laravel\\Mcp\\Server->runMethodHandle(Object(Laravel\\Mcp\\Server\\Transport\\JsonRpcRequest), Object(Laravel\\Mcp\\Server\\ServerContext))
#30 /Volumes/Home/moohard/Kerjaan-Kepegawaian/apel-app/vendor/laravel/mcp/src/Server.php(201): Laravel\\Mcp\\Server->handleMessage(Object(Laravel\\Mcp\\Server\\Transport\\JsonRpcRequest), Object(Laravel\\Mcp\\Server\\ServerContext))
#31 /Volumes/Home/moohard/Kerjaan-Kepegawaian/apel-app/vendor/laravel/mcp/src/Server/Transport/StdioTransport.php(44): Laravel\\Mcp\\Server->handle('{\"method\":\"tool...')
#32 /Volumes/Home/moohard/Kerjaan-Kepegawaian/apel-app/vendor/laravel/mcp/src/Server/Registrar.php(141): Laravel\\Mcp\\Server\\Transport\\StdioTransport->run()
#33 /Volumes/Home/moohard/Kerjaan-Kepegawaian/apel-app/vendor/laravel/mcp/src/Server/Registrar.php(59): Laravel\\Mcp\\Server\\Registrar::startServer('Laravel\\\\Boost\\\\M...', Object(Closure))
#34 /Volumes/Home/moohard/Kerjaan-Kepegawaian/apel-app/vendor/laravel/mcp/src/Console/Commands/StartCommand.php(32): Laravel\\Mcp\\Server\\Registrar->{closure:Laravel\\Mcp\\Server\\Registrar::local():59}()
#35 /Volumes/Home/moohard/Kerjaan-Kepegawaian/apel-app/vendor/laravel/framework/src/Illuminate/Container/BoundMethod.php(36): Laravel\\Mcp\\Console\\Commands\\StartCommand->handle(Object(Laravel\\Mcp\\Server\\Registrar))
#36 /Volumes/Home/moohard/Kerjaan-Kepegawaian/apel-app/vendor/laravel/framework/src/Illuminate/Container/Util.php(43): Illuminate\\Container\\BoundMethod::{closure:Illuminate\\Container\\BoundMethod::call():35}()
#37 /Volumes/Home/moohard/Kerjaan-Kepegawaian/apel-app/vendor/laravel/framework/src/Illuminate/Container/BoundMethod.php(96): Illuminate\\Container\\Util::unwrapIfClosure(Object(Closure))
#38 /Volumes/Home/moohard/Kerjaan-Kepegawaian/apel-app/vendor/laravel/framework/src/Illuminate/Container/BoundMethod.php(35): Illuminate\\Container\\BoundMethod::callBoundMethod(Object(Illuminate\\Foundation\\Application), Array, Object(Closure))
#39 /Volumes/Home/moohard/Kerjaan-Kepegawaian/apel-app/vendor/laravel/framework/src/Illuminate/Container/Container.php(799): Illuminate\\Container\\BoundMethod::call(Object(Illuminate\\Foundation\\Application), Array, Array, NULL)
#40 /Volumes/Home/moohard/Kerjaan-Kepegawaian/apel-app/vendor/laravel/framework/src/Illuminate/Console/Command.php(211): Illuminate\\Container\\Container->call(Array)
#41 /Volumes/Home/moohard/Kerjaan-Kepegawaian/apel-app/vendor/symfony/console/Command/Command.php(341): Illuminate\\Console\\Command->execute(Object(Symfony\\Component\\Console\\Input\\StringInput), Object(Illuminate\\Console\\OutputStyle))
#42 /Volumes/Home/moohard/Kerjaan-Kepegawaian/apel-app/vendor/laravel/framework/src/Illuminate/Console/Command.php(180): Symfony\\Component\\Console\\Command\\Command->run(Object(Symfony\\Component\\Console\\Input\\StringInput), Object(Illuminate\\Console\\OutputStyle))
#43 /Volumes/Home/moohard/Kerjaan-Kepegawaian/apel-app/vendor/symfony/console/Application.php(1102): Illuminate\\Console\\Command->run(Object(Symfony\\Component\\Console\\Input\\StringInput), Object(Symfony\\Component\\Console\\Output\\BufferedOutput))
#44 /Volumes/Home/moohard/Kerjaan-Kepegawaian/apel-app/vendor/symfony/console/Application.php(356): Symfony\\Component\\Console\\Application->doRunCommand(Object(Laravel\\Mcp\\Console\\Commands\\StartCommand), Object(Symfony\\Component\\Console\\Input\\StringInput), Object(Symfony\\Component\\Console\\Output\\BufferedOutput))
#45 /Volumes/Home/moohard/Kerjaan-Kepegawaian/apel-app/vendor/symfony/console/Application.php(195): Symfony\\Component\\Console\\Application->doRun(Object(Symfony\\Component\\Console\\Input\\StringInput), Object(Symfony\\Component\\Console\\Output\\BufferedOutput))
#46 /Volumes/Home/moohard/Kerjaan-Kepegawaian/apel-app/vendor/laravel/framework/src/Illuminate/Console/Application.php(165): Symfony\\Component\\Console\\Application->run(Object(Symfony\\Component\\Console\\Input\\StringInput), Object(Symfony\\Component\\Console\\Output\\BufferedOutput))
#47 /Volumes/Home/moohard/Kerjaan-Kepegawaian/apel-app/vendor/laravel/framework/src/Illuminate/Foundation/Console/Kernel.php(447): Illuminate\\Console\\Application->call('mcp:start', Array, NULL)
#48 /Volumes/Home/moohard/Kerjaan-Kepegawaian/apel-app/vendor/laravel/framework/src/Illuminate/Support/Facades/Facade.php(363): Illuminate\\Foundation\\Console\\Kernel->call('mcp:start larav...')
#49 /Volumes/Home/moohard/Kerjaan-Kepegawaian/apel-app/vendor/laravel/boost/src/Console/StartCommand.php(16): Illuminate\\Support\\Facades\\Facade::__callStatic('call', Array)
#50 /Volumes/Home/moohard/Kerjaan-Kepegawaian/apel-app/vendor/laravel/framework/src/Illuminate/Container/BoundMethod.php(36): Laravel\\Boost\\Console\\StartCommand->handle()
#51 /Volumes/Home/moohard/Kerjaan-Kepegawaian/apel-app/vendor/laravel/framework/src/Illuminate/Container/Util.php(43): Illuminate\\Container\\BoundMethod::{closure:Illuminate\\Container\\BoundMethod::call():35}()
#52 /Volumes/Home/moohard/Kerjaan-Kepegawaian/apel-app/vendor/laravel/framework/src/Illuminate/Container/BoundMethod.php(96): Illuminate\\Container\\Util::unwrapIfClosure(Object(Closure))
#53 /Volumes/Home/moohard/Kerjaan-Kepegawaian/apel-app/vendor/laravel/framework/src/Illuminate/Container/BoundMethod.php(35): Illuminate\\Container\\BoundMethod::callBoundMethod(Object(Illuminate\\Foundation\\Application), Array, Object(Closure))
#54 /Volumes/Home/moohard/Kerjaan-Kepegawaian/apel-app/vendor/laravel/framework/src/Illuminate/Container/Container.php(799): Illuminate\\Container\\BoundMethod::call(Object(Illuminate\\Foundation\\Application), Array, Array, NULL)
#55 /Volumes/Home/moohard/Kerjaan-Kepegawaian/apel-app/vendor/laravel/framework/src/Illuminate/Console/Command.php(211): Illuminate\\Container\\Container->call(Array)
#56 /Volumes/Home/moohard/Kerjaan-Kepegawaian/apel-app/vendor/symfony/console/Command/Command.php(341): Illuminate\\Console\\Command->execute(Object(Symfony\\Component\\Console\\Input\\ArgvInput), Object(Illuminate\\Console\\OutputStyle))
#57 /Volumes/Home/moohard/Kerjaan-Kepegawaian/apel-app/vendor/laravel/framework/src/Illuminate/Console/Command.php(180): Symfony\\Component\\Console\\Command\\Command->run(Object(Symfony\\Component\\Console\\Input\\ArgvInput), Object(Illuminate\\Console\\OutputStyle))
#58 /Volumes/Home/moohard/Kerjaan-Kepegawaian/apel-app/vendor/symfony/console/Application.php(1102): Illuminate\\Console\\Command->run(Object(Symfony\\Component\\Console\\Input\\ArgvInput), Object(Symfony\\Component\\Console\\Output\\ConsoleOutput))
#59 /Volumes/Home/moohard/Kerjaan-Kepegawaian/apel-app/vendor/symfony/console/Application.php(356): Symfony\\Component\\Console\\Application->doRunCommand(Object(Laravel\\Boost\\Console\\StartCommand), Object(Symfony\\Component\\Console\\Input\\ArgvInput), Object(Symfony\\Component\\Console\\Output\\ConsoleOutput))
#60 /Volumes/Home/moohard/Kerjaan-Kepegawaian/apel-app/vendor/symfony/console/Application.php(195): Symfony\\Component\\Console\\Application->doRun(Object(Symfony\\Component\\Console\\Input\\ArgvInput), Object(Symfony\\Component\\Console\\Output\\ConsoleOutput))
#61 /Volumes/Home/moohard/Kerjaan-Kepegawaian/apel-app/vendor/laravel/framework/src/Illuminate/Foundation/Console/Kernel.php(198): Symfony\\Component\\Console\\Application->run(Object(Symfony\\Component\\Console\\Input\\ArgvInput), Object(Symfony\\Component\\Console\\Output\\ConsoleOutput))
#62 /Volumes/Home/moohard/Kerjaan-Kepegawaian/apel-app/vendor/laravel/framework/src/Illuminate/Foundation/Application.php(1235): Illuminate\\Foundation\\Console\\Kernel->handle(Object(Symfony\\Component\\Console\\Input\\ArgvInput), Object(Symfony\\Component\\Console\\Output\\ConsoleOutput))
#63 /Volumes/Home/moohard/Kerjaan-Kepegawaian/apel-app/artisan(16): Illuminate\\Foundation\\Application->handleCommand(Object(Symfony\\Component\\Console\\Input\\ArgvInput))
#64 {main}
"} 
[2026-01-12 00:41:18] local.ERROR: Class "Redis" not found {"exception":"[object] (Error(code: 0): Class \"Redis\" not found at /Volumes/Home/moohard/Kerjaan-Kepegawaian/apel-app/vendor/laravel/framework/src/Illuminate/Redis/Connectors/PhpRedisConnector.php:80)
[stacktrace]
#0 /Volumes/Home/moohard/Kerjaan-Kepegawaian/apel-app/vendor/laravel/framework/src/Illuminate/Redis/Connectors/PhpRedisConnector.php(34): Illuminate\\Redis\\Connectors\\PhpRedisConnector->createClient(Array)
#1 /Volumes/Home/moohard/Kerjaan-Kepegawaian/apel-app/vendor/laravel/framework/src/Illuminate/Redis/Connectors/PhpRedisConnector.php(39): Illuminate\\Redis\\Connectors\\PhpRedisConnector->{closure:Illuminate\\Redis\\Connectors\\PhpRedisConnector::connect():33}()
#2 /Volumes/Home/moohard/Kerjaan-Kepegawaian/apel-app/vendor/laravel/framework/src/Illuminate/Redis/RedisManager.php(111): Illuminate\\Redis\\Connectors\\PhpRedisConnector->connect(Array, Array)
#3 /Volumes/Home/moohard/Kerjaan-Kepegawaian/apel-app/vendor/laravel/framework/src/Illuminate/Redis/RedisManager.php(92): Illuminate\\Redis\\RedisManager->resolve('cache')
#4 /Volumes/Home/moohard/Kerjaan-Kepegawaian/apel-app/vendor/laravel/framework/src/Illuminate/Cache/RedisStore.php(368): Illuminate\\Redis\\RedisManager->connection('cache')
#5 /Volumes/Home/moohard/Kerjaan-Kepegawaian/apel-app/vendor/laravel/framework/src/Illuminate/Cache/RedisStore.php(71): Illuminate\\Cache\\RedisStore->connection()
#6 /Volumes/Home/moohard/Kerjaan-Kepegawaian/apel-app/vendor/laravel/framework/src/Illuminate/Cache/Repository.php(119): Illuminate\\Cache\\RedisStore->get('boost.roster.sc...')
#7 /Volumes/Home/moohard/Kerjaan-Kepegawaian/apel-app/vendor/laravel/framework/src/Illuminate/Cache/CacheManager.php(530): Illuminate\\Cache\\Repository->get('boost.roster.sc...')
#8 /Volumes/Home/moohard/Kerjaan-Kepegawaian/apel-app/vendor/laravel/boost/src/BoostServiceProvider.php(50): Illuminate\\Cache\\CacheManager->__call('get', Array)
#9 /Volumes/Home/moohard/Kerjaan-Kepegawaian/apel-app/vendor/laravel/framework/src/Illuminate/Container/Container.php(1115): Laravel\\Boost\\BoostServiceProvider->{closure:Laravel\\Boost\\BoostServiceProvider::register():37}(Object(Illuminate\\Foundation\\Application), Array)
#10 /Volumes/Home/moohard/Kerjaan-Kepegawaian/apel-app/vendor/laravel/framework/src/Illuminate/Container/Container.php(933): Illuminate\\Container\\Container->build(Object(Closure))
#11 /Volumes/Home/moohard/Kerjaan-Kepegawaian/apel-app/vendor/laravel/framework/src/Illuminate/Foundation/Application.php(1078): Illuminate\\Container\\Container->resolve('Laravel\\\\Roster\\\\...', Array, true)
#12 /Volumes/Home/moohard/Kerjaan-Kepegawaian/apel-app/vendor/laravel/framework/src/Illuminate/Container/Container.php(864): Illuminate\\Foundation\\Application->resolve('Laravel\\\\Roster\\\\...', Array)
#13 /Volumes/Home/moohard/Kerjaan-Kepegawaian/apel-app/vendor/laravel/framework/src/Illuminate/Foundation/Application.php(1058): Illuminate\\Container\\Container->make('Laravel\\\\Roster\\\\...', Array)
#14 /Volumes/Home/moohard/Kerjaan-Kepegawaian/apel-app/vendor/laravel/framework/src/Illuminate/Container/Container.php(1338): Illuminate\\Foundation\\Application->make('Laravel\\\\Roster\\\\...')
#15 /Volumes/Home/moohard/Kerjaan-Kepegawaian/apel-app/vendor/laravel/framework/src/Illuminate/Container/Container.php(1239): Illuminate\\Container\\Container->resolveClass(Object(ReflectionParameter))
#16 /Volumes/Home/moohard/Kerjaan-Kepegawaian/apel-app/vendor/laravel/framework/src/Illuminate/Container/Container.php(1162): Illuminate\\Container\\Container->resolveDependencies(Array)
#17 /Volumes/Home/moohard/Kerjaan-Kepegawaian/apel-app/vendor/laravel/framework/src/Illuminate/Container/Container.php(933): Illuminate\\Container\\Container->build('Laravel\\\\Boost\\\\M...')
#18 /Volumes/Home/moohard/Kerjaan-Kepegawaian/apel-app/vendor/laravel/framework/src/Illuminate/Foundation/Application.php(1078): Illuminate\\Container\\Container->resolve('Laravel\\\\Boost\\\\M...', Array, true)
#19 /Volumes/Home/moohard/Kerjaan-Kepegawaian/apel-app/vendor/laravel/framework/src/Illuminate/Container/Container.php(864): Illuminate\\Foundation\\Application->resolve('Laravel\\\\Boost\\\\M...', Array)
#20 /Volumes/Home/moohard/Kerjaan-Kepegawaian/apel-app/vendor/laravel/framework/src/Illuminate/Foundation/Application.php(1058): Illuminate\\Container\\Container->make('Laravel\\\\Boost\\\\M...', Array)
#21 /Volumes/Home/moohard/Kerjaan-Kepegawaian/apel-app/vendor/laravel/mcp/src/Server/ServerContext.php(100): Illuminate\\Foundation\\Application->make('Laravel\\\\Boost\\\\M...')
#22 [internal function]: Laravel\\Mcp\\Server\\ServerContext->{closure:Laravel\\Mcp\\Server\\ServerContext::resolvePrimitives():99}('Laravel\\\\Boost\\\\M...', 0)
#23 /Volumes/Home/moohard/Kerjaan-Kepegawaian/apel-app/vendor/laravel/framework/src/Illuminate/Collections/Arr.php(788): array_map(Object(Closure), Array, Array)
#24 /Volumes/Home/moohard/Kerjaan-Kepegawaian/apel-app/vendor/laravel/framework/src/Illuminate/Collections/Collection.php(819): Illuminate\\Support\\Arr::map(Array, Object(Closure))
#25 /Volumes/Home/moohard/Kerjaan-Kepegawaian/apel-app/vendor/laravel/mcp/src/Server/ServerContext.php(99): Illuminate\\Support\\Collection->map(Object(Closure))
#26 /Volumes/Home/moohard/Kerjaan-Kepegawaian/apel-app/vendor/laravel/mcp/src/Server/ServerContext.php(43): Laravel\\Mcp\\Server\\ServerContext->resolvePrimitives(Object(Illuminate\\Support\\Collection))
#27 /Volumes/Home/moohard/Kerjaan-Kepegawaian/apel-app/vendor/laravel/mcp/src/Server/Methods/ListTools.php(18): Laravel\\Mcp\\Server\\ServerContext->tools()
#28 /Volumes/Home/moohard/Kerjaan-Kepegawaian/apel-app/vendor/laravel/mcp/src/Server.php(276): Laravel\\Mcp\\Server\\Methods\\ListTools->handle(Object(Laravel\\Mcp\\Server\\Transport\\JsonRpcRequest), Object(Laravel\\Mcp\\Server\\ServerContext))
#29 /Volumes/Home/moohard/Kerjaan-Kepegawaian/apel-app/vendor/laravel/mcp/src/Server.php(244): Laravel\\Mcp\\Server->runMethodHandle(Object(Laravel\\Mcp\\Server\\Transport\\JsonRpcRequest), Object(Laravel\\Mcp\\Server\\ServerContext))
#30 /Volumes/Home/moohard/Kerjaan-Kepegawaian/apel-app/vendor/laravel/mcp/src/Server.php(201): Laravel\\Mcp\\Server->handleMessage(Object(Laravel\\Mcp\\Server\\Transport\\JsonRpcRequest), Object(Laravel\\Mcp\\Server\\ServerContext))
#31 /Volumes/Home/moohard/Kerjaan-Kepegawaian/apel-app/vendor/laravel/mcp/src/Server/Transport/StdioTransport.php(44): Laravel\\Mcp\\Server->handle('{\"method\":\"tool...')
#32 /Volumes/Home/moohard/Kerjaan-Kepegawaian/apel-app/vendor/laravel/mcp/src/Server/Registrar.php(141): Laravel\\Mcp\\Server\\Transport\\StdioTransport->run()
#33 /Volumes/Home/moohard/Kerjaan-Kepegawaian/apel-app/vendor/laravel/mcp/src/Server/Registrar.php(59): Laravel\\Mcp\\Server\\Registrar::startServer('Laravel\\\\Boost\\\\M...', Object(Closure))
#34 /Volumes/Home/moohard/Kerjaan-Kepegawaian/apel-app/vendor/laravel/mcp/src/Console/Commands/StartCommand.php(32): Laravel\\Mcp\\Server\\Registrar->{closure:Laravel\\Mcp\\Server\\Registrar::local():59}()
#35 /Volumes/Home/moohard/Kerjaan-Kepegawaian/apel-app/vendor/laravel/framework/src/Illuminate/Container/BoundMethod.php(36): Laravel\\Mcp\\Console\\Commands\\StartCommand->handle(Object(Laravel\\Mcp\\Server\\Registrar))
#36 /Volumes/Home/moohard/Kerjaan-Kepegawaian/apel-app/vendor/laravel/framework/src/Illuminate/Container/Util.php(43): Illuminate\\Container\\BoundMethod::{closure:Illuminate\\Container\\BoundMethod::call():35}()
#37 /Volumes/Home/moohard/Kerjaan-Kepegawaian/apel-app/vendor/laravel/framework/src/Illuminate/Container/BoundMethod.php(96): Illuminate\\Container\\Util::unwrapIfClosure(Object(Closure))
#38 /Volumes/Home/moohard/Kerjaan-Kepegawaian/apel-app/vendor/laravel/framework/src/Illuminate/Container/BoundMethod.php(35): Illuminate\\Container\\BoundMethod::callBoundMethod(Object(Illuminate\\Foundation\\Application), Array, Object(Closure))
#39 /Volumes/Home/moohard/Kerjaan-Kepegawaian/apel-app/vendor/laravel/framework/src/Illuminate/Container/Container.php(799): Illuminate\\Container\\BoundMethod::call(Object(Illuminate\\Foundation\\Application), Array, Array, NULL)
#40 /Volumes/Home/moohard/Kerjaan-Kepegawaian/apel-app/vendor/laravel/framework/src/Illuminate/Console/Command.php(211): Illuminate\\Container\\Container->call(Array)
#41 /Volumes/Home/moohard/Kerjaan-Kepegawaian/apel-app/vendor/symfony/console/Command/Command.php(341): Illuminate\\Console\\Command->execute(Object(Symfony\\Component\\Console\\Input\\StringInput), Object(Illuminate\\Console\\OutputStyle))
#42 /Volumes/Home/moohard/Kerjaan-Kepegawaian/apel-app/vendor/laravel/framework/src/Illuminate/Console/Command.php(180): Symfony\\Component\\Console\\Command\\Command->run(Object(Symfony\\Component\\Console\\Input\\StringInput), Object(Illuminate\\Console\\OutputStyle))
#43 /Volumes/Home/moohard/Kerjaan-Kepegawaian/apel-app/vendor/symfony/console/Application.php(1102): Illuminate\\Console\\Command->run(Object(Symfony\\Component\\Console\\Input\\StringInput), Object(Symfony\\Component\\Console\\Output\\BufferedOutput))
#44 /Volumes/Home/moohard/Kerjaan-Kepegawaian/apel-app/vendor/symfony/console/Application.php(356): Symfony\\Component\\Console\\Application->doRunCommand(Object(Laravel\\Mcp\\Console\\Commands\\StartCommand), Object(Symfony\\Component\\Console\\Input\\StringInput), Object(Symfony\\Component\\Console\\Output\\BufferedOutput))
#45 /Volumes/Home/moohard/Kerjaan-Kepegawaian/apel-app/vendor/symfony/console/Application.php(195): Symfony\\Component\\Console\\Application->doRun(Object(Symfony\\Component\\Console\\Input\\StringInput), Object(Symfony\\Component\\Console\\Output\\BufferedOutput))
#46 /Volumes/Home/moohard/Kerjaan-Kepegawaian/apel-app/vendor/laravel/framework/src/Illuminate/Console/Application.php(165): Symfony\\Component\\Console\\Application->run(Object(Symfony\\Component\\Console\\Input\\StringInput), Object(Symfony\\Component\\Console\\Output\\BufferedOutput))
#47 /Volumes/Home/moohard/Kerjaan-Kepegawaian/apel-app/vendor/laravel/framework/src/Illuminate/Foundation/Console/Kernel.php(447): Illuminate\\Console\\Application->call('mcp:start', Array, NULL)
#48 /Volumes/Home/moohard/Kerjaan-Kepegawaian/apel-app/vendor/laravel/framework/src/Illuminate/Support/Facades/Facade.php(363): Illuminate\\Foundation\\Console\\Kernel->call('mcp:start larav...')
#49 /Volumes/Home/moohard/Kerjaan-Kepegawaian/apel-app/vendor/laravel/boost/src/Console/StartCommand.php(16): Illuminate\\Support\\Facades\\Facade::__callStatic('call', Array)
#50 /Volumes/Home/moohard/Kerjaan-Kepegawaian/apel-app/vendor/laravel/framework/src/Illuminate/Container/BoundMethod.php(36): Laravel\\Boost\\Console\\StartCommand->handle()
#51 /Volumes/Home/moohard/Kerjaan-Kepegawaian/apel-app/vendor/laravel/framework/src/Illuminate/Container/Util.php(43): Illuminate\\Container\\BoundMethod::{closure:Illuminate\\Container\\BoundMethod::call():35}()
#52 /Volumes/Home/moohard/Kerjaan-Kepegawaian/apel-app/vendor/laravel/framework/src/Illuminate/Container/BoundMethod.php(96): Illuminate\\Container\\Util::unwrapIfClosure(Object(Closure))
#53 /Volumes/Home/moohard/Kerjaan-Kepegawaian/apel-app/vendor/laravel/framework/src/Illuminate/Container/BoundMethod.php(35): Illuminate\\Container\\BoundMethod::callBoundMethod(Object(Illuminate\\Foundation\\Application), Array, Object(Closure))
#54 /Volumes/Home/moohard/Kerjaan-Kepegawaian/apel-app/vendor/laravel/framework/src/Illuminate/Container/Container.php(799): Illuminate\\Container\\BoundMethod::call(Object(Illuminate\\Foundation\\Application), Array, Array, NULL)
#55 /Volumes/Home/moohard/Kerjaan-Kepegawaian/apel-app/vendor/laravel/framework/src/Illuminate/Console/Command.php(211): Illuminate\\Container\\Container->call(Array)
#56 /Volumes/Home/moohard/Kerjaan-Kepegawaian/apel-app/vendor/symfony/console/Command/Command.php(341): Illuminate\\Console\\Command->execute(Object(Symfony\\Component\\Console\\Input\\ArgvInput), Object(Illuminate\\Console\\OutputStyle))
#57 /Volumes/Home/moohard/Kerjaan-Kepegawaian/apel-app/vendor/laravel/framework/src/Illuminate/Console/Command.php(180): Symfony\\Component\\Console\\Command\\Command->run(Object(Symfony\\Component\\Console\\Input\\ArgvInput), Object(Illuminate\\Console\\OutputStyle))
#58 /Volumes/Home/moohard/Kerjaan-Kepegawaian/apel-app/vendor/symfony/console/Application.php(1102): Illuminate\\Console\\Command->run(Object(Symfony\\Component\\Console\\Input\\ArgvInput), Object(Symfony\\Component\\Console\\Output\\ConsoleOutput))
#59 /Volumes/Home/moohard/Kerjaan-Kepegawaian/apel-app/vendor/symfony/console/Application.php(356): Symfony\\Component\\Console\\Application->doRunCommand(Object(Laravel\\Boost\\Console\\StartCommand), Object(Symfony\\Component\\Console\\Input\\ArgvInput), Object(Symfony\\Component\\Console\\Output\\ConsoleOutput))
#60 /Volumes/Home/moohard/Kerjaan-Kepegawaian/apel-app/vendor/symfony/console/Application.php(195): Symfony\\Component\\Console\\Application->doRun(Object(Symfony\\Component\\Console\\Input\\ArgvInput), Object(Symfony\\Component\\Console\\Output\\ConsoleOutput))
#61 /Volumes/Home/moohard/Kerjaan-Kepegawaian/apel-app/vendor/laravel/framework/src/Illuminate/Foundation/Console/Kernel.php(198): Symfony\\Component\\Console\\Application->run(Object(Symfony\\Component\\Console\\Input\\ArgvInput), Object(Symfony\\Component\\Console\\Output\\ConsoleOutput))
#62 /Volumes/Home/moohard/Kerjaan-Kepegawaian/apel-app/vendor/laravel/framework/src/Illuminate/Foundation/Application.php(1235): Illuminate\\Foundation\\Console\\Kernel->handle(Object(Symfony\\Component\\Console\\Input\\ArgvInput), Object(Symfony\\Component\\Console\\Output\\ConsoleOutput))
#63 /Volumes/Home/moohard/Kerjaan-Kepegawaian/apel-app/artisan(16): Illuminate\\Foundation\\Application->handleCommand(Object(Symfony\\Component\\Console\\Input\\ArgvInput))
#64 {main}
"} 
[2026-01-12 00:51:02] local.ERROR: Class "Redis" not found {"exception":"[object] (Error(code: 0): Class \"Redis\" not found at /Volumes/Home/moohard/Kerjaan-Kepegawaian/apel-app/vendor/laravel/framework/src/Illuminate/Redis/Connectors/PhpRedisConnector.php:80)
[stacktrace]
#0 /Volumes/Home/moohard/Kerjaan-Kepegawaian/apel-app/vendor/laravel/framework/src/Illuminate/Redis/Connectors/PhpRedisConnector.php(34): Illuminate\\Redis\\Connectors\\PhpRedisConnector->createClient(Array)
#1 /Volumes/Home/moohard/Kerjaan-Kepegawaian/apel-app/vendor/laravel/framework/src/Illuminate/Redis/Connectors/PhpRedisConnector.php(39): Illuminate\\Redis\\Connectors\\PhpRedisConnector->{closure:Illuminate\\Redis\\Connectors\\PhpRedisConnector::connect():33}()
#2 /Volumes/Home/moohard/Kerjaan-Kepegawaian/apel-app/vendor/laravel/framework/src/Illuminate/Redis/RedisManager.php(111): Illuminate\\Redis\\Connectors\\PhpRedisConnector->connect(Array, Array)
#3 /Volumes/Home/moohard/Kerjaan-Kepegawaian/apel-app/vendor/laravel/framework/src/Illuminate/Redis/RedisManager.php(92): Illuminate\\Redis\\RedisManager->resolve('cache')
#4 /Volumes/Home/moohard/Kerjaan-Kepegawaian/apel-app/vendor/laravel/framework/src/Illuminate/Cache/RedisStore.php(368): Illuminate\\Redis\\RedisManager->connection('cache')
#5 /Volumes/Home/moohard/Kerjaan-Kepegawaian/apel-app/vendor/laravel/framework/src/Illuminate/Cache/RedisStore.php(71): Illuminate\\Cache\\RedisStore->connection()
#6 /Volumes/Home/moohard/Kerjaan-Kepegawaian/apel-app/vendor/laravel/framework/src/Illuminate/Cache/Repository.php(119): Illuminate\\Cache\\RedisStore->get('boost.roster.sc...')
#7 /Volumes/Home/moohard/Kerjaan-Kepegawaian/apel-app/vendor/laravel/framework/src/Illuminate/Cache/CacheManager.php(530): Illuminate\\Cache\\Repository->get('boost.roster.sc...')
#8 /Volumes/Home/moohard/Kerjaan-Kepegawaian/apel-app/vendor/laravel/boost/src/BoostServiceProvider.php(50): Illuminate\\Cache\\CacheManager->__call('get', Array)
#9 /Volumes/Home/moohard/Kerjaan-Kepegawaian/apel-app/vendor/laravel/framework/src/Illuminate/Container/Container.php(1115): Laravel\\Boost\\BoostServiceProvider->{closure:Laravel\\Boost\\BoostServiceProvider::register():37}(Object(Illuminate\\Foundation\\Application), Array)
#10 /Volumes/Home/moohard/Kerjaan-Kepegawaian/apel-app/vendor/laravel/framework/src/Illuminate/Container/Container.php(933): Illuminate\\Container\\Container->build(Object(Closure))
#11 /Volumes/Home/moohard/Kerjaan-Kepegawaian/apel-app/vendor/laravel/framework/src/Illuminate/Foundation/Application.php(1078): Illuminate\\Container\\Container->resolve('Laravel\\\\Roster\\\\...', Array, true)
#12 /Volumes/Home/moohard/Kerjaan-Kepegawaian/apel-app/vendor/laravel/framework/src/Illuminate/Container/Container.php(864): Illuminate\\Foundation\\Application->resolve('Laravel\\\\Roster\\\\...', Array)
#13 /Volumes/Home/moohard/Kerjaan-Kepegawaian/apel-app/vendor/laravel/framework/src/Illuminate/Foundation/Application.php(1058): Illuminate\\Container\\Container->make('Laravel\\\\Roster\\\\...', Array)
#14 /Volumes/Home/moohard/Kerjaan-Kepegawaian/apel-app/vendor/laravel/framework/src/Illuminate/Container/Container.php(1338): Illuminate\\Foundation\\Application->make('Laravel\\\\Roster\\\\...')
#15 /Volumes/Home/moohard/Kerjaan-Kepegawaian/apel-app/vendor/laravel/framework/src/Illuminate/Container/Container.php(1239): Illuminate\\Container\\Container->resolveClass(Object(ReflectionParameter))
#16 /Volumes/Home/moohard/Kerjaan-Kepegawaian/apel-app/vendor/laravel/framework/src/Illuminate/Container/Container.php(1162): Illuminate\\Container\\Container->resolveDependencies(Array)
#17 /Volumes/Home/moohard/Kerjaan-Kepegawaian/apel-app/vendor/laravel/framework/src/Illuminate/Container/Container.php(933): Illuminate\\Container\\Container->build('Laravel\\\\Boost\\\\M...')
#18 /Volumes/Home/moohard/Kerjaan-Kepegawaian/apel-app/vendor/laravel/framework/src/Illuminate/Foundation/Application.php(1078): Illuminate\\Container\\Container->resolve('Laravel\\\\Boost\\\\M...', Array, true)
#19 /Volumes/Home/moohard/Kerjaan-Kepegawaian/apel-app/vendor/laravel/framework/src/Illuminate/Container/Container.php(864): Illuminate\\Foundation\\Application->resolve('Laravel\\\\Boost\\\\M...', Array)
#20 /Volumes/Home/moohard/Kerjaan-Kepegawaian/apel-app/vendor/laravel/framework/src/Illuminate/Foundation/Application.php(1058): Illuminate\\Container\\Container->make('Laravel\\\\Boost\\\\M...', Array)
#21 /Volumes/Home/moohard/Kerjaan-Kepegawaian/apel-app/vendor/laravel/mcp/src/Server/ServerContext.php(100): Illuminate\\Foundation\\Application->make('Laravel\\\\Boost\\\\M...')
#22 [internal function]: Laravel\\Mcp\\Server\\ServerContext->{closure:Laravel\\Mcp\\Server\\ServerContext::resolvePrimitives():99}('Laravel\\\\Boost\\\\M...', 0)
#23 /Volumes/Home/moohard/Kerjaan-Kepegawaian/apel-app/vendor/laravel/framework/src/Illuminate/Collections/Arr.php(788): array_map(Object(Closure), Array, Array)
#24 /Volumes/Home/moohard/Kerjaan-Kepegawaian/apel-app/vendor/laravel/framework/src/Illuminate/Collections/Collection.php(819): Illuminate\\Support\\Arr::map(Array, Object(Closure))
#25 /Volumes/Home/moohard/Kerjaan-Kepegawaian/apel-app/vendor/laravel/mcp/src/Server/ServerContext.php(99): Illuminate\\Support\\Collection->map(Object(Closure))
#26 /Volumes/Home/moohard/Kerjaan-Kepegawaian/apel-app/vendor/laravel/mcp/src/Server/ServerContext.php(43): Laravel\\Mcp\\Server\\ServerContext->resolvePrimitives(Object(Illuminate\\Support\\Collection))
#27 /Volumes/Home/moohard/Kerjaan-Kepegawaian/apel-app/vendor/laravel/mcp/src/Server/Methods/ListTools.php(18): Laravel\\Mcp\\Server\\ServerContext->tools()
#28 /Volumes/Home/moohard/Kerjaan-Kepegawaian/apel-app/vendor/laravel/mcp/src/Server.php(276): Laravel\\Mcp\\Server\\Methods\\ListTools->handle(Object(Laravel\\Mcp\\Server\\Transport\\JsonRpcRequest), Object(Laravel\\Mcp\\Server\\ServerContext))
#29 /Volumes/Home/moohard/Kerjaan-Kepegawaian/apel-app/vendor/laravel/mcp/src/Server.php(244): Laravel\\Mcp\\Server->runMethodHandle(Object(Laravel\\Mcp\\Server\\Transport\\JsonRpcRequest), Object(Laravel\\Mcp\\Server\\ServerContext))
#30 /Volumes/Home/moohard/Kerjaan-Kepegawaian/apel-app/vendor/laravel/mcp/src/Server.php(201): Laravel\\Mcp\\Server->handleMessage(Object(Laravel\\Mcp\\Server\\Transport\\JsonRpcRequest), Object(Laravel\\Mcp\\Server\\ServerContext))
#31 /Volumes/Home/moohard/Kerjaan-Kepegawaian/apel-app/vendor/laravel/mcp/src/Server/Transport/StdioTransport.php(44): Laravel\\Mcp\\Server->handle('{\"method\":\"tool...')
#32 /Volumes/Home/moohard/Kerjaan-Kepegawaian/apel-app/vendor/laravel/mcp/src/Server/Registrar.php(141): Laravel\\Mcp\\Server\\Transport\\StdioTransport->run()
#33 /Volumes/Home/moohard/Kerjaan-Kepegawaian/apel-app/vendor/laravel/mcp/src/Server/Registrar.php(59): Laravel\\Mcp\\Server\\Registrar::startServer('Laravel\\\\Boost\\\\M...', Object(Closure))
#34 /Volumes/Home/moohard/Kerjaan-Kepegawaian/apel-app/vendor/laravel/mcp/src/Console/Commands/StartCommand.php(32): Laravel\\Mcp\\Server\\Registrar->{closure:Laravel\\Mcp\\Server\\Registrar::local():59}()
#35 /Volumes/Home/moohard/Kerjaan-Kepegawaian/apel-app/vendor/laravel/framework/src/Illuminate/Container/BoundMethod.php(36): Laravel\\Mcp\\Console\\Commands\\StartCommand->handle(Object(Laravel\\Mcp\\Server\\Registrar))
#36 /Volumes/Home/moohard/Kerjaan-Kepegawaian/apel-app/vendor/laravel/framework/src/Illuminate/Container/Util.php(43): Illuminate\\Container\\BoundMethod::{closure:Illuminate\\Container\\BoundMethod::call():35}()
#37 /Volumes/Home/moohard/Kerjaan-Kepegawaian/apel-app/vendor/laravel/framework/src/Illuminate/Container/BoundMethod.php(96): Illuminate\\Container\\Util::unwrapIfClosure(Object(Closure))
#38 /Volumes/Home/moohard/Kerjaan-Kepegawaian/apel-app/vendor/laravel/framework/src/Illuminate/Container/BoundMethod.php(35): Illuminate\\Container\\BoundMethod::callBoundMethod(Object(Illuminate\\Foundation\\Application), Array, Object(Closure))
#39 /Volumes/Home/moohard/Kerjaan-Kepegawaian/apel-app/vendor/laravel/framework/src/Illuminate/Container/Container.php(799): Illuminate\\Container\\BoundMethod::call(Object(Illuminate\\Foundation\\Application), Array, Array, NULL)
#40 /Volumes/Home/moohard/Kerjaan-Kepegawaian/apel-app/vendor/laravel/framework/src/Illuminate/Console/Command.php(211): Illuminate\\Container\\Container->call(Array)
#41 /Volumes/Home/moohard/Kerjaan-Kepegawaian/apel-app/vendor/symfony/console/Command/Command.php(341): Illuminate\\Console\\Command->execute(Object(Symfony\\Component\\Console\\Input\\StringInput), Object(Illuminate\\Console\\OutputStyle))
#42 /Volumes/Home/moohard/Kerjaan-Kepegawaian/apel-app/vendor/laravel/framework/src/Illuminate/Console/Command.php(180): Symfony\\Component\\Console\\Command\\Command->run(Object(Symfony\\Component\\Console\\Input\\StringInput), Object(Illuminate\\Console\\OutputStyle))
#43 /Volumes/Home/moohard/Kerjaan-Kepegawaian/apel-app/vendor/symfony/console/Application.php(1102): Illuminate\\Console\\Command->run(Object(Symfony\\Component\\Console\\Input\\StringInput), Object(Symfony\\Component\\Console\\Output\\BufferedOutput))
#44 /Volumes/Home/moohard/Kerjaan-Kepegawaian/apel-app/vendor/symfony/console/Application.php(356): Symfony\\Component\\Console\\Application->doRunCommand(Object(Laravel\\Mcp\\Console\\Commands\\StartCommand), Object(Symfony\\Component\\Console\\Input\\StringInput), Object(Symfony\\Component\\Console\\Output\\BufferedOutput))
#45 /Volumes/Home/moohard/Kerjaan-Kepegawaian/apel-app/vendor/symfony/console/Application.php(195): Symfony\\Component\\Console\\Application->doRun(Object(Symfony\\Component\\Console\\Input\\StringInput), Object(Symfony\\Component\\Console\\Output\\BufferedOutput))
#46 /Volumes/Home/moohard/Kerjaan-Kepegawaian/apel-app/vendor/laravel/framework/src/Illuminate/Console/Application.php(165): Symfony\\Component\\Console\\Application->run(Object(Symfony\\Component\\Console\\Input\\StringInput), Object(Symfony\\Component\\Console\\Output\\BufferedOutput))
#47 /Volumes/Home/moohard/Kerjaan-Kepegawaian/apel-app/vendor/laravel/framework/src/Illuminate/Foundation/Console/Kernel.php(447): Illuminate\\Console\\Application->call('mcp:start', Array, NULL)
#48 /Volumes/Home/moohard/Kerjaan-Kepegawaian/apel-app/vendor/laravel/framework/src/Illuminate/Support/Facades/Facade.php(363): Illuminate\\Foundation\\Console\\Kernel->call('mcp:start larav...')
#49 /Volumes/Home/moohard/Kerjaan-Kepegawaian/apel-app/vendor/laravel/boost/src/Console/StartCommand.php(16): Illuminate\\Support\\Facades\\Facade::__callStatic('call', Array)
#50 /Volumes/Home/moohard/Kerjaan-Kepegawaian/apel-app/vendor/laravel/framework/src/Illuminate/Container/BoundMethod.php(36): Laravel\\Boost\\Console\\StartCommand->handle()
#51 /Volumes/Home/moohard/Kerjaan-Kepegawaian/apel-app/vendor/laravel/framework/src/Illuminate/Container/Util.php(43): Illuminate\\Container\\BoundMethod::{closure:Illuminate\\Container\\BoundMethod::call():35}()
#52 /Volumes/Home/moohard/Kerjaan-Kepegawaian/apel-app/vendor/laravel/framework/src/Illuminate/Container/BoundMethod.php(96): Illuminate\\Container\\Util::unwrapIfClosure(Object(Closure))
#53 /Volumes/Home/moohard/Kerjaan-Kepegawaian/apel-app/vendor/laravel/framework/src/Illuminate/Container/BoundMethod.php(35): Illuminate\\Container\\BoundMethod::callBoundMethod(Object(Illuminate\\Foundation\\Application), Array, Object(Closure))
#54 /Volumes/Home/moohard/Kerjaan-Kepegawaian/apel-app/vendor/laravel/framework/src/Illuminate/Container/Container.php(799): Illuminate\\Container\\BoundMethod::call(Object(Illuminate\\Foundation\\Application), Array, Array, NULL)
#55 /Volumes/Home/moohard/Kerjaan-Kepegawaian/apel-app/vendor/laravel/framework/src/Illuminate/Console/Command.php(211): Illuminate\\Container\\Container->call(Array)
#56 /Volumes/Home/moohard/Kerjaan-Kepegawaian/apel-app/vendor/symfony/console/Command/Command.php(341): Illuminate\\Console\\Command->execute(Object(Symfony\\Component\\Console\\Input\\ArgvInput), Object(Illuminate\\Console\\OutputStyle))
#57 /Volumes/Home/moohard/Kerjaan-Kepegawaian/apel-app/vendor/laravel/framework/src/Illuminate/Console/Command.php(180): Symfony\\Component\\Console\\Command\\Command->run(Object(Symfony\\Component\\Console\\Input\\ArgvInput), Object(Illuminate\\Console\\OutputStyle))
#58 /Volumes/Home/moohard/Kerjaan-Kepegawaian/apel-app/vendor/symfony/console/Application.php(1102): Illuminate\\Console\\Command->run(Object(Symfony\\Component\\Console\\Input\\ArgvInput), Object(Symfony\\Component\\Console\\Output\\ConsoleOutput))
#59 /Volumes/Home/moohard/Kerjaan-Kepegawaian/apel-app/vendor/symfony/console/Application.php(356): Symfony\\Component\\Console\\Application->doRunCommand(Object(Laravel\\Boost\\Console\\StartCommand), Object(Symfony\\Component\\Console\\Input\\ArgvInput), Object(Symfony\\Component\\Console\\Output\\ConsoleOutput))
#60 /Volumes/Home/moohard/Kerjaan-Kepegawaian/apel-app/vendor/symfony/console/Application.php(195): Symfony\\Component\\Console\\Application->doRun(Object(Symfony\\Component\\Console\\Input\\ArgvInput), Object(Symfony\\Component\\Console\\Output\\ConsoleOutput))
#61 /Volumes/Home/moohard/Kerjaan-Kepegawaian/apel-app/vendor/laravel/framework/src/Illuminate/Foundation/Console/Kernel.php(198): Symfony\\Component\\Console\\Application->run(Object(Symfony\\Component\\Console\\Input\\ArgvInput), Object(Symfony\\Component\\Console\\Output\\ConsoleOutput))
#62 /Volumes/Home/moohard/Kerjaan-Kepegawaian/apel-app/vendor/laravel/framework/src/Illuminate/Foundation/Application.php(1235): Illuminate\\Foundation\\Console\\Kernel->handle(Object(Symfony\\Component\\Console\\Input\\ArgvInput), Object(Symfony\\Component\\Console\\Output\\ConsoleOutput))
#63 /Volumes/Home/moohard/Kerjaan-Kepegawaian/apel-app/artisan(16): Illuminate\\Foundation\\Application->handleCommand(Object(Symfony\\Component\\Console\\Input\\ArgvInput))
#64 {main}
"} 
[2026-01-12 00:51:02] local.ERROR: Class "Redis" not found {"exception":"[object] (Error(code: 0): Class \"Redis\" not found at /Volumes/Home/moohard/Kerjaan-Kepegawaian/apel-app/vendor/laravel/framework/src/Illuminate/Redis/Connectors/PhpRedisConnector.php:80)
[stacktrace]
#0 /Volumes/Home/moohard/Kerjaan-Kepegawaian/apel-app/vendor/laravel/framework/src/Illuminate/Redis/Connectors/PhpRedisConnector.php(34): Illuminate\\Redis\\Connectors\\PhpRedisConnector->createClient(Array)
#1 /Volumes/Home/moohard/Kerjaan-Kepegawaian/apel-app/vendor/laravel/framework/src/Illuminate/Redis/Connectors/PhpRedisConnector.php(39): Illuminate\\Redis\\Connectors\\PhpRedisConnector->{closure:Illuminate\\Redis\\Connectors\\PhpRedisConnector::connect():33}()
#2 /Volumes/Home/moohard/Kerjaan-Kepegawaian/apel-app/vendor/laravel/framework/src/Illuminate/Redis/RedisManager.php(111): Illuminate\\Redis\\Connectors\\PhpRedisConnector->connect(Array, Array)
#3 /Volumes/Home/moohard/Kerjaan-Kepegawaian/apel-app/vendor/laravel/framework/src/Illuminate/Redis/RedisManager.php(92): Illuminate\\Redis\\RedisManager->resolve('cache')
#4 /Volumes/Home/moohard/Kerjaan-Kepegawaian/apel-app/vendor/laravel/framework/src/Illuminate/Cache/RedisStore.php(368): Illuminate\\Redis\\RedisManager->connection('cache')
#5 /Volumes/Home/moohard/Kerjaan-Kepegawaian/apel-app/vendor/laravel/framework/src/Illuminate/Cache/RedisStore.php(71): Illuminate\\Cache\\RedisStore->connection()
#6 /Volumes/Home/moohard/Kerjaan-Kepegawaian/apel-app/vendor/laravel/framework/src/Illuminate/Cache/Repository.php(119): Illuminate\\Cache\\RedisStore->get('boost.roster.sc...')
#7 /Volumes/Home/moohard/Kerjaan-Kepegawaian/apel-app/vendor/laravel/framework/src/Illuminate/Cache/CacheManager.php(530): Illuminate\\Cache\\Repository->get('boost.roster.sc...')
#8 /Volumes/Home/moohard/Kerjaan-Kepegawaian/apel-app/vendor/laravel/boost/src/BoostServiceProvider.php(50): Illuminate\\Cache\\CacheManager->__call('get', Array)
#9 /Volumes/Home/moohard/Kerjaan-Kepegawaian/apel-app/vendor/laravel/framework/src/Illuminate/Container/Container.php(1115): Laravel\\Boost\\BoostServiceProvider->{closure:Laravel\\Boost\\BoostServiceProvider::register():37}(Object(Illuminate\\Foundation\\Application), Array)
#10 /Volumes/Home/moohard/Kerjaan-Kepegawaian/apel-app/vendor/laravel/framework/src/Illuminate/Container/Container.php(933): Illuminate\\Container\\Container->build(Object(Closure))
#11 /Volumes/Home/moohard/Kerjaan-Kepegawaian/apel-app/vendor/laravel/framework/src/Illuminate/Foundation/Application.php(1078): Illuminate\\Container\\Container->resolve('Laravel\\\\Roster\\\\...', Array, true)
#12 /Volumes/Home/moohard/Kerjaan-Kepegawaian/apel-app/vendor/laravel/framework/src/Illuminate/Container/Container.php(864): Illuminate\\Foundation\\Application->resolve('Laravel\\\\Roster\\\\...', Array)
#13 /Volumes/Home/moohard/Kerjaan-Kepegawaian/apel-app/vendor/laravel/framework/src/Illuminate/Foundation/Application.php(1058): Illuminate\\Container\\Container->make('Laravel\\\\Roster\\\\...', Array)
#14 /Volumes/Home/moohard/Kerjaan-Kepegawaian/apel-app/vendor/laravel/framework/src/Illuminate/Container/Container.php(1338): Illuminate\\Foundation\\Application->make('Laravel\\\\Roster\\\\...')
#15 /Volumes/Home/moohard/Kerjaan-Kepegawaian/apel-app/vendor/laravel/framework/src/Illuminate/Container/Container.php(1239): Illuminate\\Container\\Container->resolveClass(Object(ReflectionParameter))
#16 /Volumes/Home/moohard/Kerjaan-Kepegawaian/apel-app/vendor/laravel/framework/src/Illuminate/Container/Container.php(1162): Illuminate\\Container\\Container->resolveDependencies(Array)
#17 /Volumes/Home/moohard/Kerjaan-Kepegawaian/apel-app/vendor/laravel/framework/src/Illuminate/Container/Container.php(933): Illuminate\\Container\\Container->build('Laravel\\\\Boost\\\\M...')
#18 /Volumes/Home/moohard/Kerjaan-Kepegawaian/apel-app/vendor/laravel/framework/src/Illuminate/Foundation/Application.php(1078): Illuminate\\Container\\Container->resolve('Laravel\\\\Boost\\\\M...', Array, true)
#19 /Volumes/Home/moohard/Kerjaan-Kepegawaian/apel-app/vendor/laravel/framework/src/Illuminate/Container/Container.php(864): Illuminate\\Foundation\\Application->resolve('Laravel\\\\Boost\\\\M...', Array)
#20 /Volumes/Home/moohard/Kerjaan-Kepegawaian/apel-app/vendor/laravel/framework/src/Illuminate/Foundation/Application.php(1058): Illuminate\\Container\\Container->make('Laravel\\\\Boost\\\\M...', Array)
#21 /Volumes/Home/moohard/Kerjaan-Kepegawaian/apel-app/vendor/laravel/mcp/src/Server/ServerContext.php(100): Illuminate\\Foundation\\Application->make('Laravel\\\\Boost\\\\M...')
#22 [internal function]: Laravel\\Mcp\\Server\\ServerContext->{closure:Laravel\\Mcp\\Server\\ServerContext::resolvePrimitives():99}('Laravel\\\\Boost\\\\M...', 0)
#23 /Volumes/Home/moohard/Kerjaan-Kepegawaian/apel-app/vendor/laravel/framework/src/Illuminate/Collections/Arr.php(788): array_map(Object(Closure), Array, Array)
#24 /Volumes/Home/moohard/Kerjaan-Kepegawaian/apel-app/vendor/laravel/framework/src/Illuminate/Collections/Collection.php(819): Illuminate\\Support\\Arr::map(Array, Object(Closure))
#25 /Volumes/Home/moohard/Kerjaan-Kepegawaian/apel-app/vendor/laravel/mcp/src/Server/ServerContext.php(99): Illuminate\\Support\\Collection->map(Object(Closure))
#26 /Volumes/Home/moohard/Kerjaan-Kepegawaian/apel-app/vendor/laravel/mcp/src/Server/ServerContext.php(43): Laravel\\Mcp\\Server\\ServerContext->resolvePrimitives(Object(Illuminate\\Support\\Collection))
#27 /Volumes/Home/moohard/Kerjaan-Kepegawaian/apel-app/vendor/laravel/mcp/src/Server/Methods/ListTools.php(18): Laravel\\Mcp\\Server\\ServerContext->tools()
#28 /Volumes/Home/moohard/Kerjaan-Kepegawaian/apel-app/vendor/laravel/mcp/src/Server.php(276): Laravel\\Mcp\\Server\\Methods\\ListTools->handle(Object(Laravel\\Mcp\\Server\\Transport\\JsonRpcRequest), Object(Laravel\\Mcp\\Server\\ServerContext))
#29 /Volumes/Home/moohard/Kerjaan-Kepegawaian/apel-app/vendor/laravel/mcp/src/Server.php(244): Laravel\\Mcp\\Server->runMethodHandle(Object(Laravel\\Mcp\\Server\\Transport\\JsonRpcRequest), Object(Laravel\\Mcp\\Server\\ServerContext))
#30 /Volumes/Home/moohard/Kerjaan-Kepegawaian/apel-app/vendor/laravel/mcp/src/Server.php(201): Laravel\\Mcp\\Server->handleMessage(Object(Laravel\\Mcp\\Server\\Transport\\JsonRpcRequest), Object(Laravel\\Mcp\\Server\\ServerContext))
#31 /Volumes/Home/moohard/Kerjaan-Kepegawaian/apel-app/vendor/laravel/mcp/src/Server/Transport/StdioTransport.php(44): Laravel\\Mcp\\Server->handle('{\"method\":\"tool...')
#32 /Volumes/Home/moohard/Kerjaan-Kepegawaian/apel-app/vendor/laravel/mcp/src/Server/Registrar.php(141): Laravel\\Mcp\\Server\\Transport\\StdioTransport->run()
#33 /Volumes/Home/moohard/Kerjaan-Kepegawaian/apel-app/vendor/laravel/mcp/src/Server/Registrar.php(59): Laravel\\Mcp\\Server\\Registrar::startServer('Laravel\\\\Boost\\\\M...', Object(Closure))
#34 /Volumes/Home/moohard/Kerjaan-Kepegawaian/apel-app/vendor/laravel/mcp/src/Console/Commands/StartCommand.php(32): Laravel\\Mcp\\Server\\Registrar->{closure:Laravel\\Mcp\\Server\\Registrar::local():59}()
#35 /Volumes/Home/moohard/Kerjaan-Kepegawaian/apel-app/vendor/laravel/framework/src/Illuminate/Container/BoundMethod.php(36): Laravel\\Mcp\\Console\\Commands\\StartCommand->handle(Object(Laravel\\Mcp\\Server\\Registrar))
#36 /Volumes/Home/moohard/Kerjaan-Kepegawaian/apel-app/vendor/laravel/framework/src/Illuminate/Container/Util.php(43): Illuminate\\Container\\BoundMethod::{closure:Illuminate\\Container\\BoundMethod::call():35}()
#37 /Volumes/Home/moohard/Kerjaan-Kepegawaian/apel-app/vendor/laravel/framework/src/Illuminate/Container/BoundMethod.php(96): Illuminate\\Container\\Util::unwrapIfClosure(Object(Closure))
#38 /Volumes/Home/moohard/Kerjaan-Kepegawaian/apel-app/vendor/laravel/framework/src/Illuminate/Container/BoundMethod.php(35): Illuminate\\Container\\BoundMethod::callBoundMethod(Object(Illuminate\\Foundation\\Application), Array, Object(Closure))
#39 /Volumes/Home/moohard/Kerjaan-Kepegawaian/apel-app/vendor/laravel/framework/src/Illuminate/Container/Container.php(799): Illuminate\\Container\\BoundMethod::call(Object(Illuminate\\Foundation\\Application), Array, Array, NULL)
#40 /Volumes/Home/moohard/Kerjaan-Kepegawaian/apel-app/vendor/laravel/framework/src/Illuminate/Console/Command.php(211): Illuminate\\Container\\Container->call(Array)
#41 /Volumes/Home/moohard/Kerjaan-Kepegawaian/apel-app/vendor/symfony/console/Command/Command.php(341): Illuminate\\Console\\Command->execute(Object(Symfony\\Component\\Console\\Input\\StringInput), Object(Illuminate\\Console\\OutputStyle))
#42 /Volumes/Home/moohard/Kerjaan-Kepegawaian/apel-app/vendor/laravel/framework/src/Illuminate/Console/Command.php(180): Symfony\\Component\\Console\\Command\\Command->run(Object(Symfony\\Component\\Console\\Input\\StringInput), Object(Illuminate\\Console\\OutputStyle))
#43 /Volumes/Home/moohard/Kerjaan-Kepegawaian/apel-app/vendor/symfony/console/Application.php(1102): Illuminate\\Console\\Command->run(Object(Symfony\\Component\\Console\\Input\\StringInput), Object(Symfony\\Component\\Console\\Output\\BufferedOutput))
#44 /Volumes/Home/moohard/Kerjaan-Kepegawaian/apel-app/vendor/symfony/console/Application.php(356): Symfony\\Component\\Console\\Application->doRunCommand(Object(Laravel\\Mcp\\Console\\Commands\\StartCommand), Object(Symfony\\Component\\Console\\Input\\StringInput), Object(Symfony\\Component\\Console\\Output\\BufferedOutput))
#45 /Volumes/Home/moohard/Kerjaan-Kepegawaian/apel-app/vendor/symfony/console/Application.php(195): Symfony\\Component\\Console\\Application->doRun(Object(Symfony\\Component\\Console\\Input\\StringInput), Object(Symfony\\Component\\Console\\Output\\BufferedOutput))
#46 /Volumes/Home/moohard/Kerjaan-Kepegawaian/apel-app/vendor/laravel/framework/src/Illuminate/Console/Application.php(165): Symfony\\Component\\Console\\Application->run(Object(Symfony\\Component\\Console\\Input\\StringInput), Object(Symfony\\Component\\Console\\Output\\BufferedOutput))
#47 /Volumes/Home/moohard/Kerjaan-Kepegawaian/apel-app/vendor/laravel/framework/src/Illuminate/Foundation/Console/Kernel.php(447): Illuminate\\Console\\Application->call('mcp:start', Array, NULL)
#48 /Volumes/Home/moohard/Kerjaan-Kepegawaian/apel-app/vendor/laravel/framework/src/Illuminate/Support/Facades/Facade.php(363): Illuminate\\Foundation\\Console\\Kernel->call('mcp:start larav...')
#49 /Volumes/Home/moohard/Kerjaan-Kepegawaian/apel-app/vendor/laravel/boost/src/Console/StartCommand.php(16): Illuminate\\Support\\Facades\\Facade::__callStatic('call', Array)
#50 /Volumes/Home/moohard/Kerjaan-Kepegawaian/apel-app/vendor/laravel/framework/src/Illuminate/Container/BoundMethod.php(36): Laravel\\Boost\\Console\\StartCommand->handle()
#51 /Volumes/Home/moohard/Kerjaan-Kepegawaian/apel-app/vendor/laravel/framework/src/Illuminate/Container/Util.php(43): Illuminate\\Container\\BoundMethod::{closure:Illuminate\\Container\\BoundMethod::call():35}()
#52 /Volumes/Home/moohard/Kerjaan-Kepegawaian/apel-app/vendor/laravel/framework/src/Illuminate/Container/BoundMethod.php(96): Illuminate\\Container\\Util::unwrapIfClosure(Object(Closure))
#53 /Volumes/Home/moohard/Kerjaan-Kepegawaian/apel-app/vendor/laravel/framework/src/Illuminate/Container/BoundMethod.php(35): Illuminate\\Container\\BoundMethod::callBoundMethod(Object(Illuminate\\Foundation\\Application), Array, Object(Closure))
#54 /Volumes/Home/moohard/Kerjaan-Kepegawaian/apel-app/vendor/laravel/framework/src/Illuminate/Container/Container.php(799): Illuminate\\Container\\BoundMethod::call(Object(Illuminate\\Foundation\\Application), Array, Array, NULL)
#55 /Volumes/Home/moohard/Kerjaan-Kepegawaian/apel-app/vendor/laravel/framework/src/Illuminate/Console/Command.php(211): Illuminate\\Container\\Container->call(Array)
#56 /Volumes/Home/moohard/Kerjaan-Kepegawaian/apel-app/vendor/symfony/console/Command/Command.php(341): Illuminate\\Console\\Command->execute(Object(Symfony\\Component\\Console\\Input\\ArgvInput), Object(Illuminate\\Console\\OutputStyle))
#57 /Volumes/Home/moohard/Kerjaan-Kepegawaian/apel-app/vendor/laravel/framework/src/Illuminate/Console/Command.php(180): Symfony\\Component\\Console\\Command\\Command->run(Object(Symfony\\Component\\Console\\Input\\ArgvInput), Object(Illuminate\\Console\\OutputStyle))
#58 /Volumes/Home/moohard/Kerjaan-Kepegawaian/apel-app/vendor/symfony/console/Application.php(1102): Illuminate\\Console\\Command->run(Object(Symfony\\Component\\Console\\Input\\ArgvInput), Object(Symfony\\Component\\Console\\Output\\ConsoleOutput))
#59 /Volumes/Home/moohard/Kerjaan-Kepegawaian/apel-app/vendor/symfony/console/Application.php(356): Symfony\\Component\\Console\\Application->doRunCommand(Object(Laravel\\Boost\\Console\\StartCommand), Object(Symfony\\Component\\Console\\Input\\ArgvInput), Object(Symfony\\Component\\Console\\Output\\ConsoleOutput))
#60 /Volumes/Home/moohard/Kerjaan-Kepegawaian/apel-app/vendor/symfony/console/Application.php(195): Symfony\\Component\\Console\\Application->doRun(Object(Symfony\\Component\\Console\\Input\\ArgvInput), Object(Symfony\\Component\\Console\\Output\\ConsoleOutput))
#61 /Volumes/Home/moohard/Kerjaan-Kepegawaian/apel-app/vendor/laravel/framework/src/Illuminate/Foundation/Console/Kernel.php(198): Symfony\\Component\\Console\\Application->run(Object(Symfony\\Component\\Console\\Input\\ArgvInput), Object(Symfony\\Component\\Console\\Output\\ConsoleOutput))
#62 /Volumes/Home/moohard/Kerjaan-Kepegawaian/apel-app/vendor/laravel/framework/src/Illuminate/Foundation/Application.php(1235): Illuminate\\Foundation\\Console\\Kernel->handle(Object(Symfony\\Component\\Console\\Input\\ArgvInput), Object(Symfony\\Component\\Console\\Output\\ConsoleOutput))
#63 /Volumes/Home/moohard/Kerjaan-Kepegawaian/apel-app/artisan(16): Illuminate\\Foundation\\Application->handleCommand(Object(Symfony\\Component\\Console\\Input\\ArgvInput))
#64 {main}
"} 
[2026-01-12 01:09:41] local.ERROR: SQLSTATE[HY000] [2002] Connection refused (Connection: mysql, SQL: select exists (select 1 from information_schema.tables where table_schema = schema() and table_name = 'migrations' and table_type in ('BASE TABLE', 'SYSTEM VERSIONED')) as `exists`) {"exception":"[object] (Illuminate\\Database\\QueryException(code: 2002): SQLSTATE[HY000] [2002] Connection refused (Connection: mysql, SQL: select exists (select 1 from information_schema.tables where table_schema = schema() and table_name = 'migrations' and table_type in ('BASE TABLE', 'SYSTEM VERSIONED')) as `exists`) at /Volumes/Home/moohard/Kerjaan-Kepegawaian/apel-app/vendor/laravel/framework/src/Illuminate/Database/Connection.php:826)
[stacktrace]
#0 /Volumes/Home/moohard/Kerjaan-Kepegawaian/apel-app/vendor/laravel/framework/src/Illuminate/Database/Connection.php(980): Illuminate\\Database\\Connection->runQueryCallback('select exists (...', Array, Object(Closure))
#1 /Volumes/Home/moohard/Kerjaan-Kepegawaian/apel-app/vendor/laravel/framework/src/Illuminate/Database/Connection.php(959): Illuminate\\Database\\Connection->tryAgainIfCausedByLostConnection(Object(Illuminate\\Database\\QueryException), 'select exists (...', Array, Object(Closure))
#2 /Volumes/Home/moohard/Kerjaan-Kepegawaian/apel-app/vendor/laravel/framework/src/Illuminate/Database/Connection.php(782): Illuminate\\Database\\Connection->handleQueryException(Object(Illuminate\\Database\\QueryException), 'select exists (...', Array, Object(Closure))
#3 /Volumes/Home/moohard/Kerjaan-Kepegawaian/apel-app/vendor/laravel/framework/src/Illuminate/Database/Connection.php(397): Illuminate\\Database\\Connection->run('select exists (...', Array, Object(Closure))
#4 /Volumes/Home/moohard/Kerjaan-Kepegawaian/apel-app/vendor/laravel/framework/src/Illuminate/Database/Connection.php(343): Illuminate\\Database\\Connection->select('select exists (...', Array, true)
#5 /Volumes/Home/moohard/Kerjaan-Kepegawaian/apel-app/vendor/laravel/framework/src/Illuminate/Database/Connection.php(360): Illuminate\\Database\\Connection->selectOne('select exists (...', Array, true)
#6 /Volumes/Home/moohard/Kerjaan-Kepegawaian/apel-app/vendor/laravel/framework/src/Illuminate/Database/Schema/Builder.php(174): Illuminate\\Database\\Connection->scalar('select exists (...')
#7 /Volumes/Home/moohard/Kerjaan-Kepegawaian/apel-app/vendor/laravel/framework/src/Illuminate/Database/Migrations/DatabaseMigrationRepository.php(185): Illuminate\\Database\\Schema\\Builder->hasTable('migrations')
#8 /Volumes/Home/moohard/Kerjaan-Kepegawaian/apel-app/vendor/laravel/framework/src/Illuminate/Database/Migrations/Migrator.php(756): Illuminate\\Database\\Migrations\\DatabaseMigrationRepository->repositoryExists()
#9 /Volumes/Home/moohard/Kerjaan-Kepegawaian/apel-app/vendor/laravel/framework/src/Illuminate/Database/Console/Migrations/MigrateCommand.php(164): Illuminate\\Database\\Migrations\\Migrator->repositoryExists()
#10 /Volumes/Home/moohard/Kerjaan-Kepegawaian/apel-app/vendor/laravel/framework/src/Illuminate/Support/helpers.php(329): Illuminate\\Database\\Console\\Migrations\\MigrateCommand->{closure:Illuminate\\Database\\Console\\Migrations\\MigrateCommand::repositoryExists():164}(1)
#11 /Volumes/Home/moohard/Kerjaan-Kepegawaian/apel-app/vendor/laravel/framework/src/Illuminate/Database/Console/Migrations/MigrateCommand.php(164): retry(1, Object(Closure), 0, Object(Closure))
#12 /Volumes/Home/moohard/Kerjaan-Kepegawaian/apel-app/vendor/laravel/framework/src/Illuminate/Database/Console/Migrations/MigrateCommand.php(140): Illuminate\\Database\\Console\\Migrations\\MigrateCommand->repositoryExists()
#13 /Volumes/Home/moohard/Kerjaan-Kepegawaian/apel-app/vendor/laravel/framework/src/Illuminate/Database/Console/Migrations/MigrateCommand.php(110): Illuminate\\Database\\Console\\Migrations\\MigrateCommand->prepareDatabase()
#14 /Volumes/Home/moohard/Kerjaan-Kepegawaian/apel-app/vendor/laravel/framework/src/Illuminate/Database/Migrations/Migrator.php(669): Illuminate\\Database\\Console\\Migrations\\MigrateCommand->{closure:Illuminate\\Database\\Console\\Migrations\\MigrateCommand::runMigrations():109}()
#15 /Volumes/Home/moohard/Kerjaan-Kepegawaian/apel-app/vendor/laravel/framework/src/Illuminate/Database/Console/Migrations/MigrateCommand.php(109): Illuminate\\Database\\Migrations\\Migrator->usingConnection(NULL, Object(Closure))
#16 /Volumes/Home/moohard/Kerjaan-Kepegawaian/apel-app/vendor/laravel/framework/src/Illuminate/Database/Console/Migrations/MigrateCommand.php(88): Illuminate\\Database\\Console\\Migrations\\MigrateCommand->runMigrations()
#17 /Volumes/Home/moohard/Kerjaan-Kepegawaian/apel-app/vendor/laravel/framework/src/Illuminate/Container/BoundMethod.php(36): Illuminate\\Database\\Console\\Migrations\\MigrateCommand->handle()
#18 /Volumes/Home/moohard/Kerjaan-Kepegawaian/apel-app/vendor/laravel/framework/src/Illuminate/Container/Util.php(43): Illuminate\\Container\\BoundMethod::{closure:Illuminate\\Container\\BoundMethod::call():35}()
#19 /Volumes/Home/moohard/Kerjaan-Kepegawaian/apel-app/vendor/laravel/framework/src/Illuminate/Container/BoundMethod.php(96): Illuminate\\Container\\Util::unwrapIfClosure(Object(Closure))
#20 /Volumes/Home/moohard/Kerjaan-Kepegawaian/apel-app/vendor/laravel/framework/src/Illuminate/Container/BoundMethod.php(35): Illuminate\\Container\\BoundMethod::callBoundMethod(Object(Illuminate\\Foundation\\Application), Array, Object(Closure))
#21 /Volumes/Home/moohard/Kerjaan-Kepegawaian/apel-app/vendor/laravel/framework/src/Illuminate/Container/Container.php(799): Illuminate\\Container\\BoundMethod::call(Object(Illuminate\\Foundation\\Application), Array, Array, NULL)
#22 /Volumes/Home/moohard/Kerjaan-Kepegawaian/apel-app/vendor/laravel/framework/src/Illuminate/Console/Command.php(211): Illuminate\\Container\\Container->call(Array)
#23 /Volumes/Home/moohard/Kerjaan-Kepegawaian/apel-app/vendor/symfony/console/Command/Command.php(341): Illuminate\\Console\\Command->execute(Object(Symfony\\Component\\Console\\Input\\ArgvInput), Object(Illuminate\\Console\\OutputStyle))
#24 /Volumes/Home/moohard/Kerjaan-Kepegawaian/apel-app/vendor/laravel/framework/src/Illuminate/Console/Command.php(180): Symfony\\Component\\Console\\Command\\Command->run(Object(Symfony\\Component\\Console\\Input\\ArgvInput), Object(Illuminate\\Console\\OutputStyle))
#25 /Volumes/Home/moohard/Kerjaan-Kepegawaian/apel-app/vendor/symfony/console/Application.php(1102): Illuminate\\Console\\Command->run(Object(Symfony\\Component\\Console\\Input\\ArgvInput), Object(Symfony\\Component\\Console\\Output\\ConsoleOutput))
#26 /Volumes/Home/moohard/Kerjaan-Kepegawaian/apel-app/vendor/symfony/console/Application.php(356): Symfony\\Component\\Console\\Application->doRunCommand(Object(Illuminate\\Database\\Console\\Migrations\\MigrateCommand), Object(Symfony\\Component\\Console\\Input\\ArgvInput), Object(Symfony\\Component\\Console\\Output\\ConsoleOutput))
#27 /Volumes/Home/moohard/Kerjaan-Kepegawaian/apel-app/vendor/symfony/console/Application.php(195): Symfony\\Component\\Console\\Application->doRun(Object(Symfony\\Component\\Console\\Input\\ArgvInput), Object(Symfony\\Component\\Console\\Output\\ConsoleOutput))
#28 /Volumes/Home/moohard/Kerjaan-Kepegawaian/apel-app/vendor/laravel/framework/src/Illuminate/Foundation/Console/Kernel.php(198): Symfony\\Component\\Console\\Application->run(Object(Symfony\\Component\\Console\\Input\\ArgvInput), Object(Symfony\\Component\\Console\\Output\\ConsoleOutput))
#29 /Volumes/Home/moohard/Kerjaan-Kepegawaian/apel-app/vendor/laravel/framework/src/Illuminate/Foundation/Application.php(1235): Illuminate\\Foundation\\Console\\Kernel->handle(Object(Symfony\\Component\\Console\\Input\\ArgvInput), Object(Symfony\\Component\\Console\\Output\\ConsoleOutput))
#30 /Volumes/Home/moohard/Kerjaan-Kepegawaian/apel-app/artisan(16): Illuminate\\Foundation\\Application->handleCommand(Object(Symfony\\Component\\Console\\Input\\ArgvInput))
#31 {main}

[previous exception] [object] (PDOException(code: 2002): SQLSTATE[HY000] [2002] Connection refused at /Volumes/Home/moohard/Kerjaan-Kepegawaian/apel-app/vendor/laravel/framework/src/Illuminate/Database/Connectors/Connector.php:67)
[stacktrace]
#0 /Volumes/Home/moohard/Kerjaan-Kepegawaian/apel-app/vendor/laravel/framework/src/Illuminate/Database/Connectors/Connector.php(67): PDO::connect('mysql:host=127....', 'root', Object(SensitiveParameterValue), Array)
#1 /Volumes/Home/moohard/Kerjaan-Kepegawaian/apel-app/vendor/laravel/framework/src/Illuminate/Database/Connectors/Connector.php(85): Illuminate\\Database\\Connectors\\Connector->createPdoConnection('mysql:host=127....', 'root', Object(SensitiveParameterValue), Array)
#2 /Volumes/Home/moohard/Kerjaan-Kepegawaian/apel-app/vendor/laravel/framework/src/Illuminate/Database/Connectors/Connector.php(48): Illuminate\\Database\\Connectors\\Connector->tryAgainIfCausedByLostConnection(Object(PDOException), 'mysql:host=127....', 'root', Object(SensitiveParameterValue), Array)
#3 /Volumes/Home/moohard/Kerjaan-Kepegawaian/apel-app/vendor/laravel/framework/src/Illuminate/Database/Connectors/MySqlConnector.php(24): Illuminate\\Database\\Connectors\\Connector->createConnection('mysql:host=127....', Array, Array)
#4 /Volumes/Home/moohard/Kerjaan-Kepegawaian/apel-app/vendor/laravel/framework/src/Illuminate/Database/Connectors/ConnectionFactory.php(184): Illuminate\\Database\\Connectors\\MySqlConnector->connect(Array)
#5 [internal function]: Illuminate\\Database\\Connectors\\ConnectionFactory->{closure:Illuminate\\Database\\Connectors\\ConnectionFactory::createPdoResolverWithHosts():179}()
#6 /Volumes/Home/moohard/Kerjaan-Kepegawaian/apel-app/vendor/laravel/framework/src/Illuminate/Database/Connection.php(1236): call_user_func(Object(Closure))
#7 /Volumes/Home/moohard/Kerjaan-Kepegawaian/apel-app/vendor/laravel/framework/src/Illuminate/Database/Connection.php(1272): Illuminate\\Database\\Connection->getPdo()
#8 /Volumes/Home/moohard/Kerjaan-Kepegawaian/apel-app/vendor/laravel/framework/src/Illuminate/Database/Connection.php(511): Illuminate\\Database\\Connection->getReadPdo()
#9 /Volumes/Home/moohard/Kerjaan-Kepegawaian/apel-app/vendor/laravel/framework/src/Illuminate/Database/Connection.php(406): Illuminate\\Database\\Connection->getPdoForSelect(true)
#10 /Volumes/Home/moohard/Kerjaan-Kepegawaian/apel-app/vendor/laravel/framework/src/Illuminate/Database/Connection.php(813): Illuminate\\Database\\Connection->{closure:Illuminate\\Database\\Connection::select():397}('select exists (...', Array)
#11 /Volumes/Home/moohard/Kerjaan-Kepegawaian/apel-app/vendor/laravel/framework/src/Illuminate/Database/Connection.php(980): Illuminate\\Database\\Connection->runQueryCallback('select exists (...', Array, Object(Closure))
#12 /Volumes/Home/moohard/Kerjaan-Kepegawaian/apel-app/vendor/laravel/framework/src/Illuminate/Database/Connection.php(959): Illuminate\\Database\\Connection->tryAgainIfCausedByLostConnection(Object(Illuminate\\Database\\QueryException), 'select exists (...', Array, Object(Closure))
#13 /Volumes/Home/moohard/Kerjaan-Kepegawaian/apel-app/vendor/laravel/framework/src/Illuminate/Database/Connection.php(782): Illuminate\\Database\\Connection->handleQueryException(Object(Illuminate\\Database\\QueryException), 'select exists (...', Array, Object(Closure))
#14 /Volumes/Home/moohard/Kerjaan-Kepegawaian/apel-app/vendor/laravel/framework/src/Illuminate/Database/Connection.php(397): Illuminate\\Database\\Connection->run('select exists (...', Array, Object(Closure))
#15 /Volumes/Home/moohard/Kerjaan-Kepegawaian/apel-app/vendor/laravel/framework/src/Illuminate/Database/Connection.php(343): Illuminate\\Database\\Connection->select('select exists (...', Array, true)
#16 /Volumes/Home/moohard/Kerjaan-Kepegawaian/apel-app/vendor/laravel/framework/src/Illuminate/Database/Connection.php(360): Illuminate\\Database\\Connection->selectOne('select exists (...', Array, true)
#17 /Volumes/Home/moohard/Kerjaan-Kepegawaian/apel-app/vendor/laravel/framework/src/Illuminate/Database/Schema/Builder.php(174): Illuminate\\Database\\Connection->scalar('select exists (...')
#18 /Volumes/Home/moohard/Kerjaan-Kepegawaian/apel-app/vendor/laravel/framework/src/Illuminate/Database/Migrations/DatabaseMigrationRepository.php(185): Illuminate\\Database\\Schema\\Builder->hasTable('migrations')
#19 /Volumes/Home/moohard/Kerjaan-Kepegawaian/apel-app/vendor/laravel/framework/src/Illuminate/Database/Migrations/Migrator.php(756): Illuminate\\Database\\Migrations\\DatabaseMigrationRepository->repositoryExists()
#20 /Volumes/Home/moohard/Kerjaan-Kepegawaian/apel-app/vendor/laravel/framework/src/Illuminate/Database/Console/Migrations/MigrateCommand.php(164): Illuminate\\Database\\Migrations\\Migrator->repositoryExists()
#21 /Volumes/Home/moohard/Kerjaan-Kepegawaian/apel-app/vendor/laravel/framework/src/Illuminate/Support/helpers.php(329): Illuminate\\Database\\Console\\Migrations\\MigrateCommand->{closure:Illuminate\\Database\\Console\\Migrations\\MigrateCommand::repositoryExists():164}(1)
#22 /Volumes/Home/moohard/Kerjaan-Kepegawaian/apel-app/vendor/laravel/framework/src/Illuminate/Database/Console/Migrations/MigrateCommand.php(164): retry(1, Object(Closure), 0, Object(Closure))
#23 /Volumes/Home/moohard/Kerjaan-Kepegawaian/apel-app/vendor/laravel/framework/src/Illuminate/Database/Console/Migrations/MigrateCommand.php(140): Illuminate\\Database\\Console\\Migrations\\MigrateCommand->repositoryExists()
#24 /Volumes/Home/moohard/Kerjaan-Kepegawaian/apel-app/vendor/laravel/framework/src/Illuminate/Database/Console/Migrations/MigrateCommand.php(110): Illuminate\\Database\\Console\\Migrations\\MigrateCommand->prepareDatabase()
#25 /Volumes/Home/moohard/Kerjaan-Kepegawaian/apel-app/vendor/laravel/framework/src/Illuminate/Database/Migrations/Migrator.php(669): Illuminate\\Database\\Console\\Migrations\\MigrateCommand->{closure:Illuminate\\Database\\Console\\Migrations\\MigrateCommand::runMigrations():109}()
#26 /Volumes/Home/moohard/Kerjaan-Kepegawaian/apel-app/vendor/laravel/framework/src/Illuminate/Database/Console/Migrations/MigrateCommand.php(109): Illuminate\\Database\\Migrations\\Migrator->usingConnection(NULL, Object(Closure))
#27 /Volumes/Home/moohard/Kerjaan-Kepegawaian/apel-app/vendor/laravel/framework/src/Illuminate/Database/Console/Migrations/MigrateCommand.php(88): Illuminate\\Database\\Console\\Migrations\\MigrateCommand->runMigrations()
#28 /Volumes/Home/moohard/Kerjaan-Kepegawaian/apel-app/vendor/laravel/framework/src/Illuminate/Container/BoundMethod.php(36): Illuminate\\Database\\Console\\Migrations\\MigrateCommand->handle()
#29 /Volumes/Home/moohard/Kerjaan-Kepegawaian/apel-app/vendor/laravel/framework/src/Illuminate/Container/Util.php(43): Illuminate\\Container\\BoundMethod::{closure:Illuminate\\Container\\BoundMethod::call():35}()
#30 /Volumes/Home/moohard/Kerjaan-Kepegawaian/apel-app/vendor/laravel/framework/src/Illuminate/Container/BoundMethod.php(96): Illuminate\\Container\\Util::unwrapIfClosure(Object(Closure))
#31 /Volumes/Home/moohard/Kerjaan-Kepegawaian/apel-app/vendor/laravel/framework/src/Illuminate/Container/BoundMethod.php(35): Illuminate\\Container\\BoundMethod::callBoundMethod(Object(Illuminate\\Foundation\\Application), Array, Object(Closure))
#32 /Volumes/Home/moohard/Kerjaan-Kepegawaian/apel-app/vendor/laravel/framework/src/Illuminate/Container/Container.php(799): Illuminate\\Container\\BoundMethod::call(Object(Illuminate\\Foundation\\Application), Array, Array, NULL)
#33 /Volumes/Home/moohard/Kerjaan-Kepegawaian/apel-app/vendor/laravel/framework/src/Illuminate/Console/Command.php(211): Illuminate\\Container\\Container->call(Array)
#34 /Volumes/Home/moohard/Kerjaan-Kepegawaian/apel-app/vendor/symfony/console/Command/Command.php(341): Illuminate\\Console\\Command->execute(Object(Symfony\\Component\\Console\\Input\\ArgvInput), Object(Illuminate\\Console\\OutputStyle))
#35 /Volumes/Home/moohard/Kerjaan-Kepegawaian/apel-app/vendor/laravel/framework/src/Illuminate/Console/Command.php(180): Symfony\\Component\\Console\\Command\\Command->run(Object(Symfony\\Component\\Console\\Input\\ArgvInput), Object(Illuminate\\Console\\OutputStyle))
#36 /Volumes/Home/moohard/Kerjaan-Kepegawaian/apel-app/vendor/symfony/console/Application.php(1102): Illuminate\\Console\\Command->run(Object(Symfony\\Component\\Console\\Input\\ArgvInput), Object(Symfony\\Component\\Console\\Output\\ConsoleOutput))
#37 /Volumes/Home/moohard/Kerjaan-Kepegawaian/apel-app/vendor/symfony/console/Application.php(356): Symfony\\Component\\Console\\Application->doRunCommand(Object(Illuminate\\Database\\Console\\Migrations\\MigrateCommand), Object(Symfony\\Component\\Console\\Input\\ArgvInput), Object(Symfony\\Component\\Console\\Output\\ConsoleOutput))
#38 /Volumes/Home/moohard/Kerjaan-Kepegawaian/apel-app/vendor/symfony/console/Application.php(195): Symfony\\Component\\Console\\Application->doRun(Object(Symfony\\Component\\Console\\Input\\ArgvInput), Object(Symfony\\Component\\Console\\Output\\ConsoleOutput))
#39 /Volumes/Home/moohard/Kerjaan-Kepegawaian/apel-app/vendor/laravel/framework/src/Illuminate/Foundation/Console/Kernel.php(198): Symfony\\Component\\Console\\Application->run(Object(Symfony\\Component\\Console\\Input\\ArgvInput), Object(Symfony\\Component\\Console\\Output\\ConsoleOutput))
#40 /Volumes/Home/moohard/Kerjaan-Kepegawaian/apel-app/vendor/laravel/framework/src/Illuminate/Foundation/Application.php(1235): Illuminate\\Foundation\\Console\\Kernel->handle(Object(Symfony\\Component\\Console\\Input\\ArgvInput), Object(Symfony\\Component\\Console\\Output\\ConsoleOutput))
#41 /Volumes/Home/moohard/Kerjaan-Kepegawaian/apel-app/artisan(16): Illuminate\\Foundation\\Application->handleCommand(Object(Symfony\\Component\\Console\\Input\\ArgvInput))
#42 {main}
"} 
[2026-01-12 05:49:18] local.ERROR: Class "Redis" not found {"exception":"[object] (Error(code: 0): Class \"Redis\" not found at /Volumes/Home/moohard/Kerjaan-Kepegawaian/apel-app/vendor/laravel/framework/src/Illuminate/Redis/Connectors/PhpRedisConnector.php:80)
[stacktrace]
#0 /Volumes/Home/moohard/Kerjaan-Kepegawaian/apel-app/vendor/laravel/framework/src/Illuminate/Redis/Connectors/PhpRedisConnector.php(34): Illuminate\\Redis\\Connectors\\PhpRedisConnector->createClient(Array)
#1 /Volumes/Home/moohard/Kerjaan-Kepegawaian/apel-app/vendor/laravel/framework/src/Illuminate/Redis/Connectors/PhpRedisConnector.php(39): Illuminate\\Redis\\Connectors\\PhpRedisConnector->{closure:Illuminate\\Redis\\Connectors\\PhpRedisConnector::connect():33}()
#2 /Volumes/Home/moohard/Kerjaan-Kepegawaian/apel-app/vendor/laravel/framework/src/Illuminate/Redis/RedisManager.php(111): Illuminate\\Redis\\Connectors\\PhpRedisConnector->connect(Array, Array)
#3 /Volumes/Home/moohard/Kerjaan-Kepegawaian/apel-app/vendor/laravel/framework/src/Illuminate/Redis/RedisManager.php(92): Illuminate\\Redis\\RedisManager->resolve('default')
#4 /Volumes/Home/moohard/Kerjaan-Kepegawaian/apel-app/vendor/laravel/framework/src/Illuminate/Cache/RedisStore.php(368): Illuminate\\Redis\\RedisManager->connection('default')
#5 /Volumes/Home/moohard/Kerjaan-Kepegawaian/apel-app/vendor/laravel/framework/src/Illuminate/Cache/RedisStore.php(71): Illuminate\\Cache\\RedisStore->connection()
#6 /Volumes/Home/moohard/Kerjaan-Kepegawaian/apel-app/vendor/laravel/framework/src/Illuminate/Cache/Repository.php(119): Illuminate\\Cache\\RedisStore->get('YHABAE21qAN73nH...')
#7 /Volumes/Home/moohard/Kerjaan-Kepegawaian/apel-app/vendor/laravel/framework/src/Illuminate/Session/CacheBasedSessionHandler.php(63): Illuminate\\Cache\\Repository->get('YHABAE21qAN73nH...', '')
#8 /Volumes/Home/moohard/Kerjaan-Kepegawaian/apel-app/vendor/laravel/framework/src/Illuminate/Session/Store.php(117): Illuminate\\Session\\CacheBasedSessionHandler->read('YHABAE21qAN73nH...')
#9 /Volumes/Home/moohard/Kerjaan-Kepegawaian/apel-app/vendor/laravel/framework/src/Illuminate/Session/Store.php(105): Illuminate\\Session\\Store->readFromHandler()
#10 /Volumes/Home/moohard/Kerjaan-Kepegawaian/apel-app/vendor/laravel/framework/src/Illuminate/Session/Store.php(89): Illuminate\\Session\\Store->loadSession()
#11 /Volumes/Home/moohard/Kerjaan-Kepegawaian/apel-app/vendor/laravel/framework/src/Illuminate/Session/Middleware/StartSession.php(146): Illuminate\\Session\\Store->start()
#12 /Volumes/Home/moohard/Kerjaan-Kepegawaian/apel-app/vendor/laravel/framework/src/Illuminate/Support/helpers.php(390): Illuminate\\Session\\Middleware\\StartSession->{closure:Illuminate\\Session\\Middleware\\StartSession::startSession():143}(Object(Illuminate\\Session\\Store))
#13 /Volumes/Home/moohard/Kerjaan-Kepegawaian/apel-app/vendor/laravel/framework/src/Illuminate/Session/Middleware/StartSession.php(143): tap(Object(Illuminate\\Session\\Store), Object(Closure))
#14 /Volumes/Home/moohard/Kerjaan-Kepegawaian/apel-app/vendor/laravel/framework/src/Illuminate/Session/Middleware/StartSession.php(115): Illuminate\\Session\\Middleware\\StartSession->startSession(Object(Illuminate\\Http\\Request), Object(Illuminate\\Session\\Store))
#15 /Volumes/Home/moohard/Kerjaan-Kepegawaian/apel-app/vendor/laravel/framework/src/Illuminate/Session/Middleware/StartSession.php(63): Illuminate\\Session\\Middleware\\StartSession->handleStatefulRequest(Object(Illuminate\\Http\\Request), Object(Illuminate\\Session\\Store), Object(Closure))
#16 /Volumes/Home/moohard/Kerjaan-Kepegawaian/apel-app/vendor/laravel/framework/src/Illuminate/Pipeline/Pipeline.php(219): Illuminate\\Session\\Middleware\\StartSession->handle(Object(Illuminate\\Http\\Request), Object(Closure))
#17 /Volumes/Home/moohard/Kerjaan-Kepegawaian/apel-app/vendor/laravel/framework/src/Illuminate/Cookie/Middleware/AddQueuedCookiesToResponse.php(36): Illuminate\\Pipeline\\Pipeline->{closure:{closure:Illuminate\\Pipeline\\Pipeline::carry():194}:195}(Object(Illuminate\\Http\\Request))
#18 /Volumes/Home/moohard/Kerjaan-Kepegawaian/apel-app/vendor/laravel/framework/src/Illuminate/Pipeline/Pipeline.php(219): Illuminate\\Cookie\\Middleware\\AddQueuedCookiesToResponse->handle(Object(Illuminate\\Http\\Request), Object(Closure))
#19 /Volumes/Home/moohard/Kerjaan-Kepegawaian/apel-app/vendor/laravel/framework/src/Illuminate/Cookie/Middleware/EncryptCookies.php(74): Illuminate\\Pipeline\\Pipeline->{closure:{closure:Illuminate\\Pipeline\\Pipeline::carry():194}:195}(Object(Illuminate\\Http\\Request))
#20 /Volumes/Home/moohard/Kerjaan-Kepegawaian/apel-app/vendor/laravel/framework/src/Illuminate/Pipeline/Pipeline.php(219): Illuminate\\Cookie\\Middleware\\EncryptCookies->handle(Object(Illuminate\\Http\\Request), Object(Closure))
#21 /Volumes/Home/moohard/Kerjaan-Kepegawaian/apel-app/vendor/laravel/framework/src/Illuminate/Pipeline/Pipeline.php(137): Illuminate\\Pipeline\\Pipeline->{closure:{closure:Illuminate\\Pipeline\\Pipeline::carry():194}:195}(Object(Illuminate\\Http\\Request))
#22 /Volumes/Home/moohard/Kerjaan-Kepegawaian/apel-app/vendor/laravel/framework/src/Illuminate/Routing/Router.php(821): Illuminate\\Pipeline\\Pipeline->then(Object(Closure))
#23 /Volumes/Home/moohard/Kerjaan-Kepegawaian/apel-app/vendor/laravel/framework/src/Illuminate/Routing/Router.php(800): Illuminate\\Routing\\Router->runRouteWithinStack(Object(Illuminate\\Routing\\Route), Object(Illuminate\\Http\\Request))
#24 /Volumes/Home/moohard/Kerjaan-Kepegawaian/apel-app/vendor/laravel/framework/src/Illuminate/Routing/Router.php(764): Illuminate\\Routing\\Router->runRoute(Object(Illuminate\\Http\\Request), Object(Illuminate\\Routing\\Route))
#25 /Volumes/Home/moohard/Kerjaan-Kepegawaian/apel-app/vendor/laravel/framework/src/Illuminate/Routing/Router.php(753): Illuminate\\Routing\\Router->dispatchToRoute(Object(Illuminate\\Http\\Request))
#26 /Volumes/Home/moohard/Kerjaan-Kepegawaian/apel-app/vendor/laravel/framework/src/Illuminate/Foundation/Http/Kernel.php(200): Illuminate\\Routing\\Router->dispatch(Object(Illuminate\\Http\\Request))
#27 /Volumes/Home/moohard/Kerjaan-Kepegawaian/apel-app/vendor/laravel/framework/src/Illuminate/Pipeline/Pipeline.php(180): Illuminate\\Foundation\\Http\\Kernel->{closure:Illuminate\\Foundation\\Http\\Kernel::dispatchToRouter():197}(Object(Illuminate\\Http\\Request))
#28 /Volumes/Home/moohard/Kerjaan-Kepegawaian/apel-app/vendor/laravel/framework/src/Illuminate/Foundation/Http/Middleware/TransformsRequest.php(21): Illuminate\\Pipeline\\Pipeline->{closure:Illuminate\\Pipeline\\Pipeline::prepareDestination():178}(Object(Illuminate\\Http\\Request))
#29 /Volumes/Home/moohard/Kerjaan-Kepegawaian/apel-app/vendor/laravel/framework/src/Illuminate/Foundation/Http/Middleware/ConvertEmptyStringsToNull.php(31): Illuminate\\Foundation\\Http\\Middleware\\TransformsRequest->handle(Object(Illuminate\\Http\\Request), Object(Closure))
#30 /Volumes/Home/moohard/Kerjaan-Kepegawaian/apel-app/vendor/laravel/framework/src/Illuminate/Pipeline/Pipeline.php(219): Illuminate\\Foundation\\Http\\Middleware\\ConvertEmptyStringsToNull->handle(Object(Illuminate\\Http\\Request), Object(Closure))
#31 /Volumes/Home/moohard/Kerjaan-Kepegawaian/apel-app/vendor/laravel/framework/src/Illuminate/Foundation/Http/Middleware/TransformsRequest.php(21): Illuminate\\Pipeline\\Pipeline->{closure:{closure:Illuminate\\Pipeline\\Pipeline::carry():194}:195}(Object(Illuminate\\Http\\Request))
#32 /Volumes/Home/moohard/Kerjaan-Kepegawaian/apel-app/vendor/laravel/framework/src/Illuminate/Foundation/Http/Middleware/TrimStrings.php(51): Illuminate\\Foundation\\Http\\Middleware\\TransformsRequest->handle(Object(Illuminate\\Http\\Request), Object(Closure))
#33 /Volumes/Home/moohard/Kerjaan-Kepegawaian/apel-app/vendor/laravel/framework/src/Illuminate/Pipeline/Pipeline.php(219): Illuminate\\Foundation\\Http\\Middleware\\TrimStrings->handle(Object(Illuminate\\Http\\Request), Object(Closure))
#34 /Volumes/Home/moohard/Kerjaan-Kepegawaian/apel-app/vendor/laravel/framework/src/Illuminate/Http/Middleware/ValidatePostSize.php(27): Illuminate\\Pipeline\\Pipeline->{closure:{closure:Illuminate\\Pipeline\\Pipeline::carry():194}:195}(Object(Illuminate\\Http\\Request))
#35 /Volumes/Home/moohard/Kerjaan-Kepegawaian/apel-app/vendor/laravel/framework/src/Illuminate/Pipeline/Pipeline.php(219): Illuminate\\Http\\Middleware\\ValidatePostSize->handle(Object(Illuminate\\Http\\Request), Object(Closure))
#36 /Volumes/Home/moohard/Kerjaan-Kepegawaian/apel-app/vendor/laravel/framework/src/Illuminate/Foundation/Http/Middleware/PreventRequestsDuringMaintenance.php(109): Illuminate\\Pipeline\\Pipeline->{closure:{closure:Illuminate\\Pipeline\\Pipeline::carry():194}:195}(Object(Illuminate\\Http\\Request))
#37 /Volumes/Home/moohard/Kerjaan-Kepegawaian/apel-app/vendor/laravel/framework/src/Illuminate/Pipeline/Pipeline.php(219): Illuminate\\Foundation\\Http\\Middleware\\PreventRequestsDuringMaintenance->handle(Object(Illuminate\\Http\\Request), Object(Closure))
#38 /Volumes/Home/moohard/Kerjaan-Kepegawaian/apel-app/vendor/laravel/framework/src/Illuminate/Http/Middleware/HandleCors.php(48): Illuminate\\Pipeline\\Pipeline->{closure:{closure:Illuminate\\Pipeline\\Pipeline::carry():194}:195}(Object(Illuminate\\Http\\Request))
#39 /Volumes/Home/moohard/Kerjaan-Kepegawaian/apel-app/vendor/laravel/framework/src/Illuminate/Pipeline/Pipeline.php(219): Illuminate\\Http\\Middleware\\HandleCors->handle(Object(Illuminate\\Http\\Request), Object(Closure))
#40 /Volumes/Home/moohard/Kerjaan-Kepegawaian/apel-app/vendor/laravel/framework/src/Illuminate/Http/Middleware/TrustProxies.php(58): Illuminate\\Pipeline\\Pipeline->{closure:{closure:Illuminate\\Pipeline\\Pipeline::carry():194}:195}(Object(Illuminate\\Http\\Request))
#41 /Volumes/Home/moohard/Kerjaan-Kepegawaian/apel-app/vendor/laravel/framework/src/Illuminate/Pipeline/Pipeline.php(219): Illuminate\\Http\\Middleware\\TrustProxies->handle(Object(Illuminate\\Http\\Request), Object(Closure))
#42 /Volumes/Home/moohard/Kerjaan-Kepegawaian/apel-app/vendor/laravel/framework/src/Illuminate/Foundation/Http/Middleware/InvokeDeferredCallbacks.php(22): Illuminate\\Pipeline\\Pipeline->{closure:{closure:Illuminate\\Pipeline\\Pipeline::carry():194}:195}(Object(Illuminate\\Http\\Request))
#43 /Volumes/Home/moohard/Kerjaan-Kepegawaian/apel-app/vendor/laravel/framework/src/Illuminate/Pipeline/Pipeline.php(219): Illuminate\\Foundation\\Http\\Middleware\\InvokeDeferredCallbacks->handle(Object(Illuminate\\Http\\Request), Object(Closure))
#44 /Volumes/Home/moohard/Kerjaan-Kepegawaian/apel-app/vendor/laravel/framework/src/Illuminate/Http/Middleware/ValidatePathEncoding.php(26): Illuminate\\Pipeline\\Pipeline->{closure:{closure:Illuminate\\Pipeline\\Pipeline::carry():194}:195}(Object(Illuminate\\Http\\Request))
#45 /Volumes/Home/moohard/Kerjaan-Kepegawaian/apel-app/vendor/laravel/framework/src/Illuminate/Pipeline/Pipeline.php(219): Illuminate\\Http\\Middleware\\ValidatePathEncoding->handle(Object(Illuminate\\Http\\Request), Object(Closure))
#46 /Volumes/Home/moohard/Kerjaan-Kepegawaian/apel-app/vendor/laravel/framework/src/Illuminate/Pipeline/Pipeline.php(137): Illuminate\\Pipeline\\Pipeline->{closure:{closure:Illuminate\\Pipeline\\Pipeline::carry():194}:195}(Object(Illuminate\\Http\\Request))
#47 /Volumes/Home/moohard/Kerjaan-Kepegawaian/apel-app/vendor/laravel/framework/src/Illuminate/Foundation/Http/Kernel.php(175): Illuminate\\Pipeline\\Pipeline->then(Object(Closure))
#48 /Volumes/Home/moohard/Kerjaan-Kepegawaian/apel-app/vendor/laravel/framework/src/Illuminate/Foundation/Http/Kernel.php(144): Illuminate\\Foundation\\Http\\Kernel->sendRequestThroughRouter(Object(Illuminate\\Http\\Request))
#49 /Volumes/Home/moohard/Kerjaan-Kepegawaian/apel-app/vendor/laravel/framework/src/Illuminate/Foundation/Application.php(1220): Illuminate\\Foundation\\Http\\Kernel->handle(Object(Illuminate\\Http\\Request))
#50 /Volumes/Home/moohard/Kerjaan-Kepegawaian/apel-app/public/index.php(20): Illuminate\\Foundation\\Application->handleRequest(Object(Illuminate\\Http\\Request))
#51 /Volumes/Home/moohard/Kerjaan-Kepegawaian/apel-app/vendor/laravel/framework/src/Illuminate/Foundation/resources/server.php(23): require_once('/Volumes/Home/m...')
#52 {main}
"} 
[2026-01-12 05:50:29] local.ERROR: Class "Redis" not found {"exception":"[object] (Error(code: 0): Class \"Redis\" not found at /Volumes/Home/moohard/Kerjaan-Kepegawaian/apel-app/vendor/laravel/framework/src/Illuminate/Redis/Connectors/PhpRedisConnector.php:80)
[stacktrace]
#0 /Volumes/Home/moohard/Kerjaan-Kepegawaian/apel-app/vendor/laravel/framework/src/Illuminate/Redis/Connectors/PhpRedisConnector.php(34): Illuminate\\Redis\\Connectors\\PhpRedisConnector->createClient(Array)
#1 /Volumes/Home/moohard/Kerjaan-Kepegawaian/apel-app/vendor/laravel/framework/src/Illuminate/Redis/Connectors/PhpRedisConnector.php(39): Illuminate\\Redis\\Connectors\\PhpRedisConnector->{closure:Illuminate\\Redis\\Connectors\\PhpRedisConnector::connect():33}()
#2 /Volumes/Home/moohard/Kerjaan-Kepegawaian/apel-app/vendor/laravel/framework/src/Illuminate/Redis/RedisManager.php(111): Illuminate\\Redis\\Connectors\\PhpRedisConnector->connect(Array, Array)
#3 /Volumes/Home/moohard/Kerjaan-Kepegawaian/apel-app/vendor/laravel/framework/src/Illuminate/Redis/RedisManager.php(92): Illuminate\\Redis\\RedisManager->resolve('default')
#4 /Volumes/Home/moohard/Kerjaan-Kepegawaian/apel-app/vendor/laravel/framework/src/Illuminate/Cache/RedisStore.php(368): Illuminate\\Redis\\RedisManager->connection('default')
#5 /Volumes/Home/moohard/Kerjaan-Kepegawaian/apel-app/vendor/laravel/framework/src/Illuminate/Cache/RedisStore.php(71): Illuminate\\Cache\\RedisStore->connection()
#6 /Volumes/Home/moohard/Kerjaan-Kepegawaian/apel-app/vendor/laravel/framework/src/Illuminate/Cache/Repository.php(119): Illuminate\\Cache\\RedisStore->get('TI5QlOPvXtbEI2u...')
#7 /Volumes/Home/moohard/Kerjaan-Kepegawaian/apel-app/vendor/laravel/framework/src/Illuminate/Session/CacheBasedSessionHandler.php(63): Illuminate\\Cache\\Repository->get('TI5QlOPvXtbEI2u...', '')
#8 /Volumes/Home/moohard/Kerjaan-Kepegawaian/apel-app/vendor/laravel/framework/src/Illuminate/Session/Store.php(117): Illuminate\\Session\\CacheBasedSessionHandler->read('TI5QlOPvXtbEI2u...')
#9 /Volumes/Home/moohard/Kerjaan-Kepegawaian/apel-app/vendor/laravel/framework/src/Illuminate/Session/Store.php(105): Illuminate\\Session\\Store->readFromHandler()
#10 /Volumes/Home/moohard/Kerjaan-Kepegawaian/apel-app/vendor/laravel/framework/src/Illuminate/Session/Store.php(89): Illuminate\\Session\\Store->loadSession()
#11 /Volumes/Home/moohard/Kerjaan-Kepegawaian/apel-app/vendor/laravel/framework/src/Illuminate/Session/Middleware/StartSession.php(146): Illuminate\\Session\\Store->start()
#12 /Volumes/Home/moohard/Kerjaan-Kepegawaian/apel-app/vendor/laravel/framework/src/Illuminate/Support/helpers.php(390): Illuminate\\Session\\Middleware\\StartSession->{closure:Illuminate\\Session\\Middleware\\StartSession::startSession():143}(Object(Illuminate\\Session\\Store))
#13 /Volumes/Home/moohard/Kerjaan-Kepegawaian/apel-app/vendor/laravel/framework/src/Illuminate/Session/Middleware/StartSession.php(143): tap(Object(Illuminate\\Session\\Store), Object(Closure))
#14 /Volumes/Home/moohard/Kerjaan-Kepegawaian/apel-app/vendor/laravel/framework/src/Illuminate/Session/Middleware/StartSession.php(115): Illuminate\\Session\\Middleware\\StartSession->startSession(Object(Illuminate\\Http\\Request), Object(Illuminate\\Session\\Store))
#15 /Volumes/Home/moohard/Kerjaan-Kepegawaian/apel-app/vendor/laravel/framework/src/Illuminate/Session/Middleware/StartSession.php(63): Illuminate\\Session\\Middleware\\StartSession->handleStatefulRequest(Object(Illuminate\\Http\\Request), Object(Illuminate\\Session\\Store), Object(Closure))
#16 /Volumes/Home/moohard/Kerjaan-Kepegawaian/apel-app/vendor/laravel/framework/src/Illuminate/Pipeline/Pipeline.php(219): Illuminate\\Session\\Middleware\\StartSession->handle(Object(Illuminate\\Http\\Request), Object(Closure))
#17 /Volumes/Home/moohard/Kerjaan-Kepegawaian/apel-app/vendor/laravel/framework/src/Illuminate/Cookie/Middleware/AddQueuedCookiesToResponse.php(36): Illuminate\\Pipeline\\Pipeline->{closure:{closure:Illuminate\\Pipeline\\Pipeline::carry():194}:195}(Object(Illuminate\\Http\\Request))
#18 /Volumes/Home/moohard/Kerjaan-Kepegawaian/apel-app/vendor/laravel/framework/src/Illuminate/Pipeline/Pipeline.php(219): Illuminate\\Cookie\\Middleware\\AddQueuedCookiesToResponse->handle(Object(Illuminate\\Http\\Request), Object(Closure))
#19 /Volumes/Home/moohard/Kerjaan-Kepegawaian/apel-app/vendor/laravel/framework/src/Illuminate/Cookie/Middleware/EncryptCookies.php(74): Illuminate\\Pipeline\\Pipeline->{closure:{closure:Illuminate\\Pipeline\\Pipeline::carry():194}:195}(Object(Illuminate\\Http\\Request))
#20 /Volumes/Home/moohard/Kerjaan-Kepegawaian/apel-app/vendor/laravel/framework/src/Illuminate/Pipeline/Pipeline.php(219): Illuminate\\Cookie\\Middleware\\EncryptCookies->handle(Object(Illuminate\\Http\\Request), Object(Closure))
#21 /Volumes/Home/moohard/Kerjaan-Kepegawaian/apel-app/vendor/laravel/framework/src/Illuminate/Pipeline/Pipeline.php(137): Illuminate\\Pipeline\\Pipeline->{closure:{closure:Illuminate\\Pipeline\\Pipeline::carry():194}:195}(Object(Illuminate\\Http\\Request))
#22 /Volumes/Home/moohard/Kerjaan-Kepegawaian/apel-app/vendor/laravel/framework/src/Illuminate/Routing/Router.php(821): Illuminate\\Pipeline\\Pipeline->then(Object(Closure))
#23 /Volumes/Home/moohard/Kerjaan-Kepegawaian/apel-app/vendor/laravel/framework/src/Illuminate/Routing/Router.php(800): Illuminate\\Routing\\Router->runRouteWithinStack(Object(Illuminate\\Routing\\Route), Object(Illuminate\\Http\\Request))
#24 /Volumes/Home/moohard/Kerjaan-Kepegawaian/apel-app/vendor/laravel/framework/src/Illuminate/Routing/Router.php(764): Illuminate\\Routing\\Router->runRoute(Object(Illuminate\\Http\\Request), Object(Illuminate\\Routing\\Route))
#25 /Volumes/Home/moohard/Kerjaan-Kepegawaian/apel-app/vendor/laravel/framework/src/Illuminate/Routing/Router.php(753): Illuminate\\Routing\\Router->dispatchToRoute(Object(Illuminate\\Http\\Request))
#26 /Volumes/Home/moohard/Kerjaan-Kepegawaian/apel-app/vendor/laravel/framework/src/Illuminate/Foundation/Http/Kernel.php(200): Illuminate\\Routing\\Router->dispatch(Object(Illuminate\\Http\\Request))
#27 /Volumes/Home/moohard/Kerjaan-Kepegawaian/apel-app/vendor/laravel/framework/src/Illuminate/Pipeline/Pipeline.php(180): Illuminate\\Foundation\\Http\\Kernel->{closure:Illuminate\\Foundation\\Http\\Kernel::dispatchToRouter():197}(Object(Illuminate\\Http\\Request))
#28 /Volumes/Home/moohard/Kerjaan-Kepegawaian/apel-app/vendor/laravel/framework/src/Illuminate/Foundation/Http/Middleware/TransformsRequest.php(21): Illuminate\\Pipeline\\Pipeline->{closure:Illuminate\\Pipeline\\Pipeline::prepareDestination():178}(Object(Illuminate\\Http\\Request))
#29 /Volumes/Home/moohard/Kerjaan-Kepegawaian/apel-app/vendor/laravel/framework/src/Illuminate/Foundation/Http/Middleware/ConvertEmptyStringsToNull.php(31): Illuminate\\Foundation\\Http\\Middleware\\TransformsRequest->handle(Object(Illuminate\\Http\\Request), Object(Closure))
#30 /Volumes/Home/moohard/Kerjaan-Kepegawaian/apel-app/vendor/laravel/framework/src/Illuminate/Pipeline/Pipeline.php(219): Illuminate\\Foundation\\Http\\Middleware\\ConvertEmptyStringsToNull->handle(Object(Illuminate\\Http\\Request), Object(Closure))
#31 /Volumes/Home/moohard/Kerjaan-Kepegawaian/apel-app/vendor/laravel/framework/src/Illuminate/Foundation/Http/Middleware/TransformsRequest.php(21): Illuminate\\Pipeline\\Pipeline->{closure:{closure:Illuminate\\Pipeline\\Pipeline::carry():194}:195}(Object(Illuminate\\Http\\Request))
#32 /Volumes/Home/moohard/Kerjaan-Kepegawaian/apel-app/vendor/laravel/framework/src/Illuminate/Foundation/Http/Middleware/TrimStrings.php(51): Illuminate\\Foundation\\Http\\Middleware\\TransformsRequest->handle(Object(Illuminate\\Http\\Request), Object(Closure))
#33 /Volumes/Home/moohard/Kerjaan-Kepegawaian/apel-app/vendor/laravel/framework/src/Illuminate/Pipeline/Pipeline.php(219): Illuminate\\Foundation\\Http\\Middleware\\TrimStrings->handle(Object(Illuminate\\Http\\Request), Object(Closure))
#34 /Volumes/Home/moohard/Kerjaan-Kepegawaian/apel-app/vendor/laravel/framework/src/Illuminate/Http/Middleware/ValidatePostSize.php(27): Illuminate\\Pipeline\\Pipeline->{closure:{closure:Illuminate\\Pipeline\\Pipeline::carry():194}:195}(Object(Illuminate\\Http\\Request))
#35 /Volumes/Home/moohard/Kerjaan-Kepegawaian/apel-app/vendor/laravel/framework/src/Illuminate/Pipeline/Pipeline.php(219): Illuminate\\Http\\Middleware\\ValidatePostSize->handle(Object(Illuminate\\Http\\Request), Object(Closure))
#36 /Volumes/Home/moohard/Kerjaan-Kepegawaian/apel-app/vendor/laravel/framework/src/Illuminate/Foundation/Http/Middleware/PreventRequestsDuringMaintenance.php(109): Illuminate\\Pipeline\\Pipeline->{closure:{closure:Illuminate\\Pipeline\\Pipeline::carry():194}:195}(Object(Illuminate\\Http\\Request))
#37 /Volumes/Home/moohard/Kerjaan-Kepegawaian/apel-app/vendor/laravel/framework/src/Illuminate/Pipeline/Pipeline.php(219): Illuminate\\Foundation\\Http\\Middleware\\PreventRequestsDuringMaintenance->handle(Object(Illuminate\\Http\\Request), Object(Closure))
#38 /Volumes/Home/moohard/Kerjaan-Kepegawaian/apel-app/vendor/laravel/framework/src/Illuminate/Http/Middleware/HandleCors.php(48): Illuminate\\Pipeline\\Pipeline->{closure:{closure:Illuminate\\Pipeline\\Pipeline::carry():194}:195}(Object(Illuminate\\Http\\Request))
#39 /Volumes/Home/moohard/Kerjaan-Kepegawaian/apel-app/vendor/laravel/framework/src/Illuminate/Pipeline/Pipeline.php(219): Illuminate\\Http\\Middleware\\HandleCors->handle(Object(Illuminate\\Http\\Request), Object(Closure))
#40 /Volumes/Home/moohard/Kerjaan-Kepegawaian/apel-app/vendor/laravel/framework/src/Illuminate/Http/Middleware/TrustProxies.php(58): Illuminate\\Pipeline\\Pipeline->{closure:{closure:Illuminate\\Pipeline\\Pipeline::carry():194}:195}(Object(Illuminate\\Http\\Request))
#41 /Volumes/Home/moohard/Kerjaan-Kepegawaian/apel-app/vendor/laravel/framework/src/Illuminate/Pipeline/Pipeline.php(219): Illuminate\\Http\\Middleware\\TrustProxies->handle(Object(Illuminate\\Http\\Request), Object(Closure))
#42 /Volumes/Home/moohard/Kerjaan-Kepegawaian/apel-app/vendor/laravel/framework/src/Illuminate/Foundation/Http/Middleware/InvokeDeferredCallbacks.php(22): Illuminate\\Pipeline\\Pipeline->{closure:{closure:Illuminate\\Pipeline\\Pipeline::carry():194}:195}(Object(Illuminate\\Http\\Request))
#43 /Volumes/Home/moohard/Kerjaan-Kepegawaian/apel-app/vendor/laravel/framework/src/Illuminate/Pipeline/Pipeline.php(219): Illuminate\\Foundation\\Http\\Middleware\\InvokeDeferredCallbacks->handle(Object(Illuminate\\Http\\Request), Object(Closure))
#44 /Volumes/Home/moohard/Kerjaan-Kepegawaian/apel-app/vendor/laravel/framework/src/Illuminate/Http/Middleware/ValidatePathEncoding.php(26): Illuminate\\Pipeline\\Pipeline->{closure:{closure:Illuminate\\Pipeline\\Pipeline::carry():194}:195}(Object(Illuminate\\Http\\Request))
#45 /Volumes/Home/moohard/Kerjaan-Kepegawaian/apel-app/vendor/laravel/framework/src/Illuminate/Pipeline/Pipeline.php(219): Illuminate\\Http\\Middleware\\ValidatePathEncoding->handle(Object(Illuminate\\Http\\Request), Object(Closure))
#46 /Volumes/Home/moohard/Kerjaan-Kepegawaian/apel-app/vendor/laravel/framework/src/Illuminate/Pipeline/Pipeline.php(137): Illuminate\\Pipeline\\Pipeline->{closure:{closure:Illuminate\\Pipeline\\Pipeline::carry():194}:195}(Object(Illuminate\\Http\\Request))
#47 /Volumes/Home/moohard/Kerjaan-Kepegawaian/apel-app/vendor/laravel/framework/src/Illuminate/Foundation/Http/Kernel.php(175): Illuminate\\Pipeline\\Pipeline->then(Object(Closure))
#48 /Volumes/Home/moohard/Kerjaan-Kepegawaian/apel-app/vendor/laravel/framework/src/Illuminate/Foundation/Http/Kernel.php(144): Illuminate\\Foundation\\Http\\Kernel->sendRequestThroughRouter(Object(Illuminate\\Http\\Request))
#49 /Volumes/Home/moohard/Kerjaan-Kepegawaian/apel-app/vendor/laravel/framework/src/Illuminate/Foundation/Application.php(1220): Illuminate\\Foundation\\Http\\Kernel->handle(Object(Illuminate\\Http\\Request))
#50 /Volumes/Home/moohard/Kerjaan-Kepegawaian/apel-app/public/index.php(20): Illuminate\\Foundation\\Application->handleRequest(Object(Illuminate\\Http\\Request))
#51 /Volumes/Home/moohard/Kerjaan-Kepegawaian/apel-app/vendor/laravel/framework/src/Illuminate/Foundation/resources/server.php(23): require_once('/Volumes/Home/m...')
#52 {main}
"} 
[2026-01-12 05:50:29] local.ERROR: Class "Redis" not found {"exception":"[object] (Error(code: 0): Class \"Redis\" not found at /Volumes/Home/moohard/Kerjaan-Kepegawaian/apel-app/vendor/laravel/framework/src/Illuminate/Redis/Connectors/PhpRedisConnector.php:80)
[stacktrace]
#0 /Volumes/Home/moohard/Kerjaan-Kepegawaian/apel-app/vendor/laravel/framework/src/Illuminate/Redis/Connectors/PhpRedisConnector.php(34): Illuminate\\Redis\\Connectors\\PhpRedisConnector->createClient(Array)
#1 /Volumes/Home/moohard/Kerjaan-Kepegawaian/apel-app/vendor/laravel/framework/src/Illuminate/Redis/Connectors/PhpRedisConnector.php(39): Illuminate\\Redis\\Connectors\\PhpRedisConnector->{closure:Illuminate\\Redis\\Connectors\\PhpRedisConnector::connect():33}()
#2 /Volumes/Home/moohard/Kerjaan-Kepegawaian/apel-app/vendor/laravel/framework/src/Illuminate/Redis/RedisManager.php(111): Illuminate\\Redis\\Connectors\\PhpRedisConnector->connect(Array, Array)
#3 /Volumes/Home/moohard/Kerjaan-Kepegawaian/apel-app/vendor/laravel/framework/src/Illuminate/Redis/RedisManager.php(92): Illuminate\\Redis\\RedisManager->resolve('default')
#4 /Volumes/Home/moohard/Kerjaan-Kepegawaian/apel-app/vendor/laravel/framework/src/Illuminate/Cache/RedisStore.php(368): Illuminate\\Redis\\RedisManager->connection('default')
#5 /Volumes/Home/moohard/Kerjaan-Kepegawaian/apel-app/vendor/laravel/framework/src/Illuminate/Cache/RedisStore.php(71): Illuminate\\Cache\\RedisStore->connection()
#6 /Volumes/Home/moohard/Kerjaan-Kepegawaian/apel-app/vendor/laravel/framework/src/Illuminate/Cache/Repository.php(119): Illuminate\\Cache\\RedisStore->get('xT3MVqSTbsCIa6q...')
#7 /Volumes/Home/moohard/Kerjaan-Kepegawaian/apel-app/vendor/laravel/framework/src/Illuminate/Session/CacheBasedSessionHandler.php(63): Illuminate\\Cache\\Repository->get('xT3MVqSTbsCIa6q...', '')
#8 /Volumes/Home/moohard/Kerjaan-Kepegawaian/apel-app/vendor/laravel/framework/src/Illuminate/Session/Store.php(117): Illuminate\\Session\\CacheBasedSessionHandler->read('xT3MVqSTbsCIa6q...')
#9 /Volumes/Home/moohard/Kerjaan-Kepegawaian/apel-app/vendor/laravel/framework/src/Illuminate/Session/Store.php(105): Illuminate\\Session\\Store->readFromHandler()
#10 /Volumes/Home/moohard/Kerjaan-Kepegawaian/apel-app/vendor/laravel/framework/src/Illuminate/Session/Store.php(89): Illuminate\\Session\\Store->loadSession()
#11 /Volumes/Home/moohard/Kerjaan-Kepegawaian/apel-app/vendor/laravel/framework/src/Illuminate/Session/Middleware/StartSession.php(146): Illuminate\\Session\\Store->start()
#12 /Volumes/Home/moohard/Kerjaan-Kepegawaian/apel-app/vendor/laravel/framework/src/Illuminate/Support/helpers.php(390): Illuminate\\Session\\Middleware\\StartSession->{closure:Illuminate\\Session\\Middleware\\StartSession::startSession():143}(Object(Illuminate\\Session\\Store))
#13 /Volumes/Home/moohard/Kerjaan-Kepegawaian/apel-app/vendor/laravel/framework/src/Illuminate/Session/Middleware/StartSession.php(143): tap(Object(Illuminate\\Session\\Store), Object(Closure))
#14 /Volumes/Home/moohard/Kerjaan-Kepegawaian/apel-app/vendor/laravel/framework/src/Illuminate/Session/Middleware/StartSession.php(115): Illuminate\\Session\\Middleware\\StartSession->startSession(Object(Illuminate\\Http\\Request), Object(Illuminate\\Session\\Store))
#15 /Volumes/Home/moohard/Kerjaan-Kepegawaian/apel-app/vendor/laravel/framework/src/Illuminate/Session/Middleware/StartSession.php(63): Illuminate\\Session\\Middleware\\StartSession->handleStatefulRequest(Object(Illuminate\\Http\\Request), Object(Illuminate\\Session\\Store), Object(Closure))
#16 /Volumes/Home/moohard/Kerjaan-Kepegawaian/apel-app/vendor/laravel/framework/src/Illuminate/Pipeline/Pipeline.php(219): Illuminate\\Session\\Middleware\\StartSession->handle(Object(Illuminate\\Http\\Request), Object(Closure))
#17 /Volumes/Home/moohard/Kerjaan-Kepegawaian/apel-app/vendor/laravel/framework/src/Illuminate/Cookie/Middleware/AddQueuedCookiesToResponse.php(36): Illuminate\\Pipeline\\Pipeline->{closure:{closure:Illuminate\\Pipeline\\Pipeline::carry():194}:195}(Object(Illuminate\\Http\\Request))
#18 /Volumes/Home/moohard/Kerjaan-Kepegawaian/apel-app/vendor/laravel/framework/src/Illuminate/Pipeline/Pipeline.php(219): Illuminate\\Cookie\\Middleware\\AddQueuedCookiesToResponse->handle(Object(Illuminate\\Http\\Request), Object(Closure))
#19 /Volumes/Home/moohard/Kerjaan-Kepegawaian/apel-app/vendor/laravel/framework/src/Illuminate/Cookie/Middleware/EncryptCookies.php(74): Illuminate\\Pipeline\\Pipeline->{closure:{closure:Illuminate\\Pipeline\\Pipeline::carry():194}:195}(Object(Illuminate\\Http\\Request))
#20 /Volumes/Home/moohard/Kerjaan-Kepegawaian/apel-app/vendor/laravel/framework/src/Illuminate/Pipeline/Pipeline.php(219): Illuminate\\Cookie\\Middleware\\EncryptCookies->handle(Object(Illuminate\\Http\\Request), Object(Closure))
#21 /Volumes/Home/moohard/Kerjaan-Kepegawaian/apel-app/vendor/laravel/framework/src/Illuminate/Pipeline/Pipeline.php(137): Illuminate\\Pipeline\\Pipeline->{closure:{closure:Illuminate\\Pipeline\\Pipeline::carry():194}:195}(Object(Illuminate\\Http\\Request))
#22 /Volumes/Home/moohard/Kerjaan-Kepegawaian/apel-app/vendor/laravel/framework/src/Illuminate/Routing/Router.php(821): Illuminate\\Pipeline\\Pipeline->then(Object(Closure))
#23 /Volumes/Home/moohard/Kerjaan-Kepegawaian/apel-app/vendor/laravel/framework/src/Illuminate/Routing/Router.php(800): Illuminate\\Routing\\Router->runRouteWithinStack(Object(Illuminate\\Routing\\Route), Object(Illuminate\\Http\\Request))
#24 /Volumes/Home/moohard/Kerjaan-Kepegawaian/apel-app/vendor/laravel/framework/src/Illuminate/Routing/Router.php(764): Illuminate\\Routing\\Router->runRoute(Object(Illuminate\\Http\\Request), Object(Illuminate\\Routing\\Route))
#25 /Volumes/Home/moohard/Kerjaan-Kepegawaian/apel-app/vendor/laravel/framework/src/Illuminate/Routing/Router.php(753): Illuminate\\Routing\\Router->dispatchToRoute(Object(Illuminate\\Http\\Request))
#26 /Volumes/Home/moohard/Kerjaan-Kepegawaian/apel-app/vendor/laravel/framework/src/Illuminate/Foundation/Http/Kernel.php(200): Illuminate\\Routing\\Router->dispatch(Object(Illuminate\\Http\\Request))
#27 /Volumes/Home/moohard/Kerjaan-Kepegawaian/apel-app/vendor/laravel/framework/src/Illuminate/Pipeline/Pipeline.php(180): Illuminate\\Foundation\\Http\\Kernel->{closure:Illuminate\\Foundation\\Http\\Kernel::dispatchToRouter():197}(Object(Illuminate\\Http\\Request))
#28 /Volumes/Home/moohard/Kerjaan-Kepegawaian/apel-app/vendor/laravel/framework/src/Illuminate/Foundation/Http/Middleware/TransformsRequest.php(21): Illuminate\\Pipeline\\Pipeline->{closure:Illuminate\\Pipeline\\Pipeline::prepareDestination():178}(Object(Illuminate\\Http\\Request))
#29 /Volumes/Home/moohard/Kerjaan-Kepegawaian/apel-app/vendor/laravel/framework/src/Illuminate/Foundation/Http/Middleware/ConvertEmptyStringsToNull.php(31): Illuminate\\Foundation\\Http\\Middleware\\TransformsRequest->handle(Object(Illuminate\\Http\\Request), Object(Closure))
#30 /Volumes/Home/moohard/Kerjaan-Kepegawaian/apel-app/vendor/laravel/framework/src/Illuminate/Pipeline/Pipeline.php(219): Illuminate\\Foundation\\Http\\Middleware\\ConvertEmptyStringsToNull->handle(Object(Illuminate\\Http\\Request), Object(Closure))
#31 /Volumes/Home/moohard/Kerjaan-Kepegawaian/apel-app/vendor/laravel/framework/src/Illuminate/Foundation/Http/Middleware/TransformsRequest.php(21): Illuminate\\Pipeline\\Pipeline->{closure:{closure:Illuminate\\Pipeline\\Pipeline::carry():194}:195}(Object(Illuminate\\Http\\Request))
#32 /Volumes/Home/moohard/Kerjaan-Kepegawaian/apel-app/vendor/laravel/framework/src/Illuminate/Foundation/Http/Middleware/TrimStrings.php(51): Illuminate\\Foundation\\Http\\Middleware\\TransformsRequest->handle(Object(Illuminate\\Http\\Request), Object(Closure))
#33 /Volumes/Home/moohard/Kerjaan-Kepegawaian/apel-app/vendor/laravel/framework/src/Illuminate/Pipeline/Pipeline.php(219): Illuminate\\Foundation\\Http\\Middleware\\TrimStrings->handle(Object(Illuminate\\Http\\Request), Object(Closure))
#34 /Volumes/Home/moohard/Kerjaan-Kepegawaian/apel-app/vendor/laravel/framework/src/Illuminate/Http/Middleware/ValidatePostSize.php(27): Illuminate\\Pipeline\\Pipeline->{closure:{closure:Illuminate\\Pipeline\\Pipeline::carry():194}:195}(Object(Illuminate\\Http\\Request))
#35 /Volumes/Home/moohard/Kerjaan-Kepegawaian/apel-app/vendor/laravel/framework/src/Illuminate/Pipeline/Pipeline.php(219): Illuminate\\Http\\Middleware\\ValidatePostSize->handle(Object(Illuminate\\Http\\Request), Object(Closure))
#36 /Volumes/Home/moohard/Kerjaan-Kepegawaian/apel-app/vendor/laravel/framework/src/Illuminate/Foundation/Http/Middleware/PreventRequestsDuringMaintenance.php(109): Illuminate\\Pipeline\\Pipeline->{closure:{closure:Illuminate\\Pipeline\\Pipeline::carry():194}:195}(Object(Illuminate\\Http\\Request))
#37 /Volumes/Home/moohard/Kerjaan-Kepegawaian/apel-app/vendor/laravel/framework/src/Illuminate/Pipeline/Pipeline.php(219): Illuminate\\Foundation\\Http\\Middleware\\PreventRequestsDuringMaintenance->handle(Object(Illuminate\\Http\\Request), Object(Closure))
#38 /Volumes/Home/moohard/Kerjaan-Kepegawaian/apel-app/vendor/laravel/framework/src/Illuminate/Http/Middleware/HandleCors.php(48): Illuminate\\Pipeline\\Pipeline->{closure:{closure:Illuminate\\Pipeline\\Pipeline::carry():194}:195}(Object(Illuminate\\Http\\Request))
#39 /Volumes/Home/moohard/Kerjaan-Kepegawaian/apel-app/vendor/laravel/framework/src/Illuminate/Pipeline/Pipeline.php(219): Illuminate\\Http\\Middleware\\HandleCors->handle(Object(Illuminate\\Http\\Request), Object(Closure))
#40 /Volumes/Home/moohard/Kerjaan-Kepegawaian/apel-app/vendor/laravel/framework/src/Illuminate/Http/Middleware/TrustProxies.php(58): Illuminate\\Pipeline\\Pipeline->{closure:{closure:Illuminate\\Pipeline\\Pipeline::carry():194}:195}(Object(Illuminate\\Http\\Request))
#41 /Volumes/Home/moohard/Kerjaan-Kepegawaian/apel-app/vendor/laravel/framework/src/Illuminate/Pipeline/Pipeline.php(219): Illuminate\\Http\\Middleware\\TrustProxies->handle(Object(Illuminate\\Http\\Request), Object(Closure))
#42 /Volumes/Home/moohard/Kerjaan-Kepegawaian/apel-app/vendor/laravel/framework/src/Illuminate/Foundation/Http/Middleware/InvokeDeferredCallbacks.php(22): Illuminate\\Pipeline\\Pipeline->{closure:{closure:Illuminate\\Pipeline\\Pipeline::carry():194}:195}(Object(Illuminate\\Http\\Request))
#43 /Volumes/Home/moohard/Kerjaan-Kepegawaian/apel-app/vendor/laravel/framework/src/Illuminate/Pipeline/Pipeline.php(219): Illuminate\\Foundation\\Http\\Middleware\\InvokeDeferredCallbacks->handle(Object(Illuminate\\Http\\Request), Object(Closure))
#44 /Volumes/Home/moohard/Kerjaan-Kepegawaian/apel-app/vendor/laravel/framework/src/Illuminate/Http/Middleware/ValidatePathEncoding.php(26): Illuminate\\Pipeline\\Pipeline->{closure:{closure:Illuminate\\Pipeline\\Pipeline::carry():194}:195}(Object(Illuminate\\Http\\Request))
#45 /Volumes/Home/moohard/Kerjaan-Kepegawaian/apel-app/vendor/laravel/framework/src/Illuminate/Pipeline/Pipeline.php(219): Illuminate\\Http\\Middleware\\ValidatePathEncoding->handle(Object(Illuminate\\Http\\Request), Object(Closure))
#46 /Volumes/Home/moohard/Kerjaan-Kepegawaian/apel-app/vendor/laravel/framework/src/Illuminate/Pipeline/Pipeline.php(137): Illuminate\\Pipeline\\Pipeline->{closure:{closure:Illuminate\\Pipeline\\Pipeline::carry():194}:195}(Object(Illuminate\\Http\\Request))
#47 /Volumes/Home/moohard/Kerjaan-Kepegawaian/apel-app/vendor/laravel/framework/src/Illuminate/Foundation/Http/Kernel.php(175): Illuminate\\Pipeline\\Pipeline->then(Object(Closure))
#48 /Volumes/Home/moohard/Kerjaan-Kepegawaian/apel-app/vendor/laravel/framework/src/Illuminate/Foundation/Http/Kernel.php(144): Illuminate\\Foundation\\Http\\Kernel->sendRequestThroughRouter(Object(Illuminate\\Http\\Request))
#49 /Volumes/Home/moohard/Kerjaan-Kepegawaian/apel-app/vendor/laravel/framework/src/Illuminate/Foundation/Application.php(1220): Illuminate\\Foundation\\Http\\Kernel->handle(Object(Illuminate\\Http\\Request))
#50 /Volumes/Home/moohard/Kerjaan-Kepegawaian/apel-app/public/index.php(20): Illuminate\\Foundation\\Application->handleRequest(Object(Illuminate\\Http\\Request))
#51 /Volumes/Home/moohard/Kerjaan-Kepegawaian/apel-app/vendor/laravel/framework/src/Illuminate/Foundation/resources/server.php(23): require_once('/Volumes/Home/m...')
#52 {main}
"} 
[2026-01-12 05:50:29] local.ERROR: Class "Redis" not found {"exception":"[object] (Error(code: 0): Class \"Redis\" not found at /Volumes/Home/moohard/Kerjaan-Kepegawaian/apel-app/vendor/laravel/framework/src/Illuminate/Redis/Connectors/PhpRedisConnector.php:80)
[stacktrace]
#0 /Volumes/Home/moohard/Kerjaan-Kepegawaian/apel-app/vendor/laravel/framework/src/Illuminate/Redis/Connectors/PhpRedisConnector.php(34): Illuminate\\Redis\\Connectors\\PhpRedisConnector->createClient(Array)
#1 /Volumes/Home/moohard/Kerjaan-Kepegawaian/apel-app/vendor/laravel/framework/src/Illuminate/Redis/Connectors/PhpRedisConnector.php(39): Illuminate\\Redis\\Connectors\\PhpRedisConnector->{closure:Illuminate\\Redis\\Connectors\\PhpRedisConnector::connect():33}()
#2 /Volumes/Home/moohard/Kerjaan-Kepegawaian/apel-app/vendor/laravel/framework/src/Illuminate/Redis/RedisManager.php(111): Illuminate\\Redis\\Connectors\\PhpRedisConnector->connect(Array, Array)
#3 /Volumes/Home/moohard/Kerjaan-Kepegawaian/apel-app/vendor/laravel/framework/src/Illuminate/Redis/RedisManager.php(92): Illuminate\\Redis\\RedisManager->resolve('default')
#4 /Volumes/Home/moohard/Kerjaan-Kepegawaian/apel-app/vendor/laravel/framework/src/Illuminate/Cache/RedisStore.php(368): Illuminate\\Redis\\RedisManager->connection('default')
#5 /Volumes/Home/moohard/Kerjaan-Kepegawaian/apel-app/vendor/laravel/framework/src/Illuminate/Cache/RedisStore.php(71): Illuminate\\Cache\\RedisStore->connection()
#6 /Volumes/Home/moohard/Kerjaan-Kepegawaian/apel-app/vendor/laravel/framework/src/Illuminate/Cache/Repository.php(119): Illuminate\\Cache\\RedisStore->get('LyquHEqdNNqI5Jb...')
#7 /Volumes/Home/moohard/Kerjaan-Kepegawaian/apel-app/vendor/laravel/framework/src/Illuminate/Session/CacheBasedSessionHandler.php(63): Illuminate\\Cache\\Repository->get('LyquHEqdNNqI5Jb...', '')
#8 /Volumes/Home/moohard/Kerjaan-Kepegawaian/apel-app/vendor/laravel/framework/src/Illuminate/Session/Store.php(117): Illuminate\\Session\\CacheBasedSessionHandler->read('LyquHEqdNNqI5Jb...')
#9 /Volumes/Home/moohard/Kerjaan-Kepegawaian/apel-app/vendor/laravel/framework/src/Illuminate/Session/Store.php(105): Illuminate\\Session\\Store->readFromHandler()
#10 /Volumes/Home/moohard/Kerjaan-Kepegawaian/apel-app/vendor/laravel/framework/src/Illuminate/Session/Store.php(89): Illuminate\\Session\\Store->loadSession()
#11 /Volumes/Home/moohard/Kerjaan-Kepegawaian/apel-app/vendor/laravel/framework/src/Illuminate/Session/Middleware/StartSession.php(146): Illuminate\\Session\\Store->start()
#12 /Volumes/Home/moohard/Kerjaan-Kepegawaian/apel-app/vendor/laravel/framework/src/Illuminate/Support/helpers.php(390): Illuminate\\Session\\Middleware\\StartSession->{closure:Illuminate\\Session\\Middleware\\StartSession::startSession():143}(Object(Illuminate\\Session\\Store))
#13 /Volumes/Home/moohard/Kerjaan-Kepegawaian/apel-app/vendor/laravel/framework/src/Illuminate/Session/Middleware/StartSession.php(143): tap(Object(Illuminate\\Session\\Store), Object(Closure))
#14 /Volumes/Home/moohard/Kerjaan-Kepegawaian/apel-app/vendor/laravel/framework/src/Illuminate/Session/Middleware/StartSession.php(115): Illuminate\\Session\\Middleware\\StartSession->startSession(Object(Illuminate\\Http\\Request), Object(Illuminate\\Session\\Store))
#15 /Volumes/Home/moohard/Kerjaan-Kepegawaian/apel-app/vendor/laravel/framework/src/Illuminate/Session/Middleware/StartSession.php(63): Illuminate\\Session\\Middleware\\StartSession->handleStatefulRequest(Object(Illuminate\\Http\\Request), Object(Illuminate\\Session\\Store), Object(Closure))
#16 /Volumes/Home/moohard/Kerjaan-Kepegawaian/apel-app/vendor/laravel/framework/src/Illuminate/Pipeline/Pipeline.php(219): Illuminate\\Session\\Middleware\\StartSession->handle(Object(Illuminate\\Http\\Request), Object(Closure))
#17 /Volumes/Home/moohard/Kerjaan-Kepegawaian/apel-app/vendor/laravel/framework/src/Illuminate/Cookie/Middleware/AddQueuedCookiesToResponse.php(36): Illuminate\\Pipeline\\Pipeline->{closure:{closure:Illuminate\\Pipeline\\Pipeline::carry():194}:195}(Object(Illuminate\\Http\\Request))
#18 /Volumes/Home/moohard/Kerjaan-Kepegawaian/apel-app/vendor/laravel/framework/src/Illuminate/Pipeline/Pipeline.php(219): Illuminate\\Cookie\\Middleware\\AddQueuedCookiesToResponse->handle(Object(Illuminate\\Http\\Request), Object(Closure))
#19 /Volumes/Home/moohard/Kerjaan-Kepegawaian/apel-app/vendor/laravel/framework/src/Illuminate/Cookie/Middleware/EncryptCookies.php(74): Illuminate\\Pipeline\\Pipeline->{closure:{closure:Illuminate\\Pipeline\\Pipeline::carry():194}:195}(Object(Illuminate\\Http\\Request))
#20 /Volumes/Home/moohard/Kerjaan-Kepegawaian/apel-app/vendor/laravel/framework/src/Illuminate/Pipeline/Pipeline.php(219): Illuminate\\Cookie\\Middleware\\EncryptCookies->handle(Object(Illuminate\\Http\\Request), Object(Closure))
#21 /Volumes/Home/moohard/Kerjaan-Kepegawaian/apel-app/vendor/laravel/framework/src/Illuminate/Pipeline/Pipeline.php(137): Illuminate\\Pipeline\\Pipeline->{closure:{closure:Illuminate\\Pipeline\\Pipeline::carry():194}:195}(Object(Illuminate\\Http\\Request))
#22 /Volumes/Home/moohard/Kerjaan-Kepegawaian/apel-app/vendor/laravel/framework/src/Illuminate/Routing/Router.php(821): Illuminate\\Pipeline\\Pipeline->then(Object(Closure))
#23 /Volumes/Home/moohard/Kerjaan-Kepegawaian/apel-app/vendor/laravel/framework/src/Illuminate/Routing/Router.php(800): Illuminate\\Routing\\Router->runRouteWithinStack(Object(Illuminate\\Routing\\Route), Object(Illuminate\\Http\\Request))
#24 /Volumes/Home/moohard/Kerjaan-Kepegawaian/apel-app/vendor/laravel/framework/src/Illuminate/Routing/Router.php(764): Illuminate\\Routing\\Router->runRoute(Object(Illuminate\\Http\\Request), Object(Illuminate\\Routing\\Route))
#25 /Volumes/Home/moohard/Kerjaan-Kepegawaian/apel-app/vendor/laravel/framework/src/Illuminate/Routing/Router.php(753): Illuminate\\Routing\\Router->dispatchToRoute(Object(Illuminate\\Http\\Request))
#26 /Volumes/Home/moohard/Kerjaan-Kepegawaian/apel-app/vendor/laravel/framework/src/Illuminate/Foundation/Http/Kernel.php(200): Illuminate\\Routing\\Router->dispatch(Object(Illuminate\\Http\\Request))
#27 /Volumes/Home/moohard/Kerjaan-Kepegawaian/apel-app/vendor/laravel/framework/src/Illuminate/Pipeline/Pipeline.php(180): Illuminate\\Foundation\\Http\\Kernel->{closure:Illuminate\\Foundation\\Http\\Kernel::dispatchToRouter():197}(Object(Illuminate\\Http\\Request))
#28 /Volumes/Home/moohard/Kerjaan-Kepegawaian/apel-app/vendor/laravel/framework/src/Illuminate/Foundation/Http/Middleware/TransformsRequest.php(21): Illuminate\\Pipeline\\Pipeline->{closure:Illuminate\\Pipeline\\Pipeline::prepareDestination():178}(Object(Illuminate\\Http\\Request))
#29 /Volumes/Home/moohard/Kerjaan-Kepegawaian/apel-app/vendor/laravel/framework/src/Illuminate/Foundation/Http/Middleware/ConvertEmptyStringsToNull.php(31): Illuminate\\Foundation\\Http\\Middleware\\TransformsRequest->handle(Object(Illuminate\\Http\\Request), Object(Closure))
#30 /Volumes/Home/moohard/Kerjaan-Kepegawaian/apel-app/vendor/laravel/framework/src/Illuminate/Pipeline/Pipeline.php(219): Illuminate\\Foundation\\Http\\Middleware\\ConvertEmptyStringsToNull->handle(Object(Illuminate\\Http\\Request), Object(Closure))
#31 /Volumes/Home/moohard/Kerjaan-Kepegawaian/apel-app/vendor/laravel/framework/src/Illuminate/Foundation/Http/Middleware/TransformsRequest.php(21): Illuminate\\Pipeline\\Pipeline->{closure:{closure:Illuminate\\Pipeline\\Pipeline::carry():194}:195}(Object(Illuminate\\Http\\Request))
#32 /Volumes/Home/moohard/Kerjaan-Kepegawaian/apel-app/vendor/laravel/framework/src/Illuminate/Foundation/Http/Middleware/TrimStrings.php(51): Illuminate\\Foundation\\Http\\Middleware\\TransformsRequest->handle(Object(Illuminate\\Http\\Request), Object(Closure))
#33 /Volumes/Home/moohard/Kerjaan-Kepegawaian/apel-app/vendor/laravel/framework/src/Illuminate/Pipeline/Pipeline.php(219): Illuminate\\Foundation\\Http\\Middleware\\TrimStrings->handle(Object(Illuminate\\Http\\Request), Object(Closure))
#34 /Volumes/Home/moohard/Kerjaan-Kepegawaian/apel-app/vendor/laravel/framework/src/Illuminate/Http/Middleware/ValidatePostSize.php(27): Illuminate\\Pipeline\\Pipeline->{closure:{closure:Illuminate\\Pipeline\\Pipeline::carry():194}:195}(Object(Illuminate\\Http\\Request))
#35 /Volumes/Home/moohard/Kerjaan-Kepegawaian/apel-app/vendor/laravel/framework/src/Illuminate/Pipeline/Pipeline.php(219): Illuminate\\Http\\Middleware\\ValidatePostSize->handle(Object(Illuminate\\Http\\Request), Object(Closure))
#36 /Volumes/Home/moohard/Kerjaan-Kepegawaian/apel-app/vendor/laravel/framework/src/Illuminate/Foundation/Http/Middleware/PreventRequestsDuringMaintenance.php(109): Illuminate\\Pipeline\\Pipeline->{closure:{closure:Illuminate\\Pipeline\\Pipeline::carry():194}:195}(Object(Illuminate\\Http\\Request))
#37 /Volumes/Home/moohard/Kerjaan-Kepegawaian/apel-app/vendor/laravel/framework/src/Illuminate/Pipeline/Pipeline.php(219): Illuminate\\Foundation\\Http\\Middleware\\PreventRequestsDuringMaintenance->handle(Object(Illuminate\\Http\\Request), Object(Closure))
#38 /Volumes/Home/moohard/Kerjaan-Kepegawaian/apel-app/vendor/laravel/framework/src/Illuminate/Http/Middleware/HandleCors.php(48): Illuminate\\Pipeline\\Pipeline->{closure:{closure:Illuminate\\Pipeline\\Pipeline::carry():194}:195}(Object(Illuminate\\Http\\Request))
#39 /Volumes/Home/moohard/Kerjaan-Kepegawaian/apel-app/vendor/laravel/framework/src/Illuminate/Pipeline/Pipeline.php(219): Illuminate\\Http\\Middleware\\HandleCors->handle(Object(Illuminate\\Http\\Request), Object(Closure))
#40 /Volumes/Home/moohard/Kerjaan-Kepegawaian/apel-app/vendor/laravel/framework/src/Illuminate/Http/Middleware/TrustProxies.php(58): Illuminate\\Pipeline\\Pipeline->{closure:{closure:Illuminate\\Pipeline\\Pipeline::carry():194}:195}(Object(Illuminate\\Http\\Request))
#41 /Volumes/Home/moohard/Kerjaan-Kepegawaian/apel-app/vendor/laravel/framework/src/Illuminate/Pipeline/Pipeline.php(219): Illuminate\\Http\\Middleware\\TrustProxies->handle(Object(Illuminate\\Http\\Request), Object(Closure))
#42 /Volumes/Home/moohard/Kerjaan-Kepegawaian/apel-app/vendor/laravel/framework/src/Illuminate/Foundation/Http/Middleware/InvokeDeferredCallbacks.php(22): Illuminate\\Pipeline\\Pipeline->{closure:{closure:Illuminate\\Pipeline\\Pipeline::carry():194}:195}(Object(Illuminate\\Http\\Request))
#43 /Volumes/Home/moohard/Kerjaan-Kepegawaian/apel-app/vendor/laravel/framework/src/Illuminate/Pipeline/Pipeline.php(219): Illuminate\\Foundation\\Http\\Middleware\\InvokeDeferredCallbacks->handle(Object(Illuminate\\Http\\Request), Object(Closure))
#44 /Volumes/Home/moohard/Kerjaan-Kepegawaian/apel-app/vendor/laravel/framework/src/Illuminate/Http/Middleware/ValidatePathEncoding.php(26): Illuminate\\Pipeline\\Pipeline->{closure:{closure:Illuminate\\Pipeline\\Pipeline::carry():194}:195}(Object(Illuminate\\Http\\Request))
#45 /Volumes/Home/moohard/Kerjaan-Kepegawaian/apel-app/vendor/laravel/framework/src/Illuminate/Pipeline/Pipeline.php(219): Illuminate\\Http\\Middleware\\ValidatePathEncoding->handle(Object(Illuminate\\Http\\Request), Object(Closure))
#46 /Volumes/Home/moohard/Kerjaan-Kepegawaian/apel-app/vendor/laravel/framework/src/Illuminate/Pipeline/Pipeline.php(137): Illuminate\\Pipeline\\Pipeline->{closure:{closure:Illuminate\\Pipeline\\Pipeline::carry():194}:195}(Object(Illuminate\\Http\\Request))
#47 /Volumes/Home/moohard/Kerjaan-Kepegawaian/apel-app/vendor/laravel/framework/src/Illuminate/Foundation/Http/Kernel.php(175): Illuminate\\Pipeline\\Pipeline->then(Object(Closure))
#48 /Volumes/Home/moohard/Kerjaan-Kepegawaian/apel-app/vendor/laravel/framework/src/Illuminate/Foundation/Http/Kernel.php(144): Illuminate\\Foundation\\Http\\Kernel->sendRequestThroughRouter(Object(Illuminate\\Http\\Request))
#49 /Volumes/Home/moohard/Kerjaan-Kepegawaian/apel-app/vendor/laravel/framework/src/Illuminate/Foundation/Application.php(1220): Illuminate\\Foundation\\Http\\Kernel->handle(Object(Illuminate\\Http\\Request))
#50 /Volumes/Home/moohard/Kerjaan-Kepegawaian/apel-app/public/index.php(20): Illuminate\\Foundation\\Application->handleRequest(Object(Illuminate\\Http\\Request))
#51 /Volumes/Home/moohard/Kerjaan-Kepegawaian/apel-app/vendor/laravel/framework/src/Illuminate/Foundation/resources/server.php(23): require_once('/Volumes/Home/m...')
#52 {main}
"} 
[2026-01-12 05:51:51] local.ERROR: Class "Redis" not found {"exception":"[object] (Error(code: 0): Class \"Redis\" not found at /Volumes/Home/moohard/Kerjaan-Kepegawaian/apel-app/vendor/laravel/framework/src/Illuminate/Redis/Connectors/PhpRedisConnector.php:80)
[stacktrace]
#0 /Volumes/Home/moohard/Kerjaan-Kepegawaian/apel-app/vendor/laravel/framework/src/Illuminate/Redis/Connectors/PhpRedisConnector.php(34): Illuminate\\Redis\\Connectors\\PhpRedisConnector->createClient(Array)
#1 /Volumes/Home/moohard/Kerjaan-Kepegawaian/apel-app/vendor/laravel/framework/src/Illuminate/Redis/Connectors/PhpRedisConnector.php(39): Illuminate\\Redis\\Connectors\\PhpRedisConnector->{closure:Illuminate\\Redis\\Connectors\\PhpRedisConnector::connect():33}()
#2 /Volumes/Home/moohard/Kerjaan-Kepegawaian/apel-app/vendor/laravel/framework/src/Illuminate/Redis/RedisManager.php(111): Illuminate\\Redis\\Connectors\\PhpRedisConnector->connect(Array, Array)
#3 /Volumes/Home/moohard/Kerjaan-Kepegawaian/apel-app/vendor/laravel/framework/src/Illuminate/Redis/RedisManager.php(92): Illuminate\\Redis\\RedisManager->resolve('default')
#4 /Volumes/Home/moohard/Kerjaan-Kepegawaian/apel-app/vendor/laravel/framework/src/Illuminate/Cache/RedisStore.php(368): Illuminate\\Redis\\RedisManager->connection('default')
#5 /Volumes/Home/moohard/Kerjaan-Kepegawaian/apel-app/vendor/laravel/framework/src/Illuminate/Cache/RedisStore.php(71): Illuminate\\Cache\\RedisStore->connection()
#6 /Volumes/Home/moohard/Kerjaan-Kepegawaian/apel-app/vendor/laravel/framework/src/Illuminate/Cache/Repository.php(119): Illuminate\\Cache\\RedisStore->get('9hbr1ZiP6sg3mfx...')
#7 /Volumes/Home/moohard/Kerjaan-Kepegawaian/apel-app/vendor/laravel/framework/src/Illuminate/Session/CacheBasedSessionHandler.php(63): Illuminate\\Cache\\Repository->get('9hbr1ZiP6sg3mfx...', '')
#8 /Volumes/Home/moohard/Kerjaan-Kepegawaian/apel-app/vendor/laravel/framework/src/Illuminate/Session/Store.php(117): Illuminate\\Session\\CacheBasedSessionHandler->read('9hbr1ZiP6sg3mfx...')
#9 /Volumes/Home/moohard/Kerjaan-Kepegawaian/apel-app/vendor/laravel/framework/src/Illuminate/Session/Store.php(105): Illuminate\\Session\\Store->readFromHandler()
#10 /Volumes/Home/moohard/Kerjaan-Kepegawaian/apel-app/vendor/laravel/framework/src/Illuminate/Session/Store.php(89): Illuminate\\Session\\Store->loadSession()
#11 /Volumes/Home/moohard/Kerjaan-Kepegawaian/apel-app/vendor/laravel/framework/src/Illuminate/Session/Middleware/StartSession.php(146): Illuminate\\Session\\Store->start()
#12 /Volumes/Home/moohard/Kerjaan-Kepegawaian/apel-app/vendor/laravel/framework/src/Illuminate/Support/helpers.php(390): Illuminate\\Session\\Middleware\\StartSession->{closure:Illuminate\\Session\\Middleware\\StartSession::startSession():143}(Object(Illuminate\\Session\\Store))
#13 /Volumes/Home/moohard/Kerjaan-Kepegawaian/apel-app/vendor/laravel/framework/src/Illuminate/Session/Middleware/StartSession.php(143): tap(Object(Illuminate\\Session\\Store), Object(Closure))
#14 /Volumes/Home/moohard/Kerjaan-Kepegawaian/apel-app/vendor/laravel/framework/src/Illuminate/Session/Middleware/StartSession.php(115): Illuminate\\Session\\Middleware\\StartSession->startSession(Object(Illuminate\\Http\\Request), Object(Illuminate\\Session\\Store))
#15 /Volumes/Home/moohard/Kerjaan-Kepegawaian/apel-app/vendor/laravel/framework/src/Illuminate/Session/Middleware/StartSession.php(63): Illuminate\\Session\\Middleware\\StartSession->handleStatefulRequest(Object(Illuminate\\Http\\Request), Object(Illuminate\\Session\\Store), Object(Closure))
#16 /Volumes/Home/moohard/Kerjaan-Kepegawaian/apel-app/vendor/laravel/framework/src/Illuminate/Pipeline/Pipeline.php(219): Illuminate\\Session\\Middleware\\StartSession->handle(Object(Illuminate\\Http\\Request), Object(Closure))
#17 /Volumes/Home/moohard/Kerjaan-Kepegawaian/apel-app/vendor/laravel/framework/src/Illuminate/Cookie/Middleware/AddQueuedCookiesToResponse.php(36): Illuminate\\Pipeline\\Pipeline->{closure:{closure:Illuminate\\Pipeline\\Pipeline::carry():194}:195}(Object(Illuminate\\Http\\Request))
#18 /Volumes/Home/moohard/Kerjaan-Kepegawaian/apel-app/vendor/laravel/framework/src/Illuminate/Pipeline/Pipeline.php(219): Illuminate\\Cookie\\Middleware\\AddQueuedCookiesToResponse->handle(Object(Illuminate\\Http\\Request), Object(Closure))
#19 /Volumes/Home/moohard/Kerjaan-Kepegawaian/apel-app/vendor/laravel/framework/src/Illuminate/Cookie/Middleware/EncryptCookies.php(74): Illuminate\\Pipeline\\Pipeline->{closure:{closure:Illuminate\\Pipeline\\Pipeline::carry():194}:195}(Object(Illuminate\\Http\\Request))
#20 /Volumes/Home/moohard/Kerjaan-Kepegawaian/apel-app/vendor/laravel/framework/src/Illuminate/Pipeline/Pipeline.php(219): Illuminate\\Cookie\\Middleware\\EncryptCookies->handle(Object(Illuminate\\Http\\Request), Object(Closure))
#21 /Volumes/Home/moohard/Kerjaan-Kepegawaian/apel-app/vendor/laravel/framework/src/Illuminate/Pipeline/Pipeline.php(137): Illuminate\\Pipeline\\Pipeline->{closure:{closure:Illuminate\\Pipeline\\Pipeline::carry():194}:195}(Object(Illuminate\\Http\\Request))
#22 /Volumes/Home/moohard/Kerjaan-Kepegawaian/apel-app/vendor/laravel/framework/src/Illuminate/Routing/Router.php(821): Illuminate\\Pipeline\\Pipeline->then(Object(Closure))
#23 /Volumes/Home/moohard/Kerjaan-Kepegawaian/apel-app/vendor/laravel/framework/src/Illuminate/Routing/Router.php(800): Illuminate\\Routing\\Router->runRouteWithinStack(Object(Illuminate\\Routing\\Route), Object(Illuminate\\Http\\Request))
#24 /Volumes/Home/moohard/Kerjaan-Kepegawaian/apel-app/vendor/laravel/framework/src/Illuminate/Routing/Router.php(764): Illuminate\\Routing\\Router->runRoute(Object(Illuminate\\Http\\Request), Object(Illuminate\\Routing\\Route))
#25 /Volumes/Home/moohard/Kerjaan-Kepegawaian/apel-app/vendor/laravel/framework/src/Illuminate/Routing/Router.php(753): Illuminate\\Routing\\Router->dispatchToRoute(Object(Illuminate\\Http\\Request))
#26 /Volumes/Home/moohard/Kerjaan-Kepegawaian/apel-app/vendor/laravel/framework/src/Illuminate/Foundation/Http/Kernel.php(200): Illuminate\\Routing\\Router->dispatch(Object(Illuminate\\Http\\Request))
#27 /Volumes/Home/moohard/Kerjaan-Kepegawaian/apel-app/vendor/laravel/framework/src/Illuminate/Pipeline/Pipeline.php(180): Illuminate\\Foundation\\Http\\Kernel->{closure:Illuminate\\Foundation\\Http\\Kernel::dispatchToRouter():197}(Object(Illuminate\\Http\\Request))
#28 /Volumes/Home/moohard/Kerjaan-Kepegawaian/apel-app/vendor/laravel/framework/src/Illuminate/Foundation/Http/Middleware/TransformsRequest.php(21): Illuminate\\Pipeline\\Pipeline->{closure:Illuminate\\Pipeline\\Pipeline::prepareDestination():178}(Object(Illuminate\\Http\\Request))
#29 /Volumes/Home/moohard/Kerjaan-Kepegawaian/apel-app/vendor/laravel/framework/src/Illuminate/Foundation/Http/Middleware/ConvertEmptyStringsToNull.php(31): Illuminate\\Foundation\\Http\\Middleware\\TransformsRequest->handle(Object(Illuminate\\Http\\Request), Object(Closure))
#30 /Volumes/Home/moohard/Kerjaan-Kepegawaian/apel-app/vendor/laravel/framework/src/Illuminate/Pipeline/Pipeline.php(219): Illuminate\\Foundation\\Http\\Middleware\\ConvertEmptyStringsToNull->handle(Object(Illuminate\\Http\\Request), Object(Closure))
#31 /Volumes/Home/moohard/Kerjaan-Kepegawaian/apel-app/vendor/laravel/framework/src/Illuminate/Foundation/Http/Middleware/TransformsRequest.php(21): Illuminate\\Pipeline\\Pipeline->{closure:{closure:Illuminate\\Pipeline\\Pipeline::carry():194}:195}(Object(Illuminate\\Http\\Request))
#32 /Volumes/Home/moohard/Kerjaan-Kepegawaian/apel-app/vendor/laravel/framework/src/Illuminate/Foundation/Http/Middleware/TrimStrings.php(51): Illuminate\\Foundation\\Http\\Middleware\\TransformsRequest->handle(Object(Illuminate\\Http\\Request), Object(Closure))
#33 /Volumes/Home/moohard/Kerjaan-Kepegawaian/apel-app/vendor/laravel/framework/src/Illuminate/Pipeline/Pipeline.php(219): Illuminate\\Foundation\\Http\\Middleware\\TrimStrings->handle(Object(Illuminate\\Http\\Request), Object(Closure))
#34 /Volumes/Home/moohard/Kerjaan-Kepegawaian/apel-app/vendor/laravel/framework/src/Illuminate/Http/Middleware/ValidatePostSize.php(27): Illuminate\\Pipeline\\Pipeline->{closure:{closure:Illuminate\\Pipeline\\Pipeline::carry():194}:195}(Object(Illuminate\\Http\\Request))
#35 /Volumes/Home/moohard/Kerjaan-Kepegawaian/apel-app/vendor/laravel/framework/src/Illuminate/Pipeline/Pipeline.php(219): Illuminate\\Http\\Middleware\\ValidatePostSize->handle(Object(Illuminate\\Http\\Request), Object(Closure))
#36 /Volumes/Home/moohard/Kerjaan-Kepegawaian/apel-app/vendor/laravel/framework/src/Illuminate/Foundation/Http/Middleware/PreventRequestsDuringMaintenance.php(109): Illuminate\\Pipeline\\Pipeline->{closure:{closure:Illuminate\\Pipeline\\Pipeline::carry():194}:195}(Object(Illuminate\\Http\\Request))
#37 /Volumes/Home/moohard/Kerjaan-Kepegawaian/apel-app/vendor/laravel/framework/src/Illuminate/Pipeline/Pipeline.php(219): Illuminate\\Foundation\\Http\\Middleware\\PreventRequestsDuringMaintenance->handle(Object(Illuminate\\Http\\Request), Object(Closure))
#38 /Volumes/Home/moohard/Kerjaan-Kepegawaian/apel-app/vendor/laravel/framework/src/Illuminate/Http/Middleware/HandleCors.php(48): Illuminate\\Pipeline\\Pipeline->{closure:{closure:Illuminate\\Pipeline\\Pipeline::carry():194}:195}(Object(Illuminate\\Http\\Request))
#39 /Volumes/Home/moohard/Kerjaan-Kepegawaian/apel-app/vendor/laravel/framework/src/Illuminate/Pipeline/Pipeline.php(219): Illuminate\\Http\\Middleware\\HandleCors->handle(Object(Illuminate\\Http\\Request), Object(Closure))
#40 /Volumes/Home/moohard/Kerjaan-Kepegawaian/apel-app/vendor/laravel/framework/src/Illuminate/Http/Middleware/TrustProxies.php(58): Illuminate\\Pipeline\\Pipeline->{closure:{closure:Illuminate\\Pipeline\\Pipeline::carry():194}:195}(Object(Illuminate\\Http\\Request))
#41 /Volumes/Home/moohard/Kerjaan-Kepegawaian/apel-app/vendor/laravel/framework/src/Illuminate/Pipeline/Pipeline.php(219): Illuminate\\Http\\Middleware\\TrustProxies->handle(Object(Illuminate\\Http\\Request), Object(Closure))
#42 /Volumes/Home/moohard/Kerjaan-Kepegawaian/apel-app/vendor/laravel/framework/src/Illuminate/Foundation/Http/Middleware/InvokeDeferredCallbacks.php(22): Illuminate\\Pipeline\\Pipeline->{closure:{closure:Illuminate\\Pipeline\\Pipeline::carry():194}:195}(Object(Illuminate\\Http\\Request))
#43 /Volumes/Home/moohard/Kerjaan-Kepegawaian/apel-app/vendor/laravel/framework/src/Illuminate/Pipeline/Pipeline.php(219): Illuminate\\Foundation\\Http\\Middleware\\InvokeDeferredCallbacks->handle(Object(Illuminate\\Http\\Request), Object(Closure))
#44 /Volumes/Home/moohard/Kerjaan-Kepegawaian/apel-app/vendor/laravel/framework/src/Illuminate/Http/Middleware/ValidatePathEncoding.php(26): Illuminate\\Pipeline\\Pipeline->{closure:{closure:Illuminate\\Pipeline\\Pipeline::carry():194}:195}(Object(Illuminate\\Http\\Request))
#45 /Volumes/Home/moohard/Kerjaan-Kepegawaian/apel-app/vendor/laravel/framework/src/Illuminate/Pipeline/Pipeline.php(219): Illuminate\\Http\\Middleware\\ValidatePathEncoding->handle(Object(Illuminate\\Http\\Request), Object(Closure))
#46 /Volumes/Home/moohard/Kerjaan-Kepegawaian/apel-app/vendor/laravel/framework/src/Illuminate/Pipeline/Pipeline.php(137): Illuminate\\Pipeline\\Pipeline->{closure:{closure:Illuminate\\Pipeline\\Pipeline::carry():194}:195}(Object(Illuminate\\Http\\Request))
#47 /Volumes/Home/moohard/Kerjaan-Kepegawaian/apel-app/vendor/laravel/framework/src/Illuminate/Foundation/Http/Kernel.php(175): Illuminate\\Pipeline\\Pipeline->then(Object(Closure))
#48 /Volumes/Home/moohard/Kerjaan-Kepegawaian/apel-app/vendor/laravel/framework/src/Illuminate/Foundation/Http/Kernel.php(144): Illuminate\\Foundation\\Http\\Kernel->sendRequestThroughRouter(Object(Illuminate\\Http\\Request))
#49 /Volumes/Home/moohard/Kerjaan-Kepegawaian/apel-app/vendor/laravel/framework/src/Illuminate/Foundation/Application.php(1220): Illuminate\\Foundation\\Http\\Kernel->handle(Object(Illuminate\\Http\\Request))
#50 /Volumes/Home/moohard/Kerjaan-Kepegawaian/apel-app/public/index.php(20): Illuminate\\Foundation\\Application->handleRequest(Object(Illuminate\\Http\\Request))
#51 /Volumes/Home/moohard/Kerjaan-Kepegawaian/apel-app/vendor/laravel/framework/src/Illuminate/Foundation/resources/server.php(23): require_once('/Volumes/Home/m...')
#52 {main}
"} 
[2026-01-12 05:51:51] local.ERROR: Class "Redis" not found {"exception":"[object] (Error(code: 0): Class \"Redis\" not found at /Volumes/Home/moohard/Kerjaan-Kepegawaian/apel-app/vendor/laravel/framework/src/Illuminate/Redis/Connectors/PhpRedisConnector.php:80)
[stacktrace]
#0 /Volumes/Home/moohard/Kerjaan-Kepegawaian/apel-app/vendor/laravel/framework/src/Illuminate/Redis/Connectors/PhpRedisConnector.php(34): Illuminate\\Redis\\Connectors\\PhpRedisConnector->createClient(Array)
#1 /Volumes/Home/moohard/Kerjaan-Kepegawaian/apel-app/vendor/laravel/framework/src/Illuminate/Redis/Connectors/PhpRedisConnector.php(39): Illuminate\\Redis\\Connectors\\PhpRedisConnector->{closure:Illuminate\\Redis\\Connectors\\PhpRedisConnector::connect():33}()
#2 /Volumes/Home/moohard/Kerjaan-Kepegawaian/apel-app/vendor/laravel/framework/src/Illuminate/Redis/RedisManager.php(111): Illuminate\\Redis\\Connectors\\PhpRedisConnector->connect(Array, Array)
#3 /Volumes/Home/moohard/Kerjaan-Kepegawaian/apel-app/vendor/laravel/framework/src/Illuminate/Redis/RedisManager.php(92): Illuminate\\Redis\\RedisManager->resolve('default')
#4 /Volumes/Home/moohard/Kerjaan-Kepegawaian/apel-app/vendor/laravel/framework/src/Illuminate/Cache/RedisStore.php(368): Illuminate\\Redis\\RedisManager->connection('default')
#5 /Volumes/Home/moohard/Kerjaan-Kepegawaian/apel-app/vendor/laravel/framework/src/Illuminate/Cache/RedisStore.php(71): Illuminate\\Cache\\RedisStore->connection()
#6 /Volumes/Home/moohard/Kerjaan-Kepegawaian/apel-app/vendor/laravel/framework/src/Illuminate/Cache/Repository.php(119): Illuminate\\Cache\\RedisStore->get('ypFjOS9XCjzBrVl...')
#7 /Volumes/Home/moohard/Kerjaan-Kepegawaian/apel-app/vendor/laravel/framework/src/Illuminate/Session/CacheBasedSessionHandler.php(63): Illuminate\\Cache\\Repository->get('ypFjOS9XCjzBrVl...', '')
#8 /Volumes/Home/moohard/Kerjaan-Kepegawaian/apel-app/vendor/laravel/framework/src/Illuminate/Session/Store.php(117): Illuminate\\Session\\CacheBasedSessionHandler->read('ypFjOS9XCjzBrVl...')
#9 /Volumes/Home/moohard/Kerjaan-Kepegawaian/apel-app/vendor/laravel/framework/src/Illuminate/Session/Store.php(105): Illuminate\\Session\\Store->readFromHandler()
#10 /Volumes/Home/moohard/Kerjaan-Kepegawaian/apel-app/vendor/laravel/framework/src/Illuminate/Session/Store.php(89): Illuminate\\Session\\Store->loadSession()
#11 /Volumes/Home/moohard/Kerjaan-Kepegawaian/apel-app/vendor/laravel/framework/src/Illuminate/Session/Middleware/StartSession.php(146): Illuminate\\Session\\Store->start()
#12 /Volumes/Home/moohard/Kerjaan-Kepegawaian/apel-app/vendor/laravel/framework/src/Illuminate/Support/helpers.php(390): Illuminate\\Session\\Middleware\\StartSession->{closure:Illuminate\\Session\\Middleware\\StartSession::startSession():143}(Object(Illuminate\\Session\\Store))
#13 /Volumes/Home/moohard/Kerjaan-Kepegawaian/apel-app/vendor/laravel/framework/src/Illuminate/Session/Middleware/StartSession.php(143): tap(Object(Illuminate\\Session\\Store), Object(Closure))
#14 /Volumes/Home/moohard/Kerjaan-Kepegawaian/apel-app/vendor/laravel/framework/src/Illuminate/Session/Middleware/StartSession.php(115): Illuminate\\Session\\Middleware\\StartSession->startSession(Object(Illuminate\\Http\\Request), Object(Illuminate\\Session\\Store))
#15 /Volumes/Home/moohard/Kerjaan-Kepegawaian/apel-app/vendor/laravel/framework/src/Illuminate/Session/Middleware/StartSession.php(63): Illuminate\\Session\\Middleware\\StartSession->handleStatefulRequest(Object(Illuminate\\Http\\Request), Object(Illuminate\\Session\\Store), Object(Closure))
#16 /Volumes/Home/moohard/Kerjaan-Kepegawaian/apel-app/vendor/laravel/framework/src/Illuminate/Pipeline/Pipeline.php(219): Illuminate\\Session\\Middleware\\StartSession->handle(Object(Illuminate\\Http\\Request), Object(Closure))
#17 /Volumes/Home/moohard/Kerjaan-Kepegawaian/apel-app/vendor/laravel/framework/src/Illuminate/Cookie/Middleware/AddQueuedCookiesToResponse.php(36): Illuminate\\Pipeline\\Pipeline->{closure:{closure:Illuminate\\Pipeline\\Pipeline::carry():194}:195}(Object(Illuminate\\Http\\Request))
#18 /Volumes/Home/moohard/Kerjaan-Kepegawaian/apel-app/vendor/laravel/framework/src/Illuminate/Pipeline/Pipeline.php(219): Illuminate\\Cookie\\Middleware\\AddQueuedCookiesToResponse->handle(Object(Illuminate\\Http\\Request), Object(Closure))
#19 /Volumes/Home/moohard/Kerjaan-Kepegawaian/apel-app/vendor/laravel/framework/src/Illuminate/Cookie/Middleware/EncryptCookies.php(74): Illuminate\\Pipeline\\Pipeline->{closure:{closure:Illuminate\\Pipeline\\Pipeline::carry():194}:195}(Object(Illuminate\\Http\\Request))
#20 /Volumes/Home/moohard/Kerjaan-Kepegawaian/apel-app/vendor/laravel/framework/src/Illuminate/Pipeline/Pipeline.php(219): Illuminate\\Cookie\\Middleware\\EncryptCookies->handle(Object(Illuminate\\Http\\Request), Object(Closure))
#21 /Volumes/Home/moohard/Kerjaan-Kepegawaian/apel-app/vendor/laravel/framework/src/Illuminate/Pipeline/Pipeline.php(137): Illuminate\\Pipeline\\Pipeline->{closure:{closure:Illuminate\\Pipeline\\Pipeline::carry():194}:195}(Object(Illuminate\\Http\\Request))
#22 /Volumes/Home/moohard/Kerjaan-Kepegawaian/apel-app/vendor/laravel/framework/src/Illuminate/Routing/Router.php(821): Illuminate\\Pipeline\\Pipeline->then(Object(Closure))
#23 /Volumes/Home/moohard/Kerjaan-Kepegawaian/apel-app/vendor/laravel/framework/src/Illuminate/Routing/Router.php(800): Illuminate\\Routing\\Router->runRouteWithinStack(Object(Illuminate\\Routing\\Route), Object(Illuminate\\Http\\Request))
#24 /Volumes/Home/moohard/Kerjaan-Kepegawaian/apel-app/vendor/laravel/framework/src/Illuminate/Routing/Router.php(764): Illuminate\\Routing\\Router->runRoute(Object(Illuminate\\Http\\Request), Object(Illuminate\\Routing\\Route))
#25 /Volumes/Home/moohard/Kerjaan-Kepegawaian/apel-app/vendor/laravel/framework/src/Illuminate/Routing/Router.php(753): Illuminate\\Routing\\Router->dispatchToRoute(Object(Illuminate\\Http\\Request))
#26 /Volumes/Home/moohard/Kerjaan-Kepegawaian/apel-app/vendor/laravel/framework/src/Illuminate/Foundation/Http/Kernel.php(200): Illuminate\\Routing\\Router->dispatch(Object(Illuminate\\Http\\Request))
#27 /Volumes/Home/moohard/Kerjaan-Kepegawaian/apel-app/vendor/laravel/framework/src/Illuminate/Pipeline/Pipeline.php(180): Illuminate\\Foundation\\Http\\Kernel->{closure:Illuminate\\Foundation\\Http\\Kernel::dispatchToRouter():197}(Object(Illuminate\\Http\\Request))
#28 /Volumes/Home/moohard/Kerjaan-Kepegawaian/apel-app/vendor/laravel/framework/src/Illuminate/Foundation/Http/Middleware/TransformsRequest.php(21): Illuminate\\Pipeline\\Pipeline->{closure:Illuminate\\Pipeline\\Pipeline::prepareDestination():178}(Object(Illuminate\\Http\\Request))
#29 /Volumes/Home/moohard/Kerjaan-Kepegawaian/apel-app/vendor/laravel/framework/src/Illuminate/Foundation/Http/Middleware/ConvertEmptyStringsToNull.php(31): Illuminate\\Foundation\\Http\\Middleware\\TransformsRequest->handle(Object(Illuminate\\Http\\Request), Object(Closure))
#30 /Volumes/Home/moohard/Kerjaan-Kepegawaian/apel-app/vendor/laravel/framework/src/Illuminate/Pipeline/Pipeline.php(219): Illuminate\\Foundation\\Http\\Middleware\\ConvertEmptyStringsToNull->handle(Object(Illuminate\\Http\\Request), Object(Closure))
#31 /Volumes/Home/moohard/Kerjaan-Kepegawaian/apel-app/vendor/laravel/framework/src/Illuminate/Foundation/Http/Middleware/TransformsRequest.php(21): Illuminate\\Pipeline\\Pipeline->{closure:{closure:Illuminate\\Pipeline\\Pipeline::carry():194}:195}(Object(Illuminate\\Http\\Request))
#32 /Volumes/Home/moohard/Kerjaan-Kepegawaian/apel-app/vendor/laravel/framework/src/Illuminate/Foundation/Http/Middleware/TrimStrings.php(51): Illuminate\\Foundation\\Http\\Middleware\\TransformsRequest->handle(Object(Illuminate\\Http\\Request), Object(Closure))
#33 /Volumes/Home/moohard/Kerjaan-Kepegawaian/apel-app/vendor/laravel/framework/src/Illuminate/Pipeline/Pipeline.php(219): Illuminate\\Foundation\\Http\\Middleware\\TrimStrings->handle(Object(Illuminate\\Http\\Request), Object(Closure))
#34 /Volumes/Home/moohard/Kerjaan-Kepegawaian/apel-app/vendor/laravel/framework/src/Illuminate/Http/Middleware/ValidatePostSize.php(27): Illuminate\\Pipeline\\Pipeline->{closure:{closure:Illuminate\\Pipeline\\Pipeline::carry():194}:195}(Object(Illuminate\\Http\\Request))
#35 /Volumes/Home/moohard/Kerjaan-Kepegawaian/apel-app/vendor/laravel/framework/src/Illuminate/Pipeline/Pipeline.php(219): Illuminate\\Http\\Middleware\\ValidatePostSize->handle(Object(Illuminate\\Http\\Request), Object(Closure))
#36 /Volumes/Home/moohard/Kerjaan-Kepegawaian/apel-app/vendor/laravel/framework/src/Illuminate/Foundation/Http/Middleware/PreventRequestsDuringMaintenance.php(109): Illuminate\\Pipeline\\Pipeline->{closure:{closure:Illuminate\\Pipeline\\Pipeline::carry():194}:195}(Object(Illuminate\\Http\\Request))
#37 /Volumes/Home/moohard/Kerjaan-Kepegawaian/apel-app/vendor/laravel/framework/src/Illuminate/Pipeline/Pipeline.php(219): Illuminate\\Foundation\\Http\\Middleware\\PreventRequestsDuringMaintenance->handle(Object(Illuminate\\Http\\Request), Object(Closure))
#38 /Volumes/Home/moohard/Kerjaan-Kepegawaian/apel-app/vendor/laravel/framework/src/Illuminate/Http/Middleware/HandleCors.php(48): Illuminate\\Pipeline\\Pipeline->{closure:{closure:Illuminate\\Pipeline\\Pipeline::carry():194}:195}(Object(Illuminate\\Http\\Request))
#39 /Volumes/Home/moohard/Kerjaan-Kepegawaian/apel-app/vendor/laravel/framework/src/Illuminate/Pipeline/Pipeline.php(219): Illuminate\\Http\\Middleware\\HandleCors->handle(Object(Illuminate\\Http\\Request), Object(Closure))
#40 /Volumes/Home/moohard/Kerjaan-Kepegawaian/apel-app/vendor/laravel/framework/src/Illuminate/Http/Middleware/TrustProxies.php(58): Illuminate\\Pipeline\\Pipeline->{closure:{closure:Illuminate\\Pipeline\\Pipeline::carry():194}:195}(Object(Illuminate\\Http\\Request))
#41 /Volumes/Home/moohard/Kerjaan-Kepegawaian/apel-app/vendor/laravel/framework/src/Illuminate/Pipeline/Pipeline.php(219): Illuminate\\Http\\Middleware\\TrustProxies->handle(Object(Illuminate\\Http\\Request), Object(Closure))
#42 /Volumes/Home/moohard/Kerjaan-Kepegawaian/apel-app/vendor/laravel/framework/src/Illuminate/Foundation/Http/Middleware/InvokeDeferredCallbacks.php(22): Illuminate\\Pipeline\\Pipeline->{closure:{closure:Illuminate\\Pipeline\\Pipeline::carry():194}:195}(Object(Illuminate\\Http\\Request))
#43 /Volumes/Home/moohard/Kerjaan-Kepegawaian/apel-app/vendor/laravel/framework/src/Illuminate/Pipeline/Pipeline.php(219): Illuminate\\Foundation\\Http\\Middleware\\InvokeDeferredCallbacks->handle(Object(Illuminate\\Http\\Request), Object(Closure))
#44 /Volumes/Home/moohard/Kerjaan-Kepegawaian/apel-app/vendor/laravel/framework/src/Illuminate/Http/Middleware/ValidatePathEncoding.php(26): Illuminate\\Pipeline\\Pipeline->{closure:{closure:Illuminate\\Pipeline\\Pipeline::carry():194}:195}(Object(Illuminate\\Http\\Request))
#45 /Volumes/Home/moohard/Kerjaan-Kepegawaian/apel-app/vendor/laravel/framework/src/Illuminate/Pipeline/Pipeline.php(219): Illuminate\\Http\\Middleware\\ValidatePathEncoding->handle(Object(Illuminate\\Http\\Request), Object(Closure))
#46 /Volumes/Home/moohard/Kerjaan-Kepegawaian/apel-app/vendor/laravel/framework/src/Illuminate/Pipeline/Pipeline.php(137): Illuminate\\Pipeline\\Pipeline->{closure:{closure:Illuminate\\Pipeline\\Pipeline::carry():194}:195}(Object(Illuminate\\Http\\Request))
#47 /Volumes/Home/moohard/Kerjaan-Kepegawaian/apel-app/vendor/laravel/framework/src/Illuminate/Foundation/Http/Kernel.php(175): Illuminate\\Pipeline\\Pipeline->then(Object(Closure))
#48 /Volumes/Home/moohard/Kerjaan-Kepegawaian/apel-app/vendor/laravel/framework/src/Illuminate/Foundation/Http/Kernel.php(144): Illuminate\\Foundation\\Http\\Kernel->sendRequestThroughRouter(Object(Illuminate\\Http\\Request))
#49 /Volumes/Home/moohard/Kerjaan-Kepegawaian/apel-app/vendor/laravel/framework/src/Illuminate/Foundation/Application.php(1220): Illuminate\\Foundation\\Http\\Kernel->handle(Object(Illuminate\\Http\\Request))
#50 /Volumes/Home/moohard/Kerjaan-Kepegawaian/apel-app/public/index.php(20): Illuminate\\Foundation\\Application->handleRequest(Object(Illuminate\\Http\\Request))
#51 /Volumes/Home/moohard/Kerjaan-Kepegawaian/apel-app/vendor/laravel/framework/src/Illuminate/Foundation/resources/server.php(23): require_once('/Volumes/Home/m...')
#52 {main}
"} 
[2026-01-12 05:51:51] local.ERROR: Class "Redis" not found {"exception":"[object] (Error(code: 0): Class \"Redis\" not found at /Volumes/Home/moohard/Kerjaan-Kepegawaian/apel-app/vendor/laravel/framework/src/Illuminate/Redis/Connectors/PhpRedisConnector.php:80)
[stacktrace]
#0 /Volumes/Home/moohard/Kerjaan-Kepegawaian/apel-app/vendor/laravel/framework/src/Illuminate/Redis/Connectors/PhpRedisConnector.php(34): Illuminate\\Redis\\Connectors\\PhpRedisConnector->createClient(Array)
#1 /Volumes/Home/moohard/Kerjaan-Kepegawaian/apel-app/vendor/laravel/framework/src/Illuminate/Redis/Connectors/PhpRedisConnector.php(39): Illuminate\\Redis\\Connectors\\PhpRedisConnector->{closure:Illuminate\\Redis\\Connectors\\PhpRedisConnector::connect():33}()
#2 /Volumes/Home/moohard/Kerjaan-Kepegawaian/apel-app/vendor/laravel/framework/src/Illuminate/Redis/RedisManager.php(111): Illuminate\\Redis\\Connectors\\PhpRedisConnector->connect(Array, Array)
#3 /Volumes/Home/moohard/Kerjaan-Kepegawaian/apel-app/vendor/laravel/framework/src/Illuminate/Redis/RedisManager.php(92): Illuminate\\Redis\\RedisManager->resolve('default')
#4 /Volumes/Home/moohard/Kerjaan-Kepegawaian/apel-app/vendor/laravel/framework/src/Illuminate/Cache/RedisStore.php(368): Illuminate\\Redis\\RedisManager->connection('default')
#5 /Volumes/Home/moohard/Kerjaan-Kepegawaian/apel-app/vendor/laravel/framework/src/Illuminate/Cache/RedisStore.php(71): Illuminate\\Cache\\RedisStore->connection()
#6 /Volumes/Home/moohard/Kerjaan-Kepegawaian/apel-app/vendor/laravel/framework/src/Illuminate/Cache/Repository.php(119): Illuminate\\Cache\\RedisStore->get('l4I89DPTjuFvmQ3...')
#7 /Volumes/Home/moohard/Kerjaan-Kepegawaian/apel-app/vendor/laravel/framework/src/Illuminate/Session/CacheBasedSessionHandler.php(63): Illuminate\\Cache\\Repository->get('l4I89DPTjuFvmQ3...', '')
#8 /Volumes/Home/moohard/Kerjaan-Kepegawaian/apel-app/vendor/laravel/framework/src/Illuminate/Session/Store.php(117): Illuminate\\Session\\CacheBasedSessionHandler->read('l4I89DPTjuFvmQ3...')
#9 /Volumes/Home/moohard/Kerjaan-Kepegawaian/apel-app/vendor/laravel/framework/src/Illuminate/Session/Store.php(105): Illuminate\\Session\\Store->readFromHandler()
#10 /Volumes/Home/moohard/Kerjaan-Kepegawaian/apel-app/vendor/laravel/framework/src/Illuminate/Session/Store.php(89): Illuminate\\Session\\Store->loadSession()
#11 /Volumes/Home/moohard/Kerjaan-Kepegawaian/apel-app/vendor/laravel/framework/src/Illuminate/Session/Middleware/StartSession.php(146): Illuminate\\Session\\Store->start()
#12 /Volumes/Home/moohard/Kerjaan-Kepegawaian/apel-app/vendor/laravel/framework/src/Illuminate/Support/helpers.php(390): Illuminate\\Session\\Middleware\\StartSession->{closure:Illuminate\\Session\\Middleware\\StartSession::startSession():143}(Object(Illuminate\\Session\\Store))
#13 /Volumes/Home/moohard/Kerjaan-Kepegawaian/apel-app/vendor/laravel/framework/src/Illuminate/Session/Middleware/StartSession.php(143): tap(Object(Illuminate\\Session\\Store), Object(Closure))
#14 /Volumes/Home/moohard/Kerjaan-Kepegawaian/apel-app/vendor/laravel/framework/src/Illuminate/Session/Middleware/StartSession.php(115): Illuminate\\Session\\Middleware\\StartSession->startSession(Object(Illuminate\\Http\\Request), Object(Illuminate\\Session\\Store))
#15 /Volumes/Home/moohard/Kerjaan-Kepegawaian/apel-app/vendor/laravel/framework/src/Illuminate/Session/Middleware/StartSession.php(63): Illuminate\\Session\\Middleware\\StartSession->handleStatefulRequest(Object(Illuminate\\Http\\Request), Object(Illuminate\\Session\\Store), Object(Closure))
#16 /Volumes/Home/moohard/Kerjaan-Kepegawaian/apel-app/vendor/laravel/framework/src/Illuminate/Pipeline/Pipeline.php(219): Illuminate\\Session\\Middleware\\StartSession->handle(Object(Illuminate\\Http\\Request), Object(Closure))
#17 /Volumes/Home/moohard/Kerjaan-Kepegawaian/apel-app/vendor/laravel/framework/src/Illuminate/Cookie/Middleware/AddQueuedCookiesToResponse.php(36): Illuminate\\Pipeline\\Pipeline->{closure:{closure:Illuminate\\Pipeline\\Pipeline::carry():194}:195}(Object(Illuminate\\Http\\Request))
#18 /Volumes/Home/moohard/Kerjaan-Kepegawaian/apel-app/vendor/laravel/framework/src/Illuminate/Pipeline/Pipeline.php(219): Illuminate\\Cookie\\Middleware\\AddQueuedCookiesToResponse->handle(Object(Illuminate\\Http\\Request), Object(Closure))
#19 /Volumes/Home/moohard/Kerjaan-Kepegawaian/apel-app/vendor/laravel/framework/src/Illuminate/Cookie/Middleware/EncryptCookies.php(74): Illuminate\\Pipeline\\Pipeline->{closure:{closure:Illuminate\\Pipeline\\Pipeline::carry():194}:195}(Object(Illuminate\\Http\\Request))
#20 /Volumes/Home/moohard/Kerjaan-Kepegawaian/apel-app/vendor/laravel/framework/src/Illuminate/Pipeline/Pipeline.php(219): Illuminate\\Cookie\\Middleware\\EncryptCookies->handle(Object(Illuminate\\Http\\Request), Object(Closure))
#21 /Volumes/Home/moohard/Kerjaan-Kepegawaian/apel-app/vendor/laravel/framework/src/Illuminate/Pipeline/Pipeline.php(137): Illuminate\\Pipeline\\Pipeline->{closure:{closure:Illuminate\\Pipeline\\Pipeline::carry():194}:195}(Object(Illuminate\\Http\\Request))
#22 /Volumes/Home/moohard/Kerjaan-Kepegawaian/apel-app/vendor/laravel/framework/src/Illuminate/Routing/Router.php(821): Illuminate\\Pipeline\\Pipeline->then(Object(Closure))
#23 /Volumes/Home/moohard/Kerjaan-Kepegawaian/apel-app/vendor/laravel/framework/src/Illuminate/Routing/Router.php(800): Illuminate\\Routing\\Router->runRouteWithinStack(Object(Illuminate\\Routing\\Route), Object(Illuminate\\Http\\Request))
#24 /Volumes/Home/moohard/Kerjaan-Kepegawaian/apel-app/vendor/laravel/framework/src/Illuminate/Routing/Router.php(764): Illuminate\\Routing\\Router->runRoute(Object(Illuminate\\Http\\Request), Object(Illuminate\\Routing\\Route))
#25 /Volumes/Home/moohard/Kerjaan-Kepegawaian/apel-app/vendor/laravel/framework/src/Illuminate/Routing/Router.php(753): Illuminate\\Routing\\Router->dispatchToRoute(Object(Illuminate\\Http\\Request))
#26 /Volumes/Home/moohard/Kerjaan-Kepegawaian/apel-app/vendor/laravel/framework/src/Illuminate/Foundation/Http/Kernel.php(200): Illuminate\\Routing\\Router->dispatch(Object(Illuminate\\Http\\Request))
#27 /Volumes/Home/moohard/Kerjaan-Kepegawaian/apel-app/vendor/laravel/framework/src/Illuminate/Pipeline/Pipeline.php(180): Illuminate\\Foundation\\Http\\Kernel->{closure:Illuminate\\Foundation\\Http\\Kernel::dispatchToRouter():197}(Object(Illuminate\\Http\\Request))
#28 /Volumes/Home/moohard/Kerjaan-Kepegawaian/apel-app/vendor/laravel/framework/src/Illuminate/Foundation/Http/Middleware/TransformsRequest.php(21): Illuminate\\Pipeline\\Pipeline->{closure:Illuminate\\Pipeline\\Pipeline::prepareDestination():178}(Object(Illuminate\\Http\\Request))
#29 /Volumes/Home/moohard/Kerjaan-Kepegawaian/apel-app/vendor/laravel/framework/src/Illuminate/Foundation/Http/Middleware/ConvertEmptyStringsToNull.php(31): Illuminate\\Foundation\\Http\\Middleware\\TransformsRequest->handle(Object(Illuminate\\Http\\Request), Object(Closure))
#30 /Volumes/Home/moohard/Kerjaan-Kepegawaian/apel-app/vendor/laravel/framework/src/Illuminate/Pipeline/Pipeline.php(219): Illuminate\\Foundation\\Http\\Middleware\\ConvertEmptyStringsToNull->handle(Object(Illuminate\\Http\\Request), Object(Closure))
#31 /Volumes/Home/moohard/Kerjaan-Kepegawaian/apel-app/vendor/laravel/framework/src/Illuminate/Foundation/Http/Middleware/TransformsRequest.php(21): Illuminate\\Pipeline\\Pipeline->{closure:{closure:Illuminate\\Pipeline\\Pipeline::carry():194}:195}(Object(Illuminate\\Http\\Request))
#32 /Volumes/Home/moohard/Kerjaan-Kepegawaian/apel-app/vendor/laravel/framework/src/Illuminate/Foundation/Http/Middleware/TrimStrings.php(51): Illuminate\\Foundation\\Http\\Middleware\\TransformsRequest->handle(Object(Illuminate\\Http\\Request), Object(Closure))
#33 /Volumes/Home/moohard/Kerjaan-Kepegawaian/apel-app/vendor/laravel/framework/src/Illuminate/Pipeline/Pipeline.php(219): Illuminate\\Foundation\\Http\\Middleware\\TrimStrings->handle(Object(Illuminate\\Http\\Request), Object(Closure))
#34 /Volumes/Home/moohard/Kerjaan-Kepegawaian/apel-app/vendor/laravel/framework/src/Illuminate/Http/Middleware/ValidatePostSize.php(27): Illuminate\\Pipeline\\Pipeline->{closure:{closure:Illuminate\\Pipeline\\Pipeline::carry():194}:195}(Object(Illuminate\\Http\\Request))
#35 /Volumes/Home/moohard/Kerjaan-Kepegawaian/apel-app/vendor/laravel/framework/src/Illuminate/Pipeline/Pipeline.php(219): Illuminate\\Http\\Middleware\\ValidatePostSize->handle(Object(Illuminate\\Http\\Request), Object(Closure))
#36 /Volumes/Home/moohard/Kerjaan-Kepegawaian/apel-app/vendor/laravel/framework/src/Illuminate/Foundation/Http/Middleware/PreventRequestsDuringMaintenance.php(109): Illuminate\\Pipeline\\Pipeline->{closure:{closure:Illuminate\\Pipeline\\Pipeline::carry():194}:195}(Object(Illuminate\\Http\\Request))
#37 /Volumes/Home/moohard/Kerjaan-Kepegawaian/apel-app/vendor/laravel/framework/src/Illuminate/Pipeline/Pipeline.php(219): Illuminate\\Foundation\\Http\\Middleware\\PreventRequestsDuringMaintenance->handle(Object(Illuminate\\Http\\Request), Object(Closure))
#38 /Volumes/Home/moohard/Kerjaan-Kepegawaian/apel-app/vendor/laravel/framework/src/Illuminate/Http/Middleware/HandleCors.php(48): Illuminate\\Pipeline\\Pipeline->{closure:{closure:Illuminate\\Pipeline\\Pipeline::carry():194}:195}(Object(Illuminate\\Http\\Request))
#39 /Volumes/Home/moohard/Kerjaan-Kepegawaian/apel-app/vendor/laravel/framework/src/Illuminate/Pipeline/Pipeline.php(219): Illuminate\\Http\\Middleware\\HandleCors->handle(Object(Illuminate\\Http\\Request), Object(Closure))
#40 /Volumes/Home/moohard/Kerjaan-Kepegawaian/apel-app/vendor/laravel/framework/src/Illuminate/Http/Middleware/TrustProxies.php(58): Illuminate\\Pipeline\\Pipeline->{closure:{closure:Illuminate\\Pipeline\\Pipeline::carry():194}:195}(Object(Illuminate\\Http\\Request))
#41 /Volumes/Home/moohard/Kerjaan-Kepegawaian/apel-app/vendor/laravel/framework/src/Illuminate/Pipeline/Pipeline.php(219): Illuminate\\Http\\Middleware\\TrustProxies->handle(Object(Illuminate\\Http\\Request), Object(Closure))
#42 /Volumes/Home/moohard/Kerjaan-Kepegawaian/apel-app/vendor/laravel/framework/src/Illuminate/Foundation/Http/Middleware/InvokeDeferredCallbacks.php(22): Illuminate\\Pipeline\\Pipeline->{closure:{closure:Illuminate\\Pipeline\\Pipeline::carry():194}:195}(Object(Illuminate\\Http\\Request))
#43 /Volumes/Home/moohard/Kerjaan-Kepegawaian/apel-app/vendor/laravel/framework/src/Illuminate/Pipeline/Pipeline.php(219): Illuminate\\Foundation\\Http\\Middleware\\InvokeDeferredCallbacks->handle(Object(Illuminate\\Http\\Request), Object(Closure))
#44 /Volumes/Home/moohard/Kerjaan-Kepegawaian/apel-app/vendor/laravel/framework/src/Illuminate/Http/Middleware/ValidatePathEncoding.php(26): Illuminate\\Pipeline\\Pipeline->{closure:{closure:Illuminate\\Pipeline\\Pipeline::carry():194}:195}(Object(Illuminate\\Http\\Request))
#45 /Volumes/Home/moohard/Kerjaan-Kepegawaian/apel-app/vendor/laravel/framework/src/Illuminate/Pipeline/Pipeline.php(219): Illuminate\\Http\\Middleware\\ValidatePathEncoding->handle(Object(Illuminate\\Http\\Request), Object(Closure))
#46 /Volumes/Home/moohard/Kerjaan-Kepegawaian/apel-app/vendor/laravel/framework/src/Illuminate/Pipeline/Pipeline.php(137): Illuminate\\Pipeline\\Pipeline->{closure:{closure:Illuminate\\Pipeline\\Pipeline::carry():194}:195}(Object(Illuminate\\Http\\Request))
#47 /Volumes/Home/moohard/Kerjaan-Kepegawaian/apel-app/vendor/laravel/framework/src/Illuminate/Foundation/Http/Kernel.php(175): Illuminate\\Pipeline\\Pipeline->then(Object(Closure))
#48 /Volumes/Home/moohard/Kerjaan-Kepegawaian/apel-app/vendor/laravel/framework/src/Illuminate/Foundation/Http/Kernel.php(144): Illuminate\\Foundation\\Http\\Kernel->sendRequestThroughRouter(Object(Illuminate\\Http\\Request))
#49 /Volumes/Home/moohard/Kerjaan-Kepegawaian/apel-app/vendor/laravel/framework/src/Illuminate/Foundation/Application.php(1220): Illuminate\\Foundation\\Http\\Kernel->handle(Object(Illuminate\\Http\\Request))
#50 /Volumes/Home/moohard/Kerjaan-Kepegawaian/apel-app/public/index.php(20): Illuminate\\Foundation\\Application->handleRequest(Object(Illuminate\\Http\\Request))
#51 /Volumes/Home/moohard/Kerjaan-Kepegawaian/apel-app/vendor/laravel/framework/src/Illuminate/Foundation/resources/server.php(23): require_once('/Volumes/Home/m...')
#52 {main}
"} 
[2026-01-12 05:53:05] local.ERROR: Class "Redis" not found {"exception":"[object] (Error(code: 0): Class \"Redis\" not found at /Volumes/Home/moohard/Kerjaan-Kepegawaian/apel-app/vendor/laravel/framework/src/Illuminate/Redis/Connectors/PhpRedisConnector.php:80)
[stacktrace]
#0 /Volumes/Home/moohard/Kerjaan-Kepegawaian/apel-app/vendor/laravel/framework/src/Illuminate/Redis/Connectors/PhpRedisConnector.php(34): Illuminate\\Redis\\Connectors\\PhpRedisConnector->createClient(Array)
#1 /Volumes/Home/moohard/Kerjaan-Kepegawaian/apel-app/vendor/laravel/framework/src/Illuminate/Redis/Connectors/PhpRedisConnector.php(39): Illuminate\\Redis\\Connectors\\PhpRedisConnector->{closure:Illuminate\\Redis\\Connectors\\PhpRedisConnector::connect():33}()
#2 /Volumes/Home/moohard/Kerjaan-Kepegawaian/apel-app/vendor/laravel/framework/src/Illuminate/Redis/RedisManager.php(111): Illuminate\\Redis\\Connectors\\PhpRedisConnector->connect(Array, Array)
#3 /Volumes/Home/moohard/Kerjaan-Kepegawaian/apel-app/vendor/laravel/framework/src/Illuminate/Redis/RedisManager.php(92): Illuminate\\Redis\\RedisManager->resolve('default')
#4 /Volumes/Home/moohard/Kerjaan-Kepegawaian/apel-app/vendor/laravel/framework/src/Illuminate/Cache/RedisStore.php(368): Illuminate\\Redis\\RedisManager->connection('default')
#5 /Volumes/Home/moohard/Kerjaan-Kepegawaian/apel-app/vendor/laravel/framework/src/Illuminate/Cache/RedisStore.php(71): Illuminate\\Cache\\RedisStore->connection()
#6 /Volumes/Home/moohard/Kerjaan-Kepegawaian/apel-app/vendor/laravel/framework/src/Illuminate/Cache/Repository.php(119): Illuminate\\Cache\\RedisStore->get('NGz9wbSu2xUiW7t...')
#7 /Volumes/Home/moohard/Kerjaan-Kepegawaian/apel-app/vendor/laravel/framework/src/Illuminate/Session/CacheBasedSessionHandler.php(63): Illuminate\\Cache\\Repository->get('NGz9wbSu2xUiW7t...', '')
#8 /Volumes/Home/moohard/Kerjaan-Kepegawaian/apel-app/vendor/laravel/framework/src/Illuminate/Session/Store.php(117): Illuminate\\Session\\CacheBasedSessionHandler->read('NGz9wbSu2xUiW7t...')
#9 /Volumes/Home/moohard/Kerjaan-Kepegawaian/apel-app/vendor/laravel/framework/src/Illuminate/Session/Store.php(105): Illuminate\\Session\\Store->readFromHandler()
#10 /Volumes/Home/moohard/Kerjaan-Kepegawaian/apel-app/vendor/laravel/framework/src/Illuminate/Session/Store.php(89): Illuminate\\Session\\Store->loadSession()
#11 /Volumes/Home/moohard/Kerjaan-Kepegawaian/apel-app/vendor/laravel/framework/src/Illuminate/Session/Middleware/StartSession.php(146): Illuminate\\Session\\Store->start()
#12 /Volumes/Home/moohard/Kerjaan-Kepegawaian/apel-app/vendor/laravel/framework/src/Illuminate/Support/helpers.php(390): Illuminate\\Session\\Middleware\\StartSession->{closure:Illuminate\\Session\\Middleware\\StartSession::startSession():143}(Object(Illuminate\\Session\\Store))
#13 /Volumes/Home/moohard/Kerjaan-Kepegawaian/apel-app/vendor/laravel/framework/src/Illuminate/Session/Middleware/StartSession.php(143): tap(Object(Illuminate\\Session\\Store), Object(Closure))
#14 /Volumes/Home/moohard/Kerjaan-Kepegawaian/apel-app/vendor/laravel/framework/src/Illuminate/Session/Middleware/StartSession.php(115): Illuminate\\Session\\Middleware\\StartSession->startSession(Object(Illuminate\\Http\\Request), Object(Illuminate\\Session\\Store))
#15 /Volumes/Home/moohard/Kerjaan-Kepegawaian/apel-app/vendor/laravel/framework/src/Illuminate/Session/Middleware/StartSession.php(63): Illuminate\\Session\\Middleware\\StartSession->handleStatefulRequest(Object(Illuminate\\Http\\Request), Object(Illuminate\\Session\\Store), Object(Closure))
#16 /Volumes/Home/moohard/Kerjaan-Kepegawaian/apel-app/vendor/laravel/framework/src/Illuminate/Pipeline/Pipeline.php(219): Illuminate\\Session\\Middleware\\StartSession->handle(Object(Illuminate\\Http\\Request), Object(Closure))
#17 /Volumes/Home/moohard/Kerjaan-Kepegawaian/apel-app/vendor/laravel/framework/src/Illuminate/Cookie/Middleware/AddQueuedCookiesToResponse.php(36): Illuminate\\Pipeline\\Pipeline->{closure:{closure:Illuminate\\Pipeline\\Pipeline::carry():194}:195}(Object(Illuminate\\Http\\Request))
#18 /Volumes/Home/moohard/Kerjaan-Kepegawaian/apel-app/vendor/laravel/framework/src/Illuminate/Pipeline/Pipeline.php(219): Illuminate\\Cookie\\Middleware\\AddQueuedCookiesToResponse->handle(Object(Illuminate\\Http\\Request), Object(Closure))
#19 /Volumes/Home/moohard/Kerjaan-Kepegawaian/apel-app/vendor/laravel/framework/src/Illuminate/Cookie/Middleware/EncryptCookies.php(74): Illuminate\\Pipeline\\Pipeline->{closure:{closure:Illuminate\\Pipeline\\Pipeline::carry():194}:195}(Object(Illuminate\\Http\\Request))
#20 /Volumes/Home/moohard/Kerjaan-Kepegawaian/apel-app/vendor/laravel/framework/src/Illuminate/Pipeline/Pipeline.php(219): Illuminate\\Cookie\\Middleware\\EncryptCookies->handle(Object(Illuminate\\Http\\Request), Object(Closure))
#21 /Volumes/Home/moohard/Kerjaan-Kepegawaian/apel-app/vendor/laravel/framework/src/Illuminate/Pipeline/Pipeline.php(137): Illuminate\\Pipeline\\Pipeline->{closure:{closure:Illuminate\\Pipeline\\Pipeline::carry():194}:195}(Object(Illuminate\\Http\\Request))
#22 /Volumes/Home/moohard/Kerjaan-Kepegawaian/apel-app/vendor/laravel/framework/src/Illuminate/Routing/Router.php(821): Illuminate\\Pipeline\\Pipeline->then(Object(Closure))
#23 /Volumes/Home/moohard/Kerjaan-Kepegawaian/apel-app/vendor/laravel/framework/src/Illuminate/Routing/Router.php(800): Illuminate\\Routing\\Router->runRouteWithinStack(Object(Illuminate\\Routing\\Route), Object(Illuminate\\Http\\Request))
#24 /Volumes/Home/moohard/Kerjaan-Kepegawaian/apel-app/vendor/laravel/framework/src/Illuminate/Routing/Router.php(764): Illuminate\\Routing\\Router->runRoute(Object(Illuminate\\Http\\Request), Object(Illuminate\\Routing\\Route))
#25 /Volumes/Home/moohard/Kerjaan-Kepegawaian/apel-app/vendor/laravel/framework/src/Illuminate/Routing/Router.php(753): Illuminate\\Routing\\Router->dispatchToRoute(Object(Illuminate\\Http\\Request))
#26 /Volumes/Home/moohard/Kerjaan-Kepegawaian/apel-app/vendor/laravel/framework/src/Illuminate/Foundation/Http/Kernel.php(200): Illuminate\\Routing\\Router->dispatch(Object(Illuminate\\Http\\Request))
#27 /Volumes/Home/moohard/Kerjaan-Kepegawaian/apel-app/vendor/laravel/framework/src/Illuminate/Pipeline/Pipeline.php(180): Illuminate\\Foundation\\Http\\Kernel->{closure:Illuminate\\Foundation\\Http\\Kernel::dispatchToRouter():197}(Object(Illuminate\\Http\\Request))
#28 /Volumes/Home/moohard/Kerjaan-Kepegawaian/apel-app/vendor/laravel/framework/src/Illuminate/Foundation/Http/Middleware/TransformsRequest.php(21): Illuminate\\Pipeline\\Pipeline->{closure:Illuminate\\Pipeline\\Pipeline::prepareDestination():178}(Object(Illuminate\\Http\\Request))
#29 /Volumes/Home/moohard/Kerjaan-Kepegawaian/apel-app/vendor/laravel/framework/src/Illuminate/Foundation/Http/Middleware/ConvertEmptyStringsToNull.php(31): Illuminate\\Foundation\\Http\\Middleware\\TransformsRequest->handle(Object(Illuminate\\Http\\Request), Object(Closure))
#30 /Volumes/Home/moohard/Kerjaan-Kepegawaian/apel-app/vendor/laravel/framework/src/Illuminate/Pipeline/Pipeline.php(219): Illuminate\\Foundation\\Http\\Middleware\\ConvertEmptyStringsToNull->handle(Object(Illuminate\\Http\\Request), Object(Closure))
#31 /Volumes/Home/moohard/Kerjaan-Kepegawaian/apel-app/vendor/laravel/framework/src/Illuminate/Foundation/Http/Middleware/TransformsRequest.php(21): Illuminate\\Pipeline\\Pipeline->{closure:{closure:Illuminate\\Pipeline\\Pipeline::carry():194}:195}(Object(Illuminate\\Http\\Request))
#32 /Volumes/Home/moohard/Kerjaan-Kepegawaian/apel-app/vendor/laravel/framework/src/Illuminate/Foundation/Http/Middleware/TrimStrings.php(51): Illuminate\\Foundation\\Http\\Middleware\\TransformsRequest->handle(Object(Illuminate\\Http\\Request), Object(Closure))
#33 /Volumes/Home/moohard/Kerjaan-Kepegawaian/apel-app/vendor/laravel/framework/src/Illuminate/Pipeline/Pipeline.php(219): Illuminate\\Foundation\\Http\\Middleware\\TrimStrings->handle(Object(Illuminate\\Http\\Request), Object(Closure))
#34 /Volumes/Home/moohard/Kerjaan-Kepegawaian/apel-app/vendor/laravel/framework/src/Illuminate/Http/Middleware/ValidatePostSize.php(27): Illuminate\\Pipeline\\Pipeline->{closure:{closure:Illuminate\\Pipeline\\Pipeline::carry():194}:195}(Object(Illuminate\\Http\\Request))
#35 /Volumes/Home/moohard/Kerjaan-Kepegawaian/apel-app/vendor/laravel/framework/src/Illuminate/Pipeline/Pipeline.php(219): Illuminate\\Http\\Middleware\\ValidatePostSize->handle(Object(Illuminate\\Http\\Request), Object(Closure))
#36 /Volumes/Home/moohard/Kerjaan-Kepegawaian/apel-app/vendor/laravel/framework/src/Illuminate/Foundation/Http/Middleware/PreventRequestsDuringMaintenance.php(109): Illuminate\\Pipeline\\Pipeline->{closure:{closure:Illuminate\\Pipeline\\Pipeline::carry():194}:195}(Object(Illuminate\\Http\\Request))
#37 /Volumes/Home/moohard/Kerjaan-Kepegawaian/apel-app/vendor/laravel/framework/src/Illuminate/Pipeline/Pipeline.php(219): Illuminate\\Foundation\\Http\\Middleware\\PreventRequestsDuringMaintenance->handle(Object(Illuminate\\Http\\Request), Object(Closure))
#38 /Volumes/Home/moohard/Kerjaan-Kepegawaian/apel-app/vendor/laravel/framework/src/Illuminate/Http/Middleware/HandleCors.php(48): Illuminate\\Pipeline\\Pipeline->{closure:{closure:Illuminate\\Pipeline\\Pipeline::carry():194}:195}(Object(Illuminate\\Http\\Request))
#39 /Volumes/Home/moohard/Kerjaan-Kepegawaian/apel-app/vendor/laravel/framework/src/Illuminate/Pipeline/Pipeline.php(219): Illuminate\\Http\\Middleware\\HandleCors->handle(Object(Illuminate\\Http\\Request), Object(Closure))
#40 /Volumes/Home/moohard/Kerjaan-Kepegawaian/apel-app/vendor/laravel/framework/src/Illuminate/Http/Middleware/TrustProxies.php(58): Illuminate\\Pipeline\\Pipeline->{closure:{closure:Illuminate\\Pipeline\\Pipeline::carry():194}:195}(Object(Illuminate\\Http\\Request))
#41 /Volumes/Home/moohard/Kerjaan-Kepegawaian/apel-app/vendor/laravel/framework/src/Illuminate/Pipeline/Pipeline.php(219): Illuminate\\Http\\Middleware\\TrustProxies->handle(Object(Illuminate\\Http\\Request), Object(Closure))
#42 /Volumes/Home/moohard/Kerjaan-Kepegawaian/apel-app/vendor/laravel/framework/src/Illuminate/Foundation/Http/Middleware/InvokeDeferredCallbacks.php(22): Illuminate\\Pipeline\\Pipeline->{closure:{closure:Illuminate\\Pipeline\\Pipeline::carry():194}:195}(Object(Illuminate\\Http\\Request))
#43 /Volumes/Home/moohard/Kerjaan-Kepegawaian/apel-app/vendor/laravel/framework/src/Illuminate/Pipeline/Pipeline.php(219): Illuminate\\Foundation\\Http\\Middleware\\InvokeDeferredCallbacks->handle(Object(Illuminate\\Http\\Request), Object(Closure))
#44 /Volumes/Home/moohard/Kerjaan-Kepegawaian/apel-app/vendor/laravel/framework/src/Illuminate/Http/Middleware/ValidatePathEncoding.php(26): Illuminate\\Pipeline\\Pipeline->{closure:{closure:Illuminate\\Pipeline\\Pipeline::carry():194}:195}(Object(Illuminate\\Http\\Request))
#45 /Volumes/Home/moohard/Kerjaan-Kepegawaian/apel-app/vendor/laravel/framework/src/Illuminate/Pipeline/Pipeline.php(219): Illuminate\\Http\\Middleware\\ValidatePathEncoding->handle(Object(Illuminate\\Http\\Request), Object(Closure))
#46 /Volumes/Home/moohard/Kerjaan-Kepegawaian/apel-app/vendor/laravel/framework/src/Illuminate/Pipeline/Pipeline.php(137): Illuminate\\Pipeline\\Pipeline->{closure:{closure:Illuminate\\Pipeline\\Pipeline::carry():194}:195}(Object(Illuminate\\Http\\Request))
#47 /Volumes/Home/moohard/Kerjaan-Kepegawaian/apel-app/vendor/laravel/framework/src/Illuminate/Foundation/Http/Kernel.php(175): Illuminate\\Pipeline\\Pipeline->then(Object(Closure))
#48 /Volumes/Home/moohard/Kerjaan-Kepegawaian/apel-app/vendor/laravel/framework/src/Illuminate/Foundation/Http/Kernel.php(144): Illuminate\\Foundation\\Http\\Kernel->sendRequestThroughRouter(Object(Illuminate\\Http\\Request))
#49 /Volumes/Home/moohard/Kerjaan-Kepegawaian/apel-app/vendor/laravel/framework/src/Illuminate/Foundation/Application.php(1220): Illuminate\\Foundation\\Http\\Kernel->handle(Object(Illuminate\\Http\\Request))
#50 /Volumes/Home/moohard/Kerjaan-Kepegawaian/apel-app/public/index.php(20): Illuminate\\Foundation\\Application->handleRequest(Object(Illuminate\\Http\\Request))
#51 /Volumes/Home/moohard/Kerjaan-Kepegawaian/apel-app/vendor/laravel/framework/src/Illuminate/Foundation/resources/server.php(23): require_once('/Volumes/Home/m...')
#52 {main}
"} 
[2026-01-12 05:53:43] local.ERROR: Class "Redis" not found {"exception":"[object] (Error(code: 0): Class \"Redis\" not found at /Volumes/Home/moohard/Kerjaan-Kepegawaian/apel-app/vendor/laravel/framework/src/Illuminate/Redis/Connectors/PhpRedisConnector.php:80)
[stacktrace]
#0 /Volumes/Home/moohard/Kerjaan-Kepegawaian/apel-app/vendor/laravel/framework/src/Illuminate/Redis/Connectors/PhpRedisConnector.php(34): Illuminate\\Redis\\Connectors\\PhpRedisConnector->createClient(Array)
#1 /Volumes/Home/moohard/Kerjaan-Kepegawaian/apel-app/vendor/laravel/framework/src/Illuminate/Redis/Connectors/PhpRedisConnector.php(39): Illuminate\\Redis\\Connectors\\PhpRedisConnector->{closure:Illuminate\\Redis\\Connectors\\PhpRedisConnector::connect():33}()
#2 /Volumes/Home/moohard/Kerjaan-Kepegawaian/apel-app/vendor/laravel/framework/src/Illuminate/Redis/RedisManager.php(111): Illuminate\\Redis\\Connectors\\PhpRedisConnector->connect(Array, Array)
#3 /Volumes/Home/moohard/Kerjaan-Kepegawaian/apel-app/vendor/laravel/framework/src/Illuminate/Redis/RedisManager.php(92): Illuminate\\Redis\\RedisManager->resolve('default')
#4 /Volumes/Home/moohard/Kerjaan-Kepegawaian/apel-app/vendor/laravel/framework/src/Illuminate/Cache/RedisStore.php(368): Illuminate\\Redis\\RedisManager->connection('default')
#5 /Volumes/Home/moohard/Kerjaan-Kepegawaian/apel-app/vendor/laravel/framework/src/Illuminate/Cache/RedisStore.php(71): Illuminate\\Cache\\RedisStore->connection()
#6 /Volumes/Home/moohard/Kerjaan-Kepegawaian/apel-app/vendor/laravel/framework/src/Illuminate/Cache/Repository.php(119): Illuminate\\Cache\\RedisStore->get('JbbUxPgaW25vgGD...')
#7 /Volumes/Home/moohard/Kerjaan-Kepegawaian/apel-app/vendor/laravel/framework/src/Illuminate/Session/CacheBasedSessionHandler.php(63): Illuminate\\Cache\\Repository->get('JbbUxPgaW25vgGD...', '')
#8 /Volumes/Home/moohard/Kerjaan-Kepegawaian/apel-app/vendor/laravel/framework/src/Illuminate/Session/Store.php(117): Illuminate\\Session\\CacheBasedSessionHandler->read('JbbUxPgaW25vgGD...')
#9 /Volumes/Home/moohard/Kerjaan-Kepegawaian/apel-app/vendor/laravel/framework/src/Illuminate/Session/Store.php(105): Illuminate\\Session\\Store->readFromHandler()
#10 /Volumes/Home/moohard/Kerjaan-Kepegawaian/apel-app/vendor/laravel/framework/src/Illuminate/Session/Store.php(89): Illuminate\\Session\\Store->loadSession()
#11 /Volumes/Home/moohard/Kerjaan-Kepegawaian/apel-app/vendor/laravel/framework/src/Illuminate/Session/Middleware/StartSession.php(146): Illuminate\\Session\\Store->start()
#12 /Volumes/Home/moohard/Kerjaan-Kepegawaian/apel-app/vendor/laravel/framework/src/Illuminate/Support/helpers.php(390): Illuminate\\Session\\Middleware\\StartSession->{closure:Illuminate\\Session\\Middleware\\StartSession::startSession():143}(Object(Illuminate\\Session\\Store))
#13 /Volumes/Home/moohard/Kerjaan-Kepegawaian/apel-app/vendor/laravel/framework/src/Illuminate/Session/Middleware/StartSession.php(143): tap(Object(Illuminate\\Session\\Store), Object(Closure))
#14 /Volumes/Home/moohard/Kerjaan-Kepegawaian/apel-app/vendor/laravel/framework/src/Illuminate/Session/Middleware/StartSession.php(115): Illuminate\\Session\\Middleware\\StartSession->startSession(Object(Illuminate\\Http\\Request), Object(Illuminate\\Session\\Store))
#15 /Volumes/Home/moohard/Kerjaan-Kepegawaian/apel-app/vendor/laravel/framework/src/Illuminate/Session/Middleware/StartSession.php(63): Illuminate\\Session\\Middleware\\StartSession->handleStatefulRequest(Object(Illuminate\\Http\\Request), Object(Illuminate\\Session\\Store), Object(Closure))
#16 /Volumes/Home/moohard/Kerjaan-Kepegawaian/apel-app/vendor/laravel/framework/src/Illuminate/Pipeline/Pipeline.php(219): Illuminate\\Session\\Middleware\\StartSession->handle(Object(Illuminate\\Http\\Request), Object(Closure))
#17 /Volumes/Home/moohard/Kerjaan-Kepegawaian/apel-app/vendor/laravel/framework/src/Illuminate/Cookie/Middleware/AddQueuedCookiesToResponse.php(36): Illuminate\\Pipeline\\Pipeline->{closure:{closure:Illuminate\\Pipeline\\Pipeline::carry():194}:195}(Object(Illuminate\\Http\\Request))
#18 /Volumes/Home/moohard/Kerjaan-Kepegawaian/apel-app/vendor/laravel/framework/src/Illuminate/Pipeline/Pipeline.php(219): Illuminate\\Cookie\\Middleware\\AddQueuedCookiesToResponse->handle(Object(Illuminate\\Http\\Request), Object(Closure))
#19 /Volumes/Home/moohard/Kerjaan-Kepegawaian/apel-app/vendor/laravel/framework/src/Illuminate/Cookie/Middleware/EncryptCookies.php(74): Illuminate\\Pipeline\\Pipeline->{closure:{closure:Illuminate\\Pipeline\\Pipeline::carry():194}:195}(Object(Illuminate\\Http\\Request))
#20 /Volumes/Home/moohard/Kerjaan-Kepegawaian/apel-app/vendor/laravel/framework/src/Illuminate/Pipeline/Pipeline.php(219): Illuminate\\Cookie\\Middleware\\EncryptCookies->handle(Object(Illuminate\\Http\\Request), Object(Closure))
#21 /Volumes/Home/moohard/Kerjaan-Kepegawaian/apel-app/vendor/laravel/framework/src/Illuminate/Pipeline/Pipeline.php(137): Illuminate\\Pipeline\\Pipeline->{closure:{closure:Illuminate\\Pipeline\\Pipeline::carry():194}:195}(Object(Illuminate\\Http\\Request))
#22 /Volumes/Home/moohard/Kerjaan-Kepegawaian/apel-app/vendor/laravel/framework/src/Illuminate/Routing/Router.php(821): Illuminate\\Pipeline\\Pipeline->then(Object(Closure))
#23 /Volumes/Home/moohard/Kerjaan-Kepegawaian/apel-app/vendor/laravel/framework/src/Illuminate/Routing/Router.php(800): Illuminate\\Routing\\Router->runRouteWithinStack(Object(Illuminate\\Routing\\Route), Object(Illuminate\\Http\\Request))
#24 /Volumes/Home/moohard/Kerjaan-Kepegawaian/apel-app/vendor/laravel/framework/src/Illuminate/Routing/Router.php(764): Illuminate\\Routing\\Router->runRoute(Object(Illuminate\\Http\\Request), Object(Illuminate\\Routing\\Route))
#25 /Volumes/Home/moohard/Kerjaan-Kepegawaian/apel-app/vendor/laravel/framework/src/Illuminate/Routing/Router.php(753): Illuminate\\Routing\\Router->dispatchToRoute(Object(Illuminate\\Http\\Request))
#26 /Volumes/Home/moohard/Kerjaan-Kepegawaian/apel-app/vendor/laravel/framework/src/Illuminate/Foundation/Http/Kernel.php(200): Illuminate\\Routing\\Router->dispatch(Object(Illuminate\\Http\\Request))
#27 /Volumes/Home/moohard/Kerjaan-Kepegawaian/apel-app/vendor/laravel/framework/src/Illuminate/Pipeline/Pipeline.php(180): Illuminate\\Foundation\\Http\\Kernel->{closure:Illuminate\\Foundation\\Http\\Kernel::dispatchToRouter():197}(Object(Illuminate\\Http\\Request))
#28 /Volumes/Home/moohard/Kerjaan-Kepegawaian/apel-app/vendor/laravel/framework/src/Illuminate/Foundation/Http/Middleware/TransformsRequest.php(21): Illuminate\\Pipeline\\Pipeline->{closure:Illuminate\\Pipeline\\Pipeline::prepareDestination():178}(Object(Illuminate\\Http\\Request))
#29 /Volumes/Home/moohard/Kerjaan-Kepegawaian/apel-app/vendor/laravel/framework/src/Illuminate/Foundation/Http/Middleware/ConvertEmptyStringsToNull.php(31): Illuminate\\Foundation\\Http\\Middleware\\TransformsRequest->handle(Object(Illuminate\\Http\\Request), Object(Closure))
#30 /Volumes/Home/moohard/Kerjaan-Kepegawaian/apel-app/vendor/laravel/framework/src/Illuminate/Pipeline/Pipeline.php(219): Illuminate\\Foundation\\Http\\Middleware\\ConvertEmptyStringsToNull->handle(Object(Illuminate\\Http\\Request), Object(Closure))
#31 /Volumes/Home/moohard/Kerjaan-Kepegawaian/apel-app/vendor/laravel/framework/src/Illuminate/Foundation/Http/Middleware/TransformsRequest.php(21): Illuminate\\Pipeline\\Pipeline->{closure:{closure:Illuminate\\Pipeline\\Pipeline::carry():194}:195}(Object(Illuminate\\Http\\Request))
#32 /Volumes/Home/moohard/Kerjaan-Kepegawaian/apel-app/vendor/laravel/framework/src/Illuminate/Foundation/Http/Middleware/TrimStrings.php(51): Illuminate\\Foundation\\Http\\Middleware\\TransformsRequest->handle(Object(Illuminate\\Http\\Request), Object(Closure))
#33 /Volumes/Home/moohard/Kerjaan-Kepegawaian/apel-app/vendor/laravel/framework/src/Illuminate/Pipeline/Pipeline.php(219): Illuminate\\Foundation\\Http\\Middleware\\TrimStrings->handle(Object(Illuminate\\Http\\Request), Object(Closure))
#34 /Volumes/Home/moohard/Kerjaan-Kepegawaian/apel-app/vendor/laravel/framework/src/Illuminate/Http/Middleware/ValidatePostSize.php(27): Illuminate\\Pipeline\\Pipeline->{closure:{closure:Illuminate\\Pipeline\\Pipeline::carry():194}:195}(Object(Illuminate\\Http\\Request))
#35 /Volumes/Home/moohard/Kerjaan-Kepegawaian/apel-app/vendor/laravel/framework/src/Illuminate/Pipeline/Pipeline.php(219): Illuminate\\Http\\Middleware\\ValidatePostSize->handle(Object(Illuminate\\Http\\Request), Object(Closure))
#36 /Volumes/Home/moohard/Kerjaan-Kepegawaian/apel-app/vendor/laravel/framework/src/Illuminate/Foundation/Http/Middleware/PreventRequestsDuringMaintenance.php(109): Illuminate\\Pipeline\\Pipeline->{closure:{closure:Illuminate\\Pipeline\\Pipeline::carry():194}:195}(Object(Illuminate\\Http\\Request))
#37 /Volumes/Home/moohard/Kerjaan-Kepegawaian/apel-app/vendor/laravel/framework/src/Illuminate/Pipeline/Pipeline.php(219): Illuminate\\Foundation\\Http\\Middleware\\PreventRequestsDuringMaintenance->handle(Object(Illuminate\\Http\\Request), Object(Closure))
#38 /Volumes/Home/moohard/Kerjaan-Kepegawaian/apel-app/vendor/laravel/framework/src/Illuminate/Http/Middleware/HandleCors.php(48): Illuminate\\Pipeline\\Pipeline->{closure:{closure:Illuminate\\Pipeline\\Pipeline::carry():194}:195}(Object(Illuminate\\Http\\Request))
#39 /Volumes/Home/moohard/Kerjaan-Kepegawaian/apel-app/vendor/laravel/framework/src/Illuminate/Pipeline/Pipeline.php(219): Illuminate\\Http\\Middleware\\HandleCors->handle(Object(Illuminate\\Http\\Request), Object(Closure))
#40 /Volumes/Home/moohard/Kerjaan-Kepegawaian/apel-app/vendor/laravel/framework/src/Illuminate/Http/Middleware/TrustProxies.php(58): Illuminate\\Pipeline\\Pipeline->{closure:{closure:Illuminate\\Pipeline\\Pipeline::carry():194}:195}(Object(Illuminate\\Http\\Request))
#41 /Volumes/Home/moohard/Kerjaan-Kepegawaian/apel-app/vendor/laravel/framework/src/Illuminate/Pipeline/Pipeline.php(219): Illuminate\\Http\\Middleware\\TrustProxies->handle(Object(Illuminate\\Http\\Request), Object(Closure))
#42 /Volumes/Home/moohard/Kerjaan-Kepegawaian/apel-app/vendor/laravel/framework/src/Illuminate/Foundation/Http/Middleware/InvokeDeferredCallbacks.php(22): Illuminate\\Pipeline\\Pipeline->{closure:{closure:Illuminate\\Pipeline\\Pipeline::carry():194}:195}(Object(Illuminate\\Http\\Request))
#43 /Volumes/Home/moohard/Kerjaan-Kepegawaian/apel-app/vendor/laravel/framework/src/Illuminate/Pipeline/Pipeline.php(219): Illuminate\\Foundation\\Http\\Middleware\\InvokeDeferredCallbacks->handle(Object(Illuminate\\Http\\Request), Object(Closure))
#44 /Volumes/Home/moohard/Kerjaan-Kepegawaian/apel-app/vendor/laravel/framework/src/Illuminate/Http/Middleware/ValidatePathEncoding.php(26): Illuminate\\Pipeline\\Pipeline->{closure:{closure:Illuminate\\Pipeline\\Pipeline::carry():194}:195}(Object(Illuminate\\Http\\Request))
#45 /Volumes/Home/moohard/Kerjaan-Kepegawaian/apel-app/vendor/laravel/framework/src/Illuminate/Pipeline/Pipeline.php(219): Illuminate\\Http\\Middleware\\ValidatePathEncoding->handle(Object(Illuminate\\Http\\Request), Object(Closure))
#46 /Volumes/Home/moohard/Kerjaan-Kepegawaian/apel-app/vendor/laravel/framework/src/Illuminate/Pipeline/Pipeline.php(137): Illuminate\\Pipeline\\Pipeline->{closure:{closure:Illuminate\\Pipeline\\Pipeline::carry():194}:195}(Object(Illuminate\\Http\\Request))
#47 /Volumes/Home/moohard/Kerjaan-Kepegawaian/apel-app/vendor/laravel/framework/src/Illuminate/Foundation/Http/Kernel.php(175): Illuminate\\Pipeline\\Pipeline->then(Object(Closure))
#48 /Volumes/Home/moohard/Kerjaan-Kepegawaian/apel-app/vendor/laravel/framework/src/Illuminate/Foundation/Http/Kernel.php(144): Illuminate\\Foundation\\Http\\Kernel->sendRequestThroughRouter(Object(Illuminate\\Http\\Request))
#49 /Volumes/Home/moohard/Kerjaan-Kepegawaian/apel-app/vendor/laravel/framework/src/Illuminate/Foundation/Application.php(1220): Illuminate\\Foundation\\Http\\Kernel->handle(Object(Illuminate\\Http\\Request))
#50 /Volumes/Home/moohard/Kerjaan-Kepegawaian/apel-app/public/index.php(20): Illuminate\\Foundation\\Application->handleRequest(Object(Illuminate\\Http\\Request))
#51 /Volumes/Home/moohard/Kerjaan-Kepegawaian/apel-app/vendor/laravel/framework/src/Illuminate/Foundation/resources/server.php(23): require_once('/Volumes/Home/m...')
#52 {main}
"} 
[2026-01-12 05:53:55] local.ERROR: Class "Redis" not found {"exception":"[object] (Error(code: 0): Class \"Redis\" not found at /Volumes/Home/moohard/Kerjaan-Kepegawaian/apel-app/vendor/laravel/framework/src/Illuminate/Redis/Connectors/PhpRedisConnector.php:80)
[stacktrace]
#0 /Volumes/Home/moohard/Kerjaan-Kepegawaian/apel-app/vendor/laravel/framework/src/Illuminate/Redis/Connectors/PhpRedisConnector.php(34): Illuminate\\Redis\\Connectors\\PhpRedisConnector->createClient(Array)
#1 /Volumes/Home/moohard/Kerjaan-Kepegawaian/apel-app/vendor/laravel/framework/src/Illuminate/Redis/Connectors/PhpRedisConnector.php(39): Illuminate\\Redis\\Connectors\\PhpRedisConnector->{closure:Illuminate\\Redis\\Connectors\\PhpRedisConnector::connect():33}()
#2 /Volumes/Home/moohard/Kerjaan-Kepegawaian/apel-app/vendor/laravel/framework/src/Illuminate/Redis/RedisManager.php(111): Illuminate\\Redis\\Connectors\\PhpRedisConnector->connect(Array, Array)
#3 /Volumes/Home/moohard/Kerjaan-Kepegawaian/apel-app/vendor/laravel/framework/src/Illuminate/Redis/RedisManager.php(92): Illuminate\\Redis\\RedisManager->resolve('default')
#4 /Volumes/Home/moohard/Kerjaan-Kepegawaian/apel-app/vendor/laravel/framework/src/Illuminate/Cache/RedisStore.php(368): Illuminate\\Redis\\RedisManager->connection('default')
#5 /Volumes/Home/moohard/Kerjaan-Kepegawaian/apel-app/vendor/laravel/framework/src/Illuminate/Cache/RedisStore.php(71): Illuminate\\Cache\\RedisStore->connection()
#6 /Volumes/Home/moohard/Kerjaan-Kepegawaian/apel-app/vendor/laravel/framework/src/Illuminate/Cache/Repository.php(119): Illuminate\\Cache\\RedisStore->get('TCtNaX2SMSQHSAC...')
#7 /Volumes/Home/moohard/Kerjaan-Kepegawaian/apel-app/vendor/laravel/framework/src/Illuminate/Session/CacheBasedSessionHandler.php(63): Illuminate\\Cache\\Repository->get('TCtNaX2SMSQHSAC...', '')
#8 /Volumes/Home/moohard/Kerjaan-Kepegawaian/apel-app/vendor/laravel/framework/src/Illuminate/Session/Store.php(117): Illuminate\\Session\\CacheBasedSessionHandler->read('TCtNaX2SMSQHSAC...')
#9 /Volumes/Home/moohard/Kerjaan-Kepegawaian/apel-app/vendor/laravel/framework/src/Illuminate/Session/Store.php(105): Illuminate\\Session\\Store->readFromHandler()
#10 /Volumes/Home/moohard/Kerjaan-Kepegawaian/apel-app/vendor/laravel/framework/src/Illuminate/Session/Store.php(89): Illuminate\\Session\\Store->loadSession()
#11 /Volumes/Home/moohard/Kerjaan-Kepegawaian/apel-app/vendor/laravel/framework/src/Illuminate/Session/Middleware/StartSession.php(146): Illuminate\\Session\\Store->start()
#12 /Volumes/Home/moohard/Kerjaan-Kepegawaian/apel-app/vendor/laravel/framework/src/Illuminate/Support/helpers.php(390): Illuminate\\Session\\Middleware\\StartSession->{closure:Illuminate\\Session\\Middleware\\StartSession::startSession():143}(Object(Illuminate\\Session\\Store))
#13 /Volumes/Home/moohard/Kerjaan-Kepegawaian/apel-app/vendor/laravel/framework/src/Illuminate/Session/Middleware/StartSession.php(143): tap(Object(Illuminate\\Session\\Store), Object(Closure))
#14 /Volumes/Home/moohard/Kerjaan-Kepegawaian/apel-app/vendor/laravel/framework/src/Illuminate/Session/Middleware/StartSession.php(115): Illuminate\\Session\\Middleware\\StartSession->startSession(Object(Illuminate\\Http\\Request), Object(Illuminate\\Session\\Store))
#15 /Volumes/Home/moohard/Kerjaan-Kepegawaian/apel-app/vendor/laravel/framework/src/Illuminate/Session/Middleware/StartSession.php(63): Illuminate\\Session\\Middleware\\StartSession->handleStatefulRequest(Object(Illuminate\\Http\\Request), Object(Illuminate\\Session\\Store), Object(Closure))
#16 /Volumes/Home/moohard/Kerjaan-Kepegawaian/apel-app/vendor/laravel/framework/src/Illuminate/Pipeline/Pipeline.php(219): Illuminate\\Session\\Middleware\\StartSession->handle(Object(Illuminate\\Http\\Request), Object(Closure))
#17 /Volumes/Home/moohard/Kerjaan-Kepegawaian/apel-app/vendor/laravel/framework/src/Illuminate/Cookie/Middleware/AddQueuedCookiesToResponse.php(36): Illuminate\\Pipeline\\Pipeline->{closure:{closure:Illuminate\\Pipeline\\Pipeline::carry():194}:195}(Object(Illuminate\\Http\\Request))
#18 /Volumes/Home/moohard/Kerjaan-Kepegawaian/apel-app/vendor/laravel/framework/src/Illuminate/Pipeline/Pipeline.php(219): Illuminate\\Cookie\\Middleware\\AddQueuedCookiesToResponse->handle(Object(Illuminate\\Http\\Request), Object(Closure))
#19 /Volumes/Home/moohard/Kerjaan-Kepegawaian/apel-app/vendor/laravel/framework/src/Illuminate/Cookie/Middleware/EncryptCookies.php(74): Illuminate\\Pipeline\\Pipeline->{closure:{closure:Illuminate\\Pipeline\\Pipeline::carry():194}:195}(Object(Illuminate\\Http\\Request))
#20 /Volumes/Home/moohard/Kerjaan-Kepegawaian/apel-app/vendor/laravel/framework/src/Illuminate/Pipeline/Pipeline.php(219): Illuminate\\Cookie\\Middleware\\EncryptCookies->handle(Object(Illuminate\\Http\\Request), Object(Closure))
#21 /Volumes/Home/moohard/Kerjaan-Kepegawaian/apel-app/vendor/laravel/framework/src/Illuminate/Pipeline/Pipeline.php(137): Illuminate\\Pipeline\\Pipeline->{closure:{closure:Illuminate\\Pipeline\\Pipeline::carry():194}:195}(Object(Illuminate\\Http\\Request))
#22 /Volumes/Home/moohard/Kerjaan-Kepegawaian/apel-app/vendor/laravel/framework/src/Illuminate/Routing/Router.php(821): Illuminate\\Pipeline\\Pipeline->then(Object(Closure))
#23 /Volumes/Home/moohard/Kerjaan-Kepegawaian/apel-app/vendor/laravel/framework/src/Illuminate/Routing/Router.php(800): Illuminate\\Routing\\Router->runRouteWithinStack(Object(Illuminate\\Routing\\Route), Object(Illuminate\\Http\\Request))
#24 /Volumes/Home/moohard/Kerjaan-Kepegawaian/apel-app/vendor/laravel/framework/src/Illuminate/Routing/Router.php(764): Illuminate\\Routing\\Router->runRoute(Object(Illuminate\\Http\\Request), Object(Illuminate\\Routing\\Route))
#25 /Volumes/Home/moohard/Kerjaan-Kepegawaian/apel-app/vendor/laravel/framework/src/Illuminate/Routing/Router.php(753): Illuminate\\Routing\\Router->dispatchToRoute(Object(Illuminate\\Http\\Request))
#26 /Volumes/Home/moohard/Kerjaan-Kepegawaian/apel-app/vendor/laravel/framework/src/Illuminate/Foundation/Http/Kernel.php(200): Illuminate\\Routing\\Router->dispatch(Object(Illuminate\\Http\\Request))
#27 /Volumes/Home/moohard/Kerjaan-Kepegawaian/apel-app/vendor/laravel/framework/src/Illuminate/Pipeline/Pipeline.php(180): Illuminate\\Foundation\\Http\\Kernel->{closure:Illuminate\\Foundation\\Http\\Kernel::dispatchToRouter():197}(Object(Illuminate\\Http\\Request))
#28 /Volumes/Home/moohard/Kerjaan-Kepegawaian/apel-app/vendor/laravel/framework/src/Illuminate/Foundation/Http/Middleware/TransformsRequest.php(21): Illuminate\\Pipeline\\Pipeline->{closure:Illuminate\\Pipeline\\Pipeline::prepareDestination():178}(Object(Illuminate\\Http\\Request))
#29 /Volumes/Home/moohard/Kerjaan-Kepegawaian/apel-app/vendor/laravel/framework/src/Illuminate/Foundation/Http/Middleware/ConvertEmptyStringsToNull.php(31): Illuminate\\Foundation\\Http\\Middleware\\TransformsRequest->handle(Object(Illuminate\\Http\\Request), Object(Closure))
#30 /Volumes/Home/moohard/Kerjaan-Kepegawaian/apel-app/vendor/laravel/framework/src/Illuminate/Pipeline/Pipeline.php(219): Illuminate\\Foundation\\Http\\Middleware\\ConvertEmptyStringsToNull->handle(Object(Illuminate\\Http\\Request), Object(Closure))
#31 /Volumes/Home/moohard/Kerjaan-Kepegawaian/apel-app/vendor/laravel/framework/src/Illuminate/Foundation/Http/Middleware/TransformsRequest.php(21): Illuminate\\Pipeline\\Pipeline->{closure:{closure:Illuminate\\Pipeline\\Pipeline::carry():194}:195}(Object(Illuminate\\Http\\Request))
#32 /Volumes/Home/moohard/Kerjaan-Kepegawaian/apel-app/vendor/laravel/framework/src/Illuminate/Foundation/Http/Middleware/TrimStrings.php(51): Illuminate\\Foundation\\Http\\Middleware\\TransformsRequest->handle(Object(Illuminate\\Http\\Request), Object(Closure))
#33 /Volumes/Home/moohard/Kerjaan-Kepegawaian/apel-app/vendor/laravel/framework/src/Illuminate/Pipeline/Pipeline.php(219): Illuminate\\Foundation\\Http\\Middleware\\TrimStrings->handle(Object(Illuminate\\Http\\Request), Object(Closure))
#34 /Volumes/Home/moohard/Kerjaan-Kepegawaian/apel-app/vendor/laravel/framework/src/Illuminate/Http/Middleware/ValidatePostSize.php(27): Illuminate\\Pipeline\\Pipeline->{closure:{closure:Illuminate\\Pipeline\\Pipeline::carry():194}:195}(Object(Illuminate\\Http\\Request))
#35 /Volumes/Home/moohard/Kerjaan-Kepegawaian/apel-app/vendor/laravel/framework/src/Illuminate/Pipeline/Pipeline.php(219): Illuminate\\Http\\Middleware\\ValidatePostSize->handle(Object(Illuminate\\Http\\Request), Object(Closure))
#36 /Volumes/Home/moohard/Kerjaan-Kepegawaian/apel-app/vendor/laravel/framework/src/Illuminate/Foundation/Http/Middleware/PreventRequestsDuringMaintenance.php(109): Illuminate\\Pipeline\\Pipeline->{closure:{closure:Illuminate\\Pipeline\\Pipeline::carry():194}:195}(Object(Illuminate\\Http\\Request))
#37 /Volumes/Home/moohard/Kerjaan-Kepegawaian/apel-app/vendor/laravel/framework/src/Illuminate/Pipeline/Pipeline.php(219): Illuminate\\Foundation\\Http\\Middleware\\PreventRequestsDuringMaintenance->handle(Object(Illuminate\\Http\\Request), Object(Closure))
#38 /Volumes/Home/moohard/Kerjaan-Kepegawaian/apel-app/vendor/laravel/framework/src/Illuminate/Http/Middleware/HandleCors.php(48): Illuminate\\Pipeline\\Pipeline->{closure:{closure:Illuminate\\Pipeline\\Pipeline::carry():194}:195}(Object(Illuminate\\Http\\Request))
#39 /Volumes/Home/moohard/Kerjaan-Kepegawaian/apel-app/vendor/laravel/framework/src/Illuminate/Pipeline/Pipeline.php(219): Illuminate\\Http\\Middleware\\HandleCors->handle(Object(Illuminate\\Http\\Request), Object(Closure))
#40 /Volumes/Home/moohard/Kerjaan-Kepegawaian/apel-app/vendor/laravel/framework/src/Illuminate/Http/Middleware/TrustProxies.php(58): Illuminate\\Pipeline\\Pipeline->{closure:{closure:Illuminate\\Pipeline\\Pipeline::carry():194}:195}(Object(Illuminate\\Http\\Request))
#41 /Volumes/Home/moohard/Kerjaan-Kepegawaian/apel-app/vendor/laravel/framework/src/Illuminate/Pipeline/Pipeline.php(219): Illuminate\\Http\\Middleware\\TrustProxies->handle(Object(Illuminate\\Http\\Request), Object(Closure))
#42 /Volumes/Home/moohard/Kerjaan-Kepegawaian/apel-app/vendor/laravel/framework/src/Illuminate/Foundation/Http/Middleware/InvokeDeferredCallbacks.php(22): Illuminate\\Pipeline\\Pipeline->{closure:{closure:Illuminate\\Pipeline\\Pipeline::carry():194}:195}(Object(Illuminate\\Http\\Request))
#43 /Volumes/Home/moohard/Kerjaan-Kepegawaian/apel-app/vendor/laravel/framework/src/Illuminate/Pipeline/Pipeline.php(219): Illuminate\\Foundation\\Http\\Middleware\\InvokeDeferredCallbacks->handle(Object(Illuminate\\Http\\Request), Object(Closure))
#44 /Volumes/Home/moohard/Kerjaan-Kepegawaian/apel-app/vendor/laravel/framework/src/Illuminate/Http/Middleware/ValidatePathEncoding.php(26): Illuminate\\Pipeline\\Pipeline->{closure:{closure:Illuminate\\Pipeline\\Pipeline::carry():194}:195}(Object(Illuminate\\Http\\Request))
#45 /Volumes/Home/moohard/Kerjaan-Kepegawaian/apel-app/vendor/laravel/framework/src/Illuminate/Pipeline/Pipeline.php(219): Illuminate\\Http\\Middleware\\ValidatePathEncoding->handle(Object(Illuminate\\Http\\Request), Object(Closure))
#46 /Volumes/Home/moohard/Kerjaan-Kepegawaian/apel-app/vendor/laravel/framework/src/Illuminate/Pipeline/Pipeline.php(137): Illuminate\\Pipeline\\Pipeline->{closure:{closure:Illuminate\\Pipeline\\Pipeline::carry():194}:195}(Object(Illuminate\\Http\\Request))
#47 /Volumes/Home/moohard/Kerjaan-Kepegawaian/apel-app/vendor/laravel/framework/src/Illuminate/Foundation/Http/Kernel.php(175): Illuminate\\Pipeline\\Pipeline->then(Object(Closure))
#48 /Volumes/Home/moohard/Kerjaan-Kepegawaian/apel-app/vendor/laravel/framework/src/Illuminate/Foundation/Http/Kernel.php(144): Illuminate\\Foundation\\Http\\Kernel->sendRequestThroughRouter(Object(Illuminate\\Http\\Request))
#49 /Volumes/Home/moohard/Kerjaan-Kepegawaian/apel-app/vendor/laravel/framework/src/Illuminate/Foundation/Application.php(1220): Illuminate\\Foundation\\Http\\Kernel->handle(Object(Illuminate\\Http\\Request))
#50 /Volumes/Home/moohard/Kerjaan-Kepegawaian/apel-app/public/index.php(20): Illuminate\\Foundation\\Application->handleRequest(Object(Illuminate\\Http\\Request))
#51 /Volumes/Home/moohard/Kerjaan-Kepegawaian/apel-app/vendor/laravel/framework/src/Illuminate/Foundation/resources/server.php(23): require_once('/Volumes/Home/m...')
#52 {main}
"} 
[2026-01-12 05:54:16] local.ERROR: Class "Redis" not found {"exception":"[object] (Error(code: 0): Class \"Redis\" not found at /Volumes/Home/moohard/Kerjaan-Kepegawaian/apel-app/vendor/laravel/framework/src/Illuminate/Redis/Connectors/PhpRedisConnector.php:80)
[stacktrace]
#0 /Volumes/Home/moohard/Kerjaan-Kepegawaian/apel-app/vendor/laravel/framework/src/Illuminate/Redis/Connectors/PhpRedisConnector.php(34): Illuminate\\Redis\\Connectors\\PhpRedisConnector->createClient(Array)
#1 /Volumes/Home/moohard/Kerjaan-Kepegawaian/apel-app/vendor/laravel/framework/src/Illuminate/Redis/Connectors/PhpRedisConnector.php(39): Illuminate\\Redis\\Connectors\\PhpRedisConnector->{closure:Illuminate\\Redis\\Connectors\\PhpRedisConnector::connect():33}()
#2 /Volumes/Home/moohard/Kerjaan-Kepegawaian/apel-app/vendor/laravel/framework/src/Illuminate/Redis/RedisManager.php(111): Illuminate\\Redis\\Connectors\\PhpRedisConnector->connect(Array, Array)
#3 /Volumes/Home/moohard/Kerjaan-Kepegawaian/apel-app/vendor/laravel/framework/src/Illuminate/Redis/RedisManager.php(92): Illuminate\\Redis\\RedisManager->resolve('default')
#4 /Volumes/Home/moohard/Kerjaan-Kepegawaian/apel-app/vendor/laravel/framework/src/Illuminate/Cache/RedisStore.php(368): Illuminate\\Redis\\RedisManager->connection('default')
#5 /Volumes/Home/moohard/Kerjaan-Kepegawaian/apel-app/vendor/laravel/framework/src/Illuminate/Cache/RedisStore.php(71): Illuminate\\Cache\\RedisStore->connection()
#6 /Volumes/Home/moohard/Kerjaan-Kepegawaian/apel-app/vendor/laravel/framework/src/Illuminate/Cache/Repository.php(119): Illuminate\\Cache\\RedisStore->get('TXaIqVlMT3BHaoB...')
#7 /Volumes/Home/moohard/Kerjaan-Kepegawaian/apel-app/vendor/laravel/framework/src/Illuminate/Session/CacheBasedSessionHandler.php(63): Illuminate\\Cache\\Repository->get('TXaIqVlMT3BHaoB...', '')
#8 /Volumes/Home/moohard/Kerjaan-Kepegawaian/apel-app/vendor/laravel/framework/src/Illuminate/Session/Store.php(117): Illuminate\\Session\\CacheBasedSessionHandler->read('TXaIqVlMT3BHaoB...')
#9 /Volumes/Home/moohard/Kerjaan-Kepegawaian/apel-app/vendor/laravel/framework/src/Illuminate/Session/Store.php(105): Illuminate\\Session\\Store->readFromHandler()
#10 /Volumes/Home/moohard/Kerjaan-Kepegawaian/apel-app/vendor/laravel/framework/src/Illuminate/Session/Store.php(89): Illuminate\\Session\\Store->loadSession()
#11 /Volumes/Home/moohard/Kerjaan-Kepegawaian/apel-app/vendor/laravel/framework/src/Illuminate/Session/Middleware/StartSession.php(146): Illuminate\\Session\\Store->start()
#12 /Volumes/Home/moohard/Kerjaan-Kepegawaian/apel-app/vendor/laravel/framework/src/Illuminate/Support/helpers.php(390): Illuminate\\Session\\Middleware\\StartSession->{closure:Illuminate\\Session\\Middleware\\StartSession::startSession():143}(Object(Illuminate\\Session\\Store))
#13 /Volumes/Home/moohard/Kerjaan-Kepegawaian/apel-app/vendor/laravel/framework/src/Illuminate/Session/Middleware/StartSession.php(143): tap(Object(Illuminate\\Session\\Store), Object(Closure))
#14 /Volumes/Home/moohard/Kerjaan-Kepegawaian/apel-app/vendor/laravel/framework/src/Illuminate/Session/Middleware/StartSession.php(115): Illuminate\\Session\\Middleware\\StartSession->startSession(Object(Illuminate\\Http\\Request), Object(Illuminate\\Session\\Store))
#15 /Volumes/Home/moohard/Kerjaan-Kepegawaian/apel-app/vendor/laravel/framework/src/Illuminate/Session/Middleware/StartSession.php(63): Illuminate\\Session\\Middleware\\StartSession->handleStatefulRequest(Object(Illuminate\\Http\\Request), Object(Illuminate\\Session\\Store), Object(Closure))
#16 /Volumes/Home/moohard/Kerjaan-Kepegawaian/apel-app/vendor/laravel/framework/src/Illuminate/Pipeline/Pipeline.php(219): Illuminate\\Session\\Middleware\\StartSession->handle(Object(Illuminate\\Http\\Request), Object(Closure))
#17 /Volumes/Home/moohard/Kerjaan-Kepegawaian/apel-app/vendor/laravel/framework/src/Illuminate/Cookie/Middleware/AddQueuedCookiesToResponse.php(36): Illuminate\\Pipeline\\Pipeline->{closure:{closure:Illuminate\\Pipeline\\Pipeline::carry():194}:195}(Object(Illuminate\\Http\\Request))
#18 /Volumes/Home/moohard/Kerjaan-Kepegawaian/apel-app/vendor/laravel/framework/src/Illuminate/Pipeline/Pipeline.php(219): Illuminate\\Cookie\\Middleware\\AddQueuedCookiesToResponse->handle(Object(Illuminate\\Http\\Request), Object(Closure))
#19 /Volumes/Home/moohard/Kerjaan-Kepegawaian/apel-app/vendor/laravel/framework/src/Illuminate/Cookie/Middleware/EncryptCookies.php(74): Illuminate\\Pipeline\\Pipeline->{closure:{closure:Illuminate\\Pipeline\\Pipeline::carry():194}:195}(Object(Illuminate\\Http\\Request))
#20 /Volumes/Home/moohard/Kerjaan-Kepegawaian/apel-app/vendor/laravel/framework/src/Illuminate/Pipeline/Pipeline.php(219): Illuminate\\Cookie\\Middleware\\EncryptCookies->handle(Object(Illuminate\\Http\\Request), Object(Closure))
#21 /Volumes/Home/moohard/Kerjaan-Kepegawaian/apel-app/vendor/laravel/framework/src/Illuminate/Pipeline/Pipeline.php(137): Illuminate\\Pipeline\\Pipeline->{closure:{closure:Illuminate\\Pipeline\\Pipeline::carry():194}:195}(Object(Illuminate\\Http\\Request))
#22 /Volumes/Home/moohard/Kerjaan-Kepegawaian/apel-app/vendor/laravel/framework/src/Illuminate/Routing/Router.php(821): Illuminate\\Pipeline\\Pipeline->then(Object(Closure))
#23 /Volumes/Home/moohard/Kerjaan-Kepegawaian/apel-app/vendor/laravel/framework/src/Illuminate/Routing/Router.php(800): Illuminate\\Routing\\Router->runRouteWithinStack(Object(Illuminate\\Routing\\Route), Object(Illuminate\\Http\\Request))
#24 /Volumes/Home/moohard/Kerjaan-Kepegawaian/apel-app/vendor/laravel/framework/src/Illuminate/Routing/Router.php(764): Illuminate\\Routing\\Router->runRoute(Object(Illuminate\\Http\\Request), Object(Illuminate\\Routing\\Route))
#25 /Volumes/Home/moohard/Kerjaan-Kepegawaian/apel-app/vendor/laravel/framework/src/Illuminate/Routing/Router.php(753): Illuminate\\Routing\\Router->dispatchToRoute(Object(Illuminate\\Http\\Request))
#26 /Volumes/Home/moohard/Kerjaan-Kepegawaian/apel-app/vendor/laravel/framework/src/Illuminate/Foundation/Http/Kernel.php(200): Illuminate\\Routing\\Router->dispatch(Object(Illuminate\\Http\\Request))
#27 /Volumes/Home/moohard/Kerjaan-Kepegawaian/apel-app/vendor/laravel/framework/src/Illuminate/Pipeline/Pipeline.php(180): Illuminate\\Foundation\\Http\\Kernel->{closure:Illuminate\\Foundation\\Http\\Kernel::dispatchToRouter():197}(Object(Illuminate\\Http\\Request))
#28 /Volumes/Home/moohard/Kerjaan-Kepegawaian/apel-app/vendor/laravel/framework/src/Illuminate/Foundation/Http/Middleware/TransformsRequest.php(21): Illuminate\\Pipeline\\Pipeline->{closure:Illuminate\\Pipeline\\Pipeline::prepareDestination():178}(Object(Illuminate\\Http\\Request))
#29 /Volumes/Home/moohard/Kerjaan-Kepegawaian/apel-app/vendor/laravel/framework/src/Illuminate/Foundation/Http/Middleware/ConvertEmptyStringsToNull.php(31): Illuminate\\Foundation\\Http\\Middleware\\TransformsRequest->handle(Object(Illuminate\\Http\\Request), Object(Closure))
#30 /Volumes/Home/moohard/Kerjaan-Kepegawaian/apel-app/vendor/laravel/framework/src/Illuminate/Pipeline/Pipeline.php(219): Illuminate\\Foundation\\Http\\Middleware\\ConvertEmptyStringsToNull->handle(Object(Illuminate\\Http\\Request), Object(Closure))
#31 /Volumes/Home/moohard/Kerjaan-Kepegawaian/apel-app/vendor/laravel/framework/src/Illuminate/Foundation/Http/Middleware/TransformsRequest.php(21): Illuminate\\Pipeline\\Pipeline->{closure:{closure:Illuminate\\Pipeline\\Pipeline::carry():194}:195}(Object(Illuminate\\Http\\Request))
#32 /Volumes/Home/moohard/Kerjaan-Kepegawaian/apel-app/vendor/laravel/framework/src/Illuminate/Foundation/Http/Middleware/TrimStrings.php(51): Illuminate\\Foundation\\Http\\Middleware\\TransformsRequest->handle(Object(Illuminate\\Http\\Request), Object(Closure))
#33 /Volumes/Home/moohard/Kerjaan-Kepegawaian/apel-app/vendor/laravel/framework/src/Illuminate/Pipeline/Pipeline.php(219): Illuminate\\Foundation\\Http\\Middleware\\TrimStrings->handle(Object(Illuminate\\Http\\Request), Object(Closure))
#34 /Volumes/Home/moohard/Kerjaan-Kepegawaian/apel-app/vendor/laravel/framework/src/Illuminate/Http/Middleware/ValidatePostSize.php(27): Illuminate\\Pipeline\\Pipeline->{closure:{closure:Illuminate\\Pipeline\\Pipeline::carry():194}:195}(Object(Illuminate\\Http\\Request))
#35 /Volumes/Home/moohard/Kerjaan-Kepegawaian/apel-app/vendor/laravel/framework/src/Illuminate/Pipeline/Pipeline.php(219): Illuminate\\Http\\Middleware\\ValidatePostSize->handle(Object(Illuminate\\Http\\Request), Object(Closure))
#36 /Volumes/Home/moohard/Kerjaan-Kepegawaian/apel-app/vendor/laravel/framework/src/Illuminate/Foundation/Http/Middleware/PreventRequestsDuringMaintenance.php(109): Illuminate\\Pipeline\\Pipeline->{closure:{closure:Illuminate\\Pipeline\\Pipeline::carry():194}:195}(Object(Illuminate\\Http\\Request))
#37 /Volumes/Home/moohard/Kerjaan-Kepegawaian/apel-app/vendor/laravel/framework/src/Illuminate/Pipeline/Pipeline.php(219): Illuminate\\Foundation\\Http\\Middleware\\PreventRequestsDuringMaintenance->handle(Object(Illuminate\\Http\\Request), Object(Closure))
#38 /Volumes/Home/moohard/Kerjaan-Kepegawaian/apel-app/vendor/laravel/framework/src/Illuminate/Http/Middleware/HandleCors.php(48): Illuminate\\Pipeline\\Pipeline->{closure:{closure:Illuminate\\Pipeline\\Pipeline::carry():194}:195}(Object(Illuminate\\Http\\Request))
#39 /Volumes/Home/moohard/Kerjaan-Kepegawaian/apel-app/vendor/laravel/framework/src/Illuminate/Pipeline/Pipeline.php(219): Illuminate\\Http\\Middleware\\HandleCors->handle(Object(Illuminate\\Http\\Request), Object(Closure))
#40 /Volumes/Home/moohard/Kerjaan-Kepegawaian/apel-app/vendor/laravel/framework/src/Illuminate/Http/Middleware/TrustProxies.php(58): Illuminate\\Pipeline\\Pipeline->{closure:{closure:Illuminate\\Pipeline\\Pipeline::carry():194}:195}(Object(Illuminate\\Http\\Request))
#41 /Volumes/Home/moohard/Kerjaan-Kepegawaian/apel-app/vendor/laravel/framework/src/Illuminate/Pipeline/Pipeline.php(219): Illuminate\\Http\\Middleware\\TrustProxies->handle(Object(Illuminate\\Http\\Request), Object(Closure))
#42 /Volumes/Home/moohard/Kerjaan-Kepegawaian/apel-app/vendor/laravel/framework/src/Illuminate/Foundation/Http/Middleware/InvokeDeferredCallbacks.php(22): Illuminate\\Pipeline\\Pipeline->{closure:{closure:Illuminate\\Pipeline\\Pipeline::carry():194}:195}(Object(Illuminate\\Http\\Request))
#43 /Volumes/Home/moohard/Kerjaan-Kepegawaian/apel-app/vendor/laravel/framework/src/Illuminate/Pipeline/Pipeline.php(219): Illuminate\\Foundation\\Http\\Middleware\\InvokeDeferredCallbacks->handle(Object(Illuminate\\Http\\Request), Object(Closure))
#44 /Volumes/Home/moohard/Kerjaan-Kepegawaian/apel-app/vendor/laravel/framework/src/Illuminate/Http/Middleware/ValidatePathEncoding.php(26): Illuminate\\Pipeline\\Pipeline->{closure:{closure:Illuminate\\Pipeline\\Pipeline::carry():194}:195}(Object(Illuminate\\Http\\Request))
#45 /Volumes/Home/moohard/Kerjaan-Kepegawaian/apel-app/vendor/laravel/framework/src/Illuminate/Pipeline/Pipeline.php(219): Illuminate\\Http\\Middleware\\ValidatePathEncoding->handle(Object(Illuminate\\Http\\Request), Object(Closure))
#46 /Volumes/Home/moohard/Kerjaan-Kepegawaian/apel-app/vendor/laravel/framework/src/Illuminate/Pipeline/Pipeline.php(137): Illuminate\\Pipeline\\Pipeline->{closure:{closure:Illuminate\\Pipeline\\Pipeline::carry():194}:195}(Object(Illuminate\\Http\\Request))
#47 /Volumes/Home/moohard/Kerjaan-Kepegawaian/apel-app/vendor/laravel/framework/src/Illuminate/Foundation/Http/Kernel.php(175): Illuminate\\Pipeline\\Pipeline->then(Object(Closure))
#48 /Volumes/Home/moohard/Kerjaan-Kepegawaian/apel-app/vendor/laravel/framework/src/Illuminate/Foundation/Http/Kernel.php(144): Illuminate\\Foundation\\Http\\Kernel->sendRequestThroughRouter(Object(Illuminate\\Http\\Request))
#49 /Volumes/Home/moohard/Kerjaan-Kepegawaian/apel-app/vendor/laravel/framework/src/Illuminate/Foundation/Application.php(1220): Illuminate\\Foundation\\Http\\Kernel->handle(Object(Illuminate\\Http\\Request))
#50 /Volumes/Home/moohard/Kerjaan-Kepegawaian/apel-app/public/index.php(20): Illuminate\\Foundation\\Application->handleRequest(Object(Illuminate\\Http\\Request))
#51 /Volumes/Home/moohard/Kerjaan-Kepegawaian/apel-app/vendor/laravel/framework/src/Illuminate/Foundation/resources/server.php(23): require_once('/Volumes/Home/m...')
#52 {main}
"} 
[2026-01-12 05:54:29] local.ERROR: Class "Redis" not found {"exception":"[object] (Error(code: 0): Class \"Redis\" not found at /Volumes/Home/moohard/Kerjaan-Kepegawaian/apel-app/vendor/laravel/framework/src/Illuminate/Redis/Connectors/PhpRedisConnector.php:80)
[stacktrace]
#0 /Volumes/Home/moohard/Kerjaan-Kepegawaian/apel-app/vendor/laravel/framework/src/Illuminate/Redis/Connectors/PhpRedisConnector.php(34): Illuminate\\Redis\\Connectors\\PhpRedisConnector->createClient(Array)
#1 /Volumes/Home/moohard/Kerjaan-Kepegawaian/apel-app/vendor/laravel/framework/src/Illuminate/Redis/Connectors/PhpRedisConnector.php(39): Illuminate\\Redis\\Connectors\\PhpRedisConnector->{closure:Illuminate\\Redis\\Connectors\\PhpRedisConnector::connect():33}()
#2 /Volumes/Home/moohard/Kerjaan-Kepegawaian/apel-app/vendor/laravel/framework/src/Illuminate/Redis/RedisManager.php(111): Illuminate\\Redis\\Connectors\\PhpRedisConnector->connect(Array, Array)
#3 /Volumes/Home/moohard/Kerjaan-Kepegawaian/apel-app/vendor/laravel/framework/src/Illuminate/Redis/RedisManager.php(92): Illuminate\\Redis\\RedisManager->resolve('default')
#4 /Volumes/Home/moohard/Kerjaan-Kepegawaian/apel-app/vendor/laravel/framework/src/Illuminate/Cache/RedisStore.php(368): Illuminate\\Redis\\RedisManager->connection('default')
#5 /Volumes/Home/moohard/Kerjaan-Kepegawaian/apel-app/vendor/laravel/framework/src/Illuminate/Cache/RedisStore.php(71): Illuminate\\Cache\\RedisStore->connection()
#6 /Volumes/Home/moohard/Kerjaan-Kepegawaian/apel-app/vendor/laravel/framework/src/Illuminate/Cache/Repository.php(119): Illuminate\\Cache\\RedisStore->get('eB7dkIGHrwCo069...')
#7 /Volumes/Home/moohard/Kerjaan-Kepegawaian/apel-app/vendor/laravel/framework/src/Illuminate/Session/CacheBasedSessionHandler.php(63): Illuminate\\Cache\\Repository->get('eB7dkIGHrwCo069...', '')
#8 /Volumes/Home/moohard/Kerjaan-Kepegawaian/apel-app/vendor/laravel/framework/src/Illuminate/Session/Store.php(117): Illuminate\\Session\\CacheBasedSessionHandler->read('eB7dkIGHrwCo069...')
#9 /Volumes/Home/moohard/Kerjaan-Kepegawaian/apel-app/vendor/laravel/framework/src/Illuminate/Session/Store.php(105): Illuminate\\Session\\Store->readFromHandler()
#10 /Volumes/Home/moohard/Kerjaan-Kepegawaian/apel-app/vendor/laravel/framework/src/Illuminate/Session/Store.php(89): Illuminate\\Session\\Store->loadSession()
#11 /Volumes/Home/moohard/Kerjaan-Kepegawaian/apel-app/vendor/laravel/framework/src/Illuminate/Session/Middleware/StartSession.php(146): Illuminate\\Session\\Store->start()
#12 /Volumes/Home/moohard/Kerjaan-Kepegawaian/apel-app/vendor/laravel/framework/src/Illuminate/Support/helpers.php(390): Illuminate\\Session\\Middleware\\StartSession->{closure:Illuminate\\Session\\Middleware\\StartSession::startSession():143}(Object(Illuminate\\Session\\Store))
#13 /Volumes/Home/moohard/Kerjaan-Kepegawaian/apel-app/vendor/laravel/framework/src/Illuminate/Session/Middleware/StartSession.php(143): tap(Object(Illuminate\\Session\\Store), Object(Closure))
#14 /Volumes/Home/moohard/Kerjaan-Kepegawaian/apel-app/vendor/laravel/framework/src/Illuminate/Session/Middleware/StartSession.php(115): Illuminate\\Session\\Middleware\\StartSession->startSession(Object(Illuminate\\Http\\Request), Object(Illuminate\\Session\\Store))
#15 /Volumes/Home/moohard/Kerjaan-Kepegawaian/apel-app/vendor/laravel/framework/src/Illuminate/Session/Middleware/StartSession.php(63): Illuminate\\Session\\Middleware\\StartSession->handleStatefulRequest(Object(Illuminate\\Http\\Request), Object(Illuminate\\Session\\Store), Object(Closure))
#16 /Volumes/Home/moohard/Kerjaan-Kepegawaian/apel-app/vendor/laravel/framework/src/Illuminate/Pipeline/Pipeline.php(219): Illuminate\\Session\\Middleware\\StartSession->handle(Object(Illuminate\\Http\\Request), Object(Closure))
#17 /Volumes/Home/moohard/Kerjaan-Kepegawaian/apel-app/vendor/laravel/framework/src/Illuminate/Cookie/Middleware/AddQueuedCookiesToResponse.php(36): Illuminate\\Pipeline\\Pipeline->{closure:{closure:Illuminate\\Pipeline\\Pipeline::carry():194}:195}(Object(Illuminate\\Http\\Request))
#18 /Volumes/Home/moohard/Kerjaan-Kepegawaian/apel-app/vendor/laravel/framework/src/Illuminate/Pipeline/Pipeline.php(219): Illuminate\\Cookie\\Middleware\\AddQueuedCookiesToResponse->handle(Object(Illuminate\\Http\\Request), Object(Closure))
#19 /Volumes/Home/moohard/Kerjaan-Kepegawaian/apel-app/vendor/laravel/framework/src/Illuminate/Cookie/Middleware/EncryptCookies.php(74): Illuminate\\Pipeline\\Pipeline->{closure:{closure:Illuminate\\Pipeline\\Pipeline::carry():194}:195}(Object(Illuminate\\Http\\Request))
#20 /Volumes/Home/moohard/Kerjaan-Kepegawaian/apel-app/vendor/laravel/framework/src/Illuminate/Pipeline/Pipeline.php(219): Illuminate\\Cookie\\Middleware\\EncryptCookies->handle(Object(Illuminate\\Http\\Request), Object(Closure))
#21 /Volumes/Home/moohard/Kerjaan-Kepegawaian/apel-app/vendor/laravel/framework/src/Illuminate/Pipeline/Pipeline.php(137): Illuminate\\Pipeline\\Pipeline->{closure:{closure:Illuminate\\Pipeline\\Pipeline::carry():194}:195}(Object(Illuminate\\Http\\Request))
#22 /Volumes/Home/moohard/Kerjaan-Kepegawaian/apel-app/vendor/laravel/framework/src/Illuminate/Routing/Router.php(821): Illuminate\\Pipeline\\Pipeline->then(Object(Closure))
#23 /Volumes/Home/moohard/Kerjaan-Kepegawaian/apel-app/vendor/laravel/framework/src/Illuminate/Routing/Router.php(800): Illuminate\\Routing\\Router->runRouteWithinStack(Object(Illuminate\\Routing\\Route), Object(Illuminate\\Http\\Request))
#24 /Volumes/Home/moohard/Kerjaan-Kepegawaian/apel-app/vendor/laravel/framework/src/Illuminate/Routing/Router.php(764): Illuminate\\Routing\\Router->runRoute(Object(Illuminate\\Http\\Request), Object(Illuminate\\Routing\\Route))
#25 /Volumes/Home/moohard/Kerjaan-Kepegawaian/apel-app/vendor/laravel/framework/src/Illuminate/Routing/Router.php(753): Illuminate\\Routing\\Router->dispatchToRoute(Object(Illuminate\\Http\\Request))
#26 /Volumes/Home/moohard/Kerjaan-Kepegawaian/apel-app/vendor/laravel/framework/src/Illuminate/Foundation/Http/Kernel.php(200): Illuminate\\Routing\\Router->dispatch(Object(Illuminate\\Http\\Request))
#27 /Volumes/Home/moohard/Kerjaan-Kepegawaian/apel-app/vendor/laravel/framework/src/Illuminate/Pipeline/Pipeline.php(180): Illuminate\\Foundation\\Http\\Kernel->{closure:Illuminate\\Foundation\\Http\\Kernel::dispatchToRouter():197}(Object(Illuminate\\Http\\Request))
#28 /Volumes/Home/moohard/Kerjaan-Kepegawaian/apel-app/vendor/laravel/framework/src/Illuminate/Foundation/Http/Middleware/TransformsRequest.php(21): Illuminate\\Pipeline\\Pipeline->{closure:Illuminate\\Pipeline\\Pipeline::prepareDestination():178}(Object(Illuminate\\Http\\Request))
#29 /Volumes/Home/moohard/Kerjaan-Kepegawaian/apel-app/vendor/laravel/framework/src/Illuminate/Foundation/Http/Middleware/ConvertEmptyStringsToNull.php(31): Illuminate\\Foundation\\Http\\Middleware\\TransformsRequest->handle(Object(Illuminate\\Http\\Request), Object(Closure))
#30 /Volumes/Home/moohard/Kerjaan-Kepegawaian/apel-app/vendor/laravel/framework/src/Illuminate/Pipeline/Pipeline.php(219): Illuminate\\Foundation\\Http\\Middleware\\ConvertEmptyStringsToNull->handle(Object(Illuminate\\Http\\Request), Object(Closure))
#31 /Volumes/Home/moohard/Kerjaan-Kepegawaian/apel-app/vendor/laravel/framework/src/Illuminate/Foundation/Http/Middleware/TransformsRequest.php(21): Illuminate\\Pipeline\\Pipeline->{closure:{closure:Illuminate\\Pipeline\\Pipeline::carry():194}:195}(Object(Illuminate\\Http\\Request))
#32 /Volumes/Home/moohard/Kerjaan-Kepegawaian/apel-app/vendor/laravel/framework/src/Illuminate/Foundation/Http/Middleware/TrimStrings.php(51): Illuminate\\Foundation\\Http\\Middleware\\TransformsRequest->handle(Object(Illuminate\\Http\\Request), Object(Closure))
#33 /Volumes/Home/moohard/Kerjaan-Kepegawaian/apel-app/vendor/laravel/framework/src/Illuminate/Pipeline/Pipeline.php(219): Illuminate\\Foundation\\Http\\Middleware\\TrimStrings->handle(Object(Illuminate\\Http\\Request), Object(Closure))
#34 /Volumes/Home/moohard/Kerjaan-Kepegawaian/apel-app/vendor/laravel/framework/src/Illuminate/Http/Middleware/ValidatePostSize.php(27): Illuminate\\Pipeline\\Pipeline->{closure:{closure:Illuminate\\Pipeline\\Pipeline::carry():194}:195}(Object(Illuminate\\Http\\Request))
#35 /Volumes/Home/moohard/Kerjaan-Kepegawaian/apel-app/vendor/laravel/framework/src/Illuminate/Pipeline/Pipeline.php(219): Illuminate\\Http\\Middleware\\ValidatePostSize->handle(Object(Illuminate\\Http\\Request), Object(Closure))
#36 /Volumes/Home/moohard/Kerjaan-Kepegawaian/apel-app/vendor/laravel/framework/src/Illuminate/Foundation/Http/Middleware/PreventRequestsDuringMaintenance.php(109): Illuminate\\Pipeline\\Pipeline->{closure:{closure:Illuminate\\Pipeline\\Pipeline::carry():194}:195}(Object(Illuminate\\Http\\Request))
#37 /Volumes/Home/moohard/Kerjaan-Kepegawaian/apel-app/vendor/laravel/framework/src/Illuminate/Pipeline/Pipeline.php(219): Illuminate\\Foundation\\Http\\Middleware\\PreventRequestsDuringMaintenance->handle(Object(Illuminate\\Http\\Request), Object(Closure))
#38 /Volumes/Home/moohard/Kerjaan-Kepegawaian/apel-app/vendor/laravel/framework/src/Illuminate/Http/Middleware/HandleCors.php(48): Illuminate\\Pipeline\\Pipeline->{closure:{closure:Illuminate\\Pipeline\\Pipeline::carry():194}:195}(Object(Illuminate\\Http\\Request))
#39 /Volumes/Home/moohard/Kerjaan-Kepegawaian/apel-app/vendor/laravel/framework/src/Illuminate/Pipeline/Pipeline.php(219): Illuminate\\Http\\Middleware\\HandleCors->handle(Object(Illuminate\\Http\\Request), Object(Closure))
#40 /Volumes/Home/moohard/Kerjaan-Kepegawaian/apel-app/vendor/laravel/framework/src/Illuminate/Http/Middleware/TrustProxies.php(58): Illuminate\\Pipeline\\Pipeline->{closure:{closure:Illuminate\\Pipeline\\Pipeline::carry():194}:195}(Object(Illuminate\\Http\\Request))
#41 /Volumes/Home/moohard/Kerjaan-Kepegawaian/apel-app/vendor/laravel/framework/src/Illuminate/Pipeline/Pipeline.php(219): Illuminate\\Http\\Middleware\\TrustProxies->handle(Object(Illuminate\\Http\\Request), Object(Closure))
#42 /Volumes/Home/moohard/Kerjaan-Kepegawaian/apel-app/vendor/laravel/framework/src/Illuminate/Foundation/Http/Middleware/InvokeDeferredCallbacks.php(22): Illuminate\\Pipeline\\Pipeline->{closure:{closure:Illuminate\\Pipeline\\Pipeline::carry():194}:195}(Object(Illuminate\\Http\\Request))
#43 /Volumes/Home/moohard/Kerjaan-Kepegawaian/apel-app/vendor/laravel/framework/src/Illuminate/Pipeline/Pipeline.php(219): Illuminate\\Foundation\\Http\\Middleware\\InvokeDeferredCallbacks->handle(Object(Illuminate\\Http\\Request), Object(Closure))
#44 /Volumes/Home/moohard/Kerjaan-Kepegawaian/apel-app/vendor/laravel/framework/src/Illuminate/Http/Middleware/ValidatePathEncoding.php(26): Illuminate\\Pipeline\\Pipeline->{closure:{closure:Illuminate\\Pipeline\\Pipeline::carry():194}:195}(Object(Illuminate\\Http\\Request))
#45 /Volumes/Home/moohard/Kerjaan-Kepegawaian/apel-app/vendor/laravel/framework/src/Illuminate/Pipeline/Pipeline.php(219): Illuminate\\Http\\Middleware\\ValidatePathEncoding->handle(Object(Illuminate\\Http\\Request), Object(Closure))
#46 /Volumes/Home/moohard/Kerjaan-Kepegawaian/apel-app/vendor/laravel/framework/src/Illuminate/Pipeline/Pipeline.php(137): Illuminate\\Pipeline\\Pipeline->{closure:{closure:Illuminate\\Pipeline\\Pipeline::carry():194}:195}(Object(Illuminate\\Http\\Request))
#47 /Volumes/Home/moohard/Kerjaan-Kepegawaian/apel-app/vendor/laravel/framework/src/Illuminate/Foundation/Http/Kernel.php(175): Illuminate\\Pipeline\\Pipeline->then(Object(Closure))
#48 /Volumes/Home/moohard/Kerjaan-Kepegawaian/apel-app/vendor/laravel/framework/src/Illuminate/Foundation/Http/Kernel.php(144): Illuminate\\Foundation\\Http\\Kernel->sendRequestThroughRouter(Object(Illuminate\\Http\\Request))
#49 /Volumes/Home/moohard/Kerjaan-Kepegawaian/apel-app/vendor/laravel/framework/src/Illuminate/Foundation/Application.php(1220): Illuminate\\Foundation\\Http\\Kernel->handle(Object(Illuminate\\Http\\Request))
#50 /Volumes/Home/moohard/Kerjaan-Kepegawaian/apel-app/public/index.php(20): Illuminate\\Foundation\\Application->handleRequest(Object(Illuminate\\Http\\Request))
#51 /Volumes/Home/moohard/Kerjaan-Kepegawaian/apel-app/vendor/laravel/framework/src/Illuminate/Foundation/resources/server.php(23): require_once('/Volumes/Home/m...')
#52 {main}
"} 
[2026-01-12 05:54:35] local.ERROR: Class "Redis" not found {"exception":"[object] (Error(code: 0): Class \"Redis\" not found at /Volumes/Home/moohard/Kerjaan-Kepegawaian/apel-app/vendor/laravel/framework/src/Illuminate/Redis/Connectors/PhpRedisConnector.php:80)
[stacktrace]
#0 /Volumes/Home/moohard/Kerjaan-Kepegawaian/apel-app/vendor/laravel/framework/src/Illuminate/Redis/Connectors/PhpRedisConnector.php(34): Illuminate\\Redis\\Connectors\\PhpRedisConnector->createClient(Array)
#1 /Volumes/Home/moohard/Kerjaan-Kepegawaian/apel-app/vendor/laravel/framework/src/Illuminate/Redis/Connectors/PhpRedisConnector.php(39): Illuminate\\Redis\\Connectors\\PhpRedisConnector->{closure:Illuminate\\Redis\\Connectors\\PhpRedisConnector::connect():33}()
#2 /Volumes/Home/moohard/Kerjaan-Kepegawaian/apel-app/vendor/laravel/framework/src/Illuminate/Redis/RedisManager.php(111): Illuminate\\Redis\\Connectors\\PhpRedisConnector->connect(Array, Array)
#3 /Volumes/Home/moohard/Kerjaan-Kepegawaian/apel-app/vendor/laravel/framework/src/Illuminate/Redis/RedisManager.php(92): Illuminate\\Redis\\RedisManager->resolve('default')
#4 /Volumes/Home/moohard/Kerjaan-Kepegawaian/apel-app/vendor/laravel/framework/src/Illuminate/Cache/RedisStore.php(368): Illuminate\\Redis\\RedisManager->connection('default')
#5 /Volumes/Home/moohard/Kerjaan-Kepegawaian/apel-app/vendor/laravel/framework/src/Illuminate/Cache/RedisStore.php(71): Illuminate\\Cache\\RedisStore->connection()
#6 /Volumes/Home/moohard/Kerjaan-Kepegawaian/apel-app/vendor/laravel/framework/src/Illuminate/Cache/Repository.php(119): Illuminate\\Cache\\RedisStore->get('EETInz1IxG7n7tC...')
#7 /Volumes/Home/moohard/Kerjaan-Kepegawaian/apel-app/vendor/laravel/framework/src/Illuminate/Session/CacheBasedSessionHandler.php(63): Illuminate\\Cache\\Repository->get('EETInz1IxG7n7tC...', '')
#8 /Volumes/Home/moohard/Kerjaan-Kepegawaian/apel-app/vendor/laravel/framework/src/Illuminate/Session/Store.php(117): Illuminate\\Session\\CacheBasedSessionHandler->read('EETInz1IxG7n7tC...')
#9 /Volumes/Home/moohard/Kerjaan-Kepegawaian/apel-app/vendor/laravel/framework/src/Illuminate/Session/Store.php(105): Illuminate\\Session\\Store->readFromHandler()
#10 /Volumes/Home/moohard/Kerjaan-Kepegawaian/apel-app/vendor/laravel/framework/src/Illuminate/Session/Store.php(89): Illuminate\\Session\\Store->loadSession()
#11 /Volumes/Home/moohard/Kerjaan-Kepegawaian/apel-app/vendor/laravel/framework/src/Illuminate/Session/Middleware/StartSession.php(146): Illuminate\\Session\\Store->start()
#12 /Volumes/Home/moohard/Kerjaan-Kepegawaian/apel-app/vendor/laravel/framework/src/Illuminate/Support/helpers.php(390): Illuminate\\Session\\Middleware\\StartSession->{closure:Illuminate\\Session\\Middleware\\StartSession::startSession():143}(Object(Illuminate\\Session\\Store))
#13 /Volumes/Home/moohard/Kerjaan-Kepegawaian/apel-app/vendor/laravel/framework/src/Illuminate/Session/Middleware/StartSession.php(143): tap(Object(Illuminate\\Session\\Store), Object(Closure))
#14 /Volumes/Home/moohard/Kerjaan-Kepegawaian/apel-app/vendor/laravel/framework/src/Illuminate/Session/Middleware/StartSession.php(115): Illuminate\\Session\\Middleware\\StartSession->startSession(Object(Illuminate\\Http\\Request), Object(Illuminate\\Session\\Store))
#15 /Volumes/Home/moohard/Kerjaan-Kepegawaian/apel-app/vendor/laravel/framework/src/Illuminate/Session/Middleware/StartSession.php(63): Illuminate\\Session\\Middleware\\StartSession->handleStatefulRequest(Object(Illuminate\\Http\\Request), Object(Illuminate\\Session\\Store), Object(Closure))
#16 /Volumes/Home/moohard/Kerjaan-Kepegawaian/apel-app/vendor/laravel/framework/src/Illuminate/Pipeline/Pipeline.php(219): Illuminate\\Session\\Middleware\\StartSession->handle(Object(Illuminate\\Http\\Request), Object(Closure))
#17 /Volumes/Home/moohard/Kerjaan-Kepegawaian/apel-app/vendor/laravel/framework/src/Illuminate/Cookie/Middleware/AddQueuedCookiesToResponse.php(36): Illuminate\\Pipeline\\Pipeline->{closure:{closure:Illuminate\\Pipeline\\Pipeline::carry():194}:195}(Object(Illuminate\\Http\\Request))
#18 /Volumes/Home/moohard/Kerjaan-Kepegawaian/apel-app/vendor/laravel/framework/src/Illuminate/Pipeline/Pipeline.php(219): Illuminate\\Cookie\\Middleware\\AddQueuedCookiesToResponse->handle(Object(Illuminate\\Http\\Request), Object(Closure))
#19 /Volumes/Home/moohard/Kerjaan-Kepegawaian/apel-app/vendor/laravel/framework/src/Illuminate/Cookie/Middleware/EncryptCookies.php(74): Illuminate\\Pipeline\\Pipeline->{closure:{closure:Illuminate\\Pipeline\\Pipeline::carry():194}:195}(Object(Illuminate\\Http\\Request))
#20 /Volumes/Home/moohard/Kerjaan-Kepegawaian/apel-app/vendor/laravel/framework/src/Illuminate/Pipeline/Pipeline.php(219): Illuminate\\Cookie\\Middleware\\EncryptCookies->handle(Object(Illuminate\\Http\\Request), Object(Closure))
#21 /Volumes/Home/moohard/Kerjaan-Kepegawaian/apel-app/vendor/laravel/framework/src/Illuminate/Pipeline/Pipeline.php(137): Illuminate\\Pipeline\\Pipeline->{closure:{closure:Illuminate\\Pipeline\\Pipeline::carry():194}:195}(Object(Illuminate\\Http\\Request))
#22 /Volumes/Home/moohard/Kerjaan-Kepegawaian/apel-app/vendor/laravel/framework/src/Illuminate/Routing/Router.php(821): Illuminate\\Pipeline\\Pipeline->then(Object(Closure))
#23 /Volumes/Home/moohard/Kerjaan-Kepegawaian/apel-app/vendor/laravel/framework/src/Illuminate/Routing/Router.php(800): Illuminate\\Routing\\Router->runRouteWithinStack(Object(Illuminate\\Routing\\Route), Object(Illuminate\\Http\\Request))
#24 /Volumes/Home/moohard/Kerjaan-Kepegawaian/apel-app/vendor/laravel/framework/src/Illuminate/Routing/Router.php(764): Illuminate\\Routing\\Router->runRoute(Object(Illuminate\\Http\\Request), Object(Illuminate\\Routing\\Route))
#25 /Volumes/Home/moohard/Kerjaan-Kepegawaian/apel-app/vendor/laravel/framework/src/Illuminate/Routing/Router.php(753): Illuminate\\Routing\\Router->dispatchToRoute(Object(Illuminate\\Http\\Request))
#26 /Volumes/Home/moohard/Kerjaan-Kepegawaian/apel-app/vendor/laravel/framework/src/Illuminate/Foundation/Http/Kernel.php(200): Illuminate\\Routing\\Router->dispatch(Object(Illuminate\\Http\\Request))
#27 /Volumes/Home/moohard/Kerjaan-Kepegawaian/apel-app/vendor/laravel/framework/src/Illuminate/Pipeline/Pipeline.php(180): Illuminate\\Foundation\\Http\\Kernel->{closure:Illuminate\\Foundation\\Http\\Kernel::dispatchToRouter():197}(Object(Illuminate\\Http\\Request))
#28 /Volumes/Home/moohard/Kerjaan-Kepegawaian/apel-app/vendor/laravel/framework/src/Illuminate/Foundation/Http/Middleware/TransformsRequest.php(21): Illuminate\\Pipeline\\Pipeline->{closure:Illuminate\\Pipeline\\Pipeline::prepareDestination():178}(Object(Illuminate\\Http\\Request))
#29 /Volumes/Home/moohard/Kerjaan-Kepegawaian/apel-app/vendor/laravel/framework/src/Illuminate/Foundation/Http/Middleware/ConvertEmptyStringsToNull.php(31): Illuminate\\Foundation\\Http\\Middleware\\TransformsRequest->handle(Object(Illuminate\\Http\\Request), Object(Closure))
#30 /Volumes/Home/moohard/Kerjaan-Kepegawaian/apel-app/vendor/laravel/framework/src/Illuminate/Pipeline/Pipeline.php(219): Illuminate\\Foundation\\Http\\Middleware\\ConvertEmptyStringsToNull->handle(Object(Illuminate\\Http\\Request), Object(Closure))
#31 /Volumes/Home/moohard/Kerjaan-Kepegawaian/apel-app/vendor/laravel/framework/src/Illuminate/Foundation/Http/Middleware/TransformsRequest.php(21): Illuminate\\Pipeline\\Pipeline->{closure:{closure:Illuminate\\Pipeline\\Pipeline::carry():194}:195}(Object(Illuminate\\Http\\Request))
#32 /Volumes/Home/moohard/Kerjaan-Kepegawaian/apel-app/vendor/laravel/framework/src/Illuminate/Foundation/Http/Middleware/TrimStrings.php(51): Illuminate\\Foundation\\Http\\Middleware\\TransformsRequest->handle(Object(Illuminate\\Http\\Request), Object(Closure))
#33 /Volumes/Home/moohard/Kerjaan-Kepegawaian/apel-app/vendor/laravel/framework/src/Illuminate/Pipeline/Pipeline.php(219): Illuminate\\Foundation\\Http\\Middleware\\TrimStrings->handle(Object(Illuminate\\Http\\Request), Object(Closure))
#34 /Volumes/Home/moohard/Kerjaan-Kepegawaian/apel-app/vendor/laravel/framework/src/Illuminate/Http/Middleware/ValidatePostSize.php(27): Illuminate\\Pipeline\\Pipeline->{closure:{closure:Illuminate\\Pipeline\\Pipeline::carry():194}:195}(Object(Illuminate\\Http\\Request))
#35 /Volumes/Home/moohard/Kerjaan-Kepegawaian/apel-app/vendor/laravel/framework/src/Illuminate/Pipeline/Pipeline.php(219): Illuminate\\Http\\Middleware\\ValidatePostSize->handle(Object(Illuminate\\Http\\Request), Object(Closure))
#36 /Volumes/Home/moohard/Kerjaan-Kepegawaian/apel-app/vendor/laravel/framework/src/Illuminate/Foundation/Http/Middleware/PreventRequestsDuringMaintenance.php(109): Illuminate\\Pipeline\\Pipeline->{closure:{closure:Illuminate\\Pipeline\\Pipeline::carry():194}:195}(Object(Illuminate\\Http\\Request))
#37 /Volumes/Home/moohard/Kerjaan-Kepegawaian/apel-app/vendor/laravel/framework/src/Illuminate/Pipeline/Pipeline.php(219): Illuminate\\Foundation\\Http\\Middleware\\PreventRequestsDuringMaintenance->handle(Object(Illuminate\\Http\\Request), Object(Closure))
#38 /Volumes/Home/moohard/Kerjaan-Kepegawaian/apel-app/vendor/laravel/framework/src/Illuminate/Http/Middleware/HandleCors.php(48): Illuminate\\Pipeline\\Pipeline->{closure:{closure:Illuminate\\Pipeline\\Pipeline::carry():194}:195}(Object(Illuminate\\Http\\Request))
#39 /Volumes/Home/moohard/Kerjaan-Kepegawaian/apel-app/vendor/laravel/framework/src/Illuminate/Pipeline/Pipeline.php(219): Illuminate\\Http\\Middleware\\HandleCors->handle(Object(Illuminate\\Http\\Request), Object(Closure))
#40 /Volumes/Home/moohard/Kerjaan-Kepegawaian/apel-app/vendor/laravel/framework/src/Illuminate/Http/Middleware/TrustProxies.php(58): Illuminate\\Pipeline\\Pipeline->{closure:{closure:Illuminate\\Pipeline\\Pipeline::carry():194}:195}(Object(Illuminate\\Http\\Request))
#41 /Volumes/Home/moohard/Kerjaan-Kepegawaian/apel-app/vendor/laravel/framework/src/Illuminate/Pipeline/Pipeline.php(219): Illuminate\\Http\\Middleware\\TrustProxies->handle(Object(Illuminate\\Http\\Request), Object(Closure))
#42 /Volumes/Home/moohard/Kerjaan-Kepegawaian/apel-app/vendor/laravel/framework/src/Illuminate/Foundation/Http/Middleware/InvokeDeferredCallbacks.php(22): Illuminate\\Pipeline\\Pipeline->{closure:{closure:Illuminate\\Pipeline\\Pipeline::carry():194}:195}(Object(Illuminate\\Http\\Request))
#43 /Volumes/Home/moohard/Kerjaan-Kepegawaian/apel-app/vendor/laravel/framework/src/Illuminate/Pipeline/Pipeline.php(219): Illuminate\\Foundation\\Http\\Middleware\\InvokeDeferredCallbacks->handle(Object(Illuminate\\Http\\Request), Object(Closure))
#44 /Volumes/Home/moohard/Kerjaan-Kepegawaian/apel-app/vendor/laravel/framework/src/Illuminate/Http/Middleware/ValidatePathEncoding.php(26): Illuminate\\Pipeline\\Pipeline->{closure:{closure:Illuminate\\Pipeline\\Pipeline::carry():194}:195}(Object(Illuminate\\Http\\Request))
#45 /Volumes/Home/moohard/Kerjaan-Kepegawaian/apel-app/vendor/laravel/framework/src/Illuminate/Pipeline/Pipeline.php(219): Illuminate\\Http\\Middleware\\ValidatePathEncoding->handle(Object(Illuminate\\Http\\Request), Object(Closure))
#46 /Volumes/Home/moohard/Kerjaan-Kepegawaian/apel-app/vendor/laravel/framework/src/Illuminate/Pipeline/Pipeline.php(137): Illuminate\\Pipeline\\Pipeline->{closure:{closure:Illuminate\\Pipeline\\Pipeline::carry():194}:195}(Object(Illuminate\\Http\\Request))
#47 /Volumes/Home/moohard/Kerjaan-Kepegawaian/apel-app/vendor/laravel/framework/src/Illuminate/Foundation/Http/Kernel.php(175): Illuminate\\Pipeline\\Pipeline->then(Object(Closure))
#48 /Volumes/Home/moohard/Kerjaan-Kepegawaian/apel-app/vendor/laravel/framework/src/Illuminate/Foundation/Http/Kernel.php(144): Illuminate\\Foundation\\Http\\Kernel->sendRequestThroughRouter(Object(Illuminate\\Http\\Request))
#49 /Volumes/Home/moohard/Kerjaan-Kepegawaian/apel-app/vendor/laravel/framework/src/Illuminate/Foundation/Application.php(1220): Illuminate\\Foundation\\Http\\Kernel->handle(Object(Illuminate\\Http\\Request))
#50 /Volumes/Home/moohard/Kerjaan-Kepegawaian/apel-app/public/index.php(20): Illuminate\\Foundation\\Application->handleRequest(Object(Illuminate\\Http\\Request))
#51 /Volumes/Home/moohard/Kerjaan-Kepegawaian/apel-app/vendor/laravel/framework/src/Illuminate/Foundation/resources/server.php(23): require_once('/Volumes/Home/m...')
#52 {main}
"} 
[2026-01-12 05:54:43] local.ERROR: Class "Redis" not found {"exception":"[object] (Error(code: 0): Class \"Redis\" not found at /Volumes/Home/moohard/Kerjaan-Kepegawaian/apel-app/vendor/laravel/framework/src/Illuminate/Redis/Connectors/PhpRedisConnector.php:80)
[stacktrace]
#0 /Volumes/Home/moohard/Kerjaan-Kepegawaian/apel-app/vendor/laravel/framework/src/Illuminate/Redis/Connectors/PhpRedisConnector.php(34): Illuminate\\Redis\\Connectors\\PhpRedisConnector->createClient(Array)
#1 /Volumes/Home/moohard/Kerjaan-Kepegawaian/apel-app/vendor/laravel/framework/src/Illuminate/Redis/Connectors/PhpRedisConnector.php(39): Illuminate\\Redis\\Connectors\\PhpRedisConnector->{closure:Illuminate\\Redis\\Connectors\\PhpRedisConnector::connect():33}()
#2 /Volumes/Home/moohard/Kerjaan-Kepegawaian/apel-app/vendor/laravel/framework/src/Illuminate/Redis/RedisManager.php(111): Illuminate\\Redis\\Connectors\\PhpRedisConnector->connect(Array, Array)
#3 /Volumes/Home/moohard/Kerjaan-Kepegawaian/apel-app/vendor/laravel/framework/src/Illuminate/Redis/RedisManager.php(92): Illuminate\\Redis\\RedisManager->resolve('default')
#4 /Volumes/Home/moohard/Kerjaan-Kepegawaian/apel-app/vendor/laravel/framework/src/Illuminate/Cache/RedisStore.php(368): Illuminate\\Redis\\RedisManager->connection('default')
#5 /Volumes/Home/moohard/Kerjaan-Kepegawaian/apel-app/vendor/laravel/framework/src/Illuminate/Cache/RedisStore.php(71): Illuminate\\Cache\\RedisStore->connection()
#6 /Volumes/Home/moohard/Kerjaan-Kepegawaian/apel-app/vendor/laravel/framework/src/Illuminate/Cache/Repository.php(119): Illuminate\\Cache\\RedisStore->get('uoZcJ7CcBV2Q9Qk...')
#7 /Volumes/Home/moohard/Kerjaan-Kepegawaian/apel-app/vendor/laravel/framework/src/Illuminate/Session/CacheBasedSessionHandler.php(63): Illuminate\\Cache\\Repository->get('uoZcJ7CcBV2Q9Qk...', '')
#8 /Volumes/Home/moohard/Kerjaan-Kepegawaian/apel-app/vendor/laravel/framework/src/Illuminate/Session/Store.php(117): Illuminate\\Session\\CacheBasedSessionHandler->read('uoZcJ7CcBV2Q9Qk...')
#9 /Volumes/Home/moohard/Kerjaan-Kepegawaian/apel-app/vendor/laravel/framework/src/Illuminate/Session/Store.php(105): Illuminate\\Session\\Store->readFromHandler()
#10 /Volumes/Home/moohard/Kerjaan-Kepegawaian/apel-app/vendor/laravel/framework/src/Illuminate/Session/Store.php(89): Illuminate\\Session\\Store->loadSession()
#11 /Volumes/Home/moohard/Kerjaan-Kepegawaian/apel-app/vendor/laravel/framework/src/Illuminate/Session/Middleware/StartSession.php(146): Illuminate\\Session\\Store->start()
#12 /Volumes/Home/moohard/Kerjaan-Kepegawaian/apel-app/vendor/laravel/framework/src/Illuminate/Support/helpers.php(390): Illuminate\\Session\\Middleware\\StartSession->{closure:Illuminate\\Session\\Middleware\\StartSession::startSession():143}(Object(Illuminate\\Session\\Store))
#13 /Volumes/Home/moohard/Kerjaan-Kepegawaian/apel-app/vendor/laravel/framework/src/Illuminate/Session/Middleware/StartSession.php(143): tap(Object(Illuminate\\Session\\Store), Object(Closure))
#14 /Volumes/Home/moohard/Kerjaan-Kepegawaian/apel-app/vendor/laravel/framework/src/Illuminate/Session/Middleware/StartSession.php(115): Illuminate\\Session\\Middleware\\StartSession->startSession(Object(Illuminate\\Http\\Request), Object(Illuminate\\Session\\Store))
#15 /Volumes/Home/moohard/Kerjaan-Kepegawaian/apel-app/vendor/laravel/framework/src/Illuminate/Session/Middleware/StartSession.php(63): Illuminate\\Session\\Middleware\\StartSession->handleStatefulRequest(Object(Illuminate\\Http\\Request), Object(Illuminate\\Session\\Store), Object(Closure))
#16 /Volumes/Home/moohard/Kerjaan-Kepegawaian/apel-app/vendor/laravel/framework/src/Illuminate/Pipeline/Pipeline.php(219): Illuminate\\Session\\Middleware\\StartSession->handle(Object(Illuminate\\Http\\Request), Object(Closure))
#17 /Volumes/Home/moohard/Kerjaan-Kepegawaian/apel-app/vendor/laravel/framework/src/Illuminate/Cookie/Middleware/AddQueuedCookiesToResponse.php(36): Illuminate\\Pipeline\\Pipeline->{closure:{closure:Illuminate\\Pipeline\\Pipeline::carry():194}:195}(Object(Illuminate\\Http\\Request))
#18 /Volumes/Home/moohard/Kerjaan-Kepegawaian/apel-app/vendor/laravel/framework/src/Illuminate/Pipeline/Pipeline.php(219): Illuminate\\Cookie\\Middleware\\AddQueuedCookiesToResponse->handle(Object(Illuminate\\Http\\Request), Object(Closure))
#19 /Volumes/Home/moohard/Kerjaan-Kepegawaian/apel-app/vendor/laravel/framework/src/Illuminate/Cookie/Middleware/EncryptCookies.php(74): Illuminate\\Pipeline\\Pipeline->{closure:{closure:Illuminate\\Pipeline\\Pipeline::carry():194}:195}(Object(Illuminate\\Http\\Request))
#20 /Volumes/Home/moohard/Kerjaan-Kepegawaian/apel-app/vendor/laravel/framework/src/Illuminate/Pipeline/Pipeline.php(219): Illuminate\\Cookie\\Middleware\\EncryptCookies->handle(Object(Illuminate\\Http\\Request), Object(Closure))
#21 /Volumes/Home/moohard/Kerjaan-Kepegawaian/apel-app/vendor/laravel/framework/src/Illuminate/Pipeline/Pipeline.php(137): Illuminate\\Pipeline\\Pipeline->{closure:{closure:Illuminate\\Pipeline\\Pipeline::carry():194}:195}(Object(Illuminate\\Http\\Request))
#22 /Volumes/Home/moohard/Kerjaan-Kepegawaian/apel-app/vendor/laravel/framework/src/Illuminate/Routing/Router.php(821): Illuminate\\Pipeline\\Pipeline->then(Object(Closure))
#23 /Volumes/Home/moohard/Kerjaan-Kepegawaian/apel-app/vendor/laravel/framework/src/Illuminate/Routing/Router.php(800): Illuminate\\Routing\\Router->runRouteWithinStack(Object(Illuminate\\Routing\\Route), Object(Illuminate\\Http\\Request))
#24 /Volumes/Home/moohard/Kerjaan-Kepegawaian/apel-app/vendor/laravel/framework/src/Illuminate/Routing/Router.php(764): Illuminate\\Routing\\Router->runRoute(Object(Illuminate\\Http\\Request), Object(Illuminate\\Routing\\Route))
#25 /Volumes/Home/moohard/Kerjaan-Kepegawaian/apel-app/vendor/laravel/framework/src/Illuminate/Routing/Router.php(753): Illuminate\\Routing\\Router->dispatchToRoute(Object(Illuminate\\Http\\Request))
#26 /Volumes/Home/moohard/Kerjaan-Kepegawaian/apel-app/vendor/laravel/framework/src/Illuminate/Foundation/Http/Kernel.php(200): Illuminate\\Routing\\Router->dispatch(Object(Illuminate\\Http\\Request))
#27 /Volumes/Home/moohard/Kerjaan-Kepegawaian/apel-app/vendor/laravel/framework/src/Illuminate/Pipeline/Pipeline.php(180): Illuminate\\Foundation\\Http\\Kernel->{closure:Illuminate\\Foundation\\Http\\Kernel::dispatchToRouter():197}(Object(Illuminate\\Http\\Request))
#28 /Volumes/Home/moohard/Kerjaan-Kepegawaian/apel-app/vendor/laravel/framework/src/Illuminate/Foundation/Http/Middleware/TransformsRequest.php(21): Illuminate\\Pipeline\\Pipeline->{closure:Illuminate\\Pipeline\\Pipeline::prepareDestination():178}(Object(Illuminate\\Http\\Request))
#29 /Volumes/Home/moohard/Kerjaan-Kepegawaian/apel-app/vendor/laravel/framework/src/Illuminate/Foundation/Http/Middleware/ConvertEmptyStringsToNull.php(31): Illuminate\\Foundation\\Http\\Middleware\\TransformsRequest->handle(Object(Illuminate\\Http\\Request), Object(Closure))
#30 /Volumes/Home/moohard/Kerjaan-Kepegawaian/apel-app/vendor/laravel/framework/src/Illuminate/Pipeline/Pipeline.php(219): Illuminate\\Foundation\\Http\\Middleware\\ConvertEmptyStringsToNull->handle(Object(Illuminate\\Http\\Request), Object(Closure))
#31 /Volumes/Home/moohard/Kerjaan-Kepegawaian/apel-app/vendor/laravel/framework/src/Illuminate/Foundation/Http/Middleware/TransformsRequest.php(21): Illuminate\\Pipeline\\Pipeline->{closure:{closure:Illuminate\\Pipeline\\Pipeline::carry():194}:195}(Object(Illuminate\\Http\\Request))
#32 /Volumes/Home/moohard/Kerjaan-Kepegawaian/apel-app/vendor/laravel/framework/src/Illuminate/Foundation/Http/Middleware/TrimStrings.php(51): Illuminate\\Foundation\\Http\\Middleware\\TransformsRequest->handle(Object(Illuminate\\Http\\Request), Object(Closure))
#33 /Volumes/Home/moohard/Kerjaan-Kepegawaian/apel-app/vendor/laravel/framework/src/Illuminate/Pipeline/Pipeline.php(219): Illuminate\\Foundation\\Http\\Middleware\\TrimStrings->handle(Object(Illuminate\\Http\\Request), Object(Closure))
#34 /Volumes/Home/moohard/Kerjaan-Kepegawaian/apel-app/vendor/laravel/framework/src/Illuminate/Http/Middleware/ValidatePostSize.php(27): Illuminate\\Pipeline\\Pipeline->{closure:{closure:Illuminate\\Pipeline\\Pipeline::carry():194}:195}(Object(Illuminate\\Http\\Request))
#35 /Volumes/Home/moohard/Kerjaan-Kepegawaian/apel-app/vendor/laravel/framework/src/Illuminate/Pipeline/Pipeline.php(219): Illuminate\\Http\\Middleware\\ValidatePostSize->handle(Object(Illuminate\\Http\\Request), Object(Closure))
#36 /Volumes/Home/moohard/Kerjaan-Kepegawaian/apel-app/vendor/laravel/framework/src/Illuminate/Foundation/Http/Middleware/PreventRequestsDuringMaintenance.php(109): Illuminate\\Pipeline\\Pipeline->{closure:{closure:Illuminate\\Pipeline\\Pipeline::carry():194}:195}(Object(Illuminate\\Http\\Request))
#37 /Volumes/Home/moohard/Kerjaan-Kepegawaian/apel-app/vendor/laravel/framework/src/Illuminate/Pipeline/Pipeline.php(219): Illuminate\\Foundation\\Http\\Middleware\\PreventRequestsDuringMaintenance->handle(Object(Illuminate\\Http\\Request), Object(Closure))
#38 /Volumes/Home/moohard/Kerjaan-Kepegawaian/apel-app/vendor/laravel/framework/src/Illuminate/Http/Middleware/HandleCors.php(48): Illuminate\\Pipeline\\Pipeline->{closure:{closure:Illuminate\\Pipeline\\Pipeline::carry():194}:195}(Object(Illuminate\\Http\\Request))
#39 /Volumes/Home/moohard/Kerjaan-Kepegawaian/apel-app/vendor/laravel/framework/src/Illuminate/Pipeline/Pipeline.php(219): Illuminate\\Http\\Middleware\\HandleCors->handle(Object(Illuminate\\Http\\Request), Object(Closure))
#40 /Volumes/Home/moohard/Kerjaan-Kepegawaian/apel-app/vendor/laravel/framework/src/Illuminate/Http/Middleware/TrustProxies.php(58): Illuminate\\Pipeline\\Pipeline->{closure:{closure:Illuminate\\Pipeline\\Pipeline::carry():194}:195}(Object(Illuminate\\Http\\Request))
#41 /Volumes/Home/moohard/Kerjaan-Kepegawaian/apel-app/vendor/laravel/framework/src/Illuminate/Pipeline/Pipeline.php(219): Illuminate\\Http\\Middleware\\TrustProxies->handle(Object(Illuminate\\Http\\Request), Object(Closure))
#42 /Volumes/Home/moohard/Kerjaan-Kepegawaian/apel-app/vendor/laravel/framework/src/Illuminate/Foundation/Http/Middleware/InvokeDeferredCallbacks.php(22): Illuminate\\Pipeline\\Pipeline->{closure:{closure:Illuminate\\Pipeline\\Pipeline::carry():194}:195}(Object(Illuminate\\Http\\Request))
#43 /Volumes/Home/moohard/Kerjaan-Kepegawaian/apel-app/vendor/laravel/framework/src/Illuminate/Pipeline/Pipeline.php(219): Illuminate\\Foundation\\Http\\Middleware\\InvokeDeferredCallbacks->handle(Object(Illuminate\\Http\\Request), Object(Closure))
#44 /Volumes/Home/moohard/Kerjaan-Kepegawaian/apel-app/vendor/laravel/framework/src/Illuminate/Http/Middleware/ValidatePathEncoding.php(26): Illuminate\\Pipeline\\Pipeline->{closure:{closure:Illuminate\\Pipeline\\Pipeline::carry():194}:195}(Object(Illuminate\\Http\\Request))
#45 /Volumes/Home/moohard/Kerjaan-Kepegawaian/apel-app/vendor/laravel/framework/src/Illuminate/Pipeline/Pipeline.php(219): Illuminate\\Http\\Middleware\\ValidatePathEncoding->handle(Object(Illuminate\\Http\\Request), Object(Closure))
#46 /Volumes/Home/moohard/Kerjaan-Kepegawaian/apel-app/vendor/laravel/framework/src/Illuminate/Pipeline/Pipeline.php(137): Illuminate\\Pipeline\\Pipeline->{closure:{closure:Illuminate\\Pipeline\\Pipeline::carry():194}:195}(Object(Illuminate\\Http\\Request))
#47 /Volumes/Home/moohard/Kerjaan-Kepegawaian/apel-app/vendor/laravel/framework/src/Illuminate/Foundation/Http/Kernel.php(175): Illuminate\\Pipeline\\Pipeline->then(Object(Closure))
#48 /Volumes/Home/moohard/Kerjaan-Kepegawaian/apel-app/vendor/laravel/framework/src/Illuminate/Foundation/Http/Kernel.php(144): Illuminate\\Foundation\\Http\\Kernel->sendRequestThroughRouter(Object(Illuminate\\Http\\Request))
#49 /Volumes/Home/moohard/Kerjaan-Kepegawaian/apel-app/vendor/laravel/framework/src/Illuminate/Foundation/Application.php(1220): Illuminate\\Foundation\\Http\\Kernel->handle(Object(Illuminate\\Http\\Request))
#50 /Volumes/Home/moohard/Kerjaan-Kepegawaian/apel-app/public/index.php(20): Illuminate\\Foundation\\Application->handleRequest(Object(Illuminate\\Http\\Request))
#51 /Volumes/Home/moohard/Kerjaan-Kepegawaian/apel-app/vendor/laravel/framework/src/Illuminate/Foundation/resources/server.php(23): require_once('/Volumes/Home/m...')
#52 {main}
"} 
[2026-01-12 05:54:53] local.ERROR: Class "Redis" not found {"exception":"[object] (Error(code: 0): Class \"Redis\" not found at /Volumes/Home/moohard/Kerjaan-Kepegawaian/apel-app/vendor/laravel/framework/src/Illuminate/Redis/Connectors/PhpRedisConnector.php:80)
[stacktrace]
#0 /Volumes/Home/moohard/Kerjaan-Kepegawaian/apel-app/vendor/laravel/framework/src/Illuminate/Redis/Connectors/PhpRedisConnector.php(34): Illuminate\\Redis\\Connectors\\PhpRedisConnector->createClient(Array)
#1 /Volumes/Home/moohard/Kerjaan-Kepegawaian/apel-app/vendor/laravel/framework/src/Illuminate/Redis/Connectors/PhpRedisConnector.php(39): Illuminate\\Redis\\Connectors\\PhpRedisConnector->{closure:Illuminate\\Redis\\Connectors\\PhpRedisConnector::connect():33}()
#2 /Volumes/Home/moohard/Kerjaan-Kepegawaian/apel-app/vendor/laravel/framework/src/Illuminate/Redis/RedisManager.php(111): Illuminate\\Redis\\Connectors\\PhpRedisConnector->connect(Array, Array)
#3 /Volumes/Home/moohard/Kerjaan-Kepegawaian/apel-app/vendor/laravel/framework/src/Illuminate/Redis/RedisManager.php(92): Illuminate\\Redis\\RedisManager->resolve('default')
#4 /Volumes/Home/moohard/Kerjaan-Kepegawaian/apel-app/vendor/laravel/framework/src/Illuminate/Cache/RedisStore.php(368): Illuminate\\Redis\\RedisManager->connection('default')
#5 /Volumes/Home/moohard/Kerjaan-Kepegawaian/apel-app/vendor/laravel/framework/src/Illuminate/Cache/RedisStore.php(71): Illuminate\\Cache\\RedisStore->connection()
#6 /Volumes/Home/moohard/Kerjaan-Kepegawaian/apel-app/vendor/laravel/framework/src/Illuminate/Cache/Repository.php(119): Illuminate\\Cache\\RedisStore->get('iGmoZjnTgOEhWWo...')
#7 /Volumes/Home/moohard/Kerjaan-Kepegawaian/apel-app/vendor/laravel/framework/src/Illuminate/Session/CacheBasedSessionHandler.php(63): Illuminate\\Cache\\Repository->get('iGmoZjnTgOEhWWo...', '')
#8 /Volumes/Home/moohard/Kerjaan-Kepegawaian/apel-app/vendor/laravel/framework/src/Illuminate/Session/Store.php(117): Illuminate\\Session\\CacheBasedSessionHandler->read('iGmoZjnTgOEhWWo...')
#9 /Volumes/Home/moohard/Kerjaan-Kepegawaian/apel-app/vendor/laravel/framework/src/Illuminate/Session/Store.php(105): Illuminate\\Session\\Store->readFromHandler()
#10 /Volumes/Home/moohard/Kerjaan-Kepegawaian/apel-app/vendor/laravel/framework/src/Illuminate/Session/Store.php(89): Illuminate\\Session\\Store->loadSession()
#11 /Volumes/Home/moohard/Kerjaan-Kepegawaian/apel-app/vendor/laravel/framework/src/Illuminate/Session/Middleware/StartSession.php(146): Illuminate\\Session\\Store->start()
#12 /Volumes/Home/moohard/Kerjaan-Kepegawaian/apel-app/vendor/laravel/framework/src/Illuminate/Support/helpers.php(390): Illuminate\\Session\\Middleware\\StartSession->{closure:Illuminate\\Session\\Middleware\\StartSession::startSession():143}(Object(Illuminate\\Session\\Store))
#13 /Volumes/Home/moohard/Kerjaan-Kepegawaian/apel-app/vendor/laravel/framework/src/Illuminate/Session/Middleware/StartSession.php(143): tap(Object(Illuminate\\Session\\Store), Object(Closure))
#14 /Volumes/Home/moohard/Kerjaan-Kepegawaian/apel-app/vendor/laravel/framework/src/Illuminate/Session/Middleware/StartSession.php(115): Illuminate\\Session\\Middleware\\StartSession->startSession(Object(Illuminate\\Http\\Request), Object(Illuminate\\Session\\Store))
#15 /Volumes/Home/moohard/Kerjaan-Kepegawaian/apel-app/vendor/laravel/framework/src/Illuminate/Session/Middleware/StartSession.php(63): Illuminate\\Session\\Middleware\\StartSession->handleStatefulRequest(Object(Illuminate\\Http\\Request), Object(Illuminate\\Session\\Store), Object(Closure))
#16 /Volumes/Home/moohard/Kerjaan-Kepegawaian/apel-app/vendor/laravel/framework/src/Illuminate/Pipeline/Pipeline.php(219): Illuminate\\Session\\Middleware\\StartSession->handle(Object(Illuminate\\Http\\Request), Object(Closure))
#17 /Volumes/Home/moohard/Kerjaan-Kepegawaian/apel-app/vendor/laravel/framework/src/Illuminate/Cookie/Middleware/AddQueuedCookiesToResponse.php(36): Illuminate\\Pipeline\\Pipeline->{closure:{closure:Illuminate\\Pipeline\\Pipeline::carry():194}:195}(Object(Illuminate\\Http\\Request))
#18 /Volumes/Home/moohard/Kerjaan-Kepegawaian/apel-app/vendor/laravel/framework/src/Illuminate/Pipeline/Pipeline.php(219): Illuminate\\Cookie\\Middleware\\AddQueuedCookiesToResponse->handle(Object(Illuminate\\Http\\Request), Object(Closure))
#19 /Volumes/Home/moohard/Kerjaan-Kepegawaian/apel-app/vendor/laravel/framework/src/Illuminate/Cookie/Middleware/EncryptCookies.php(74): Illuminate\\Pipeline\\Pipeline->{closure:{closure:Illuminate\\Pipeline\\Pipeline::carry():194}:195}(Object(Illuminate\\Http\\Request))
#20 /Volumes/Home/moohard/Kerjaan-Kepegawaian/apel-app/vendor/laravel/framework/src/Illuminate/Pipeline/Pipeline.php(219): Illuminate\\Cookie\\Middleware\\EncryptCookies->handle(Object(Illuminate\\Http\\Request), Object(Closure))
#21 /Volumes/Home/moohard/Kerjaan-Kepegawaian/apel-app/vendor/laravel/framework/src/Illuminate/Pipeline/Pipeline.php(137): Illuminate\\Pipeline\\Pipeline->{closure:{closure:Illuminate\\Pipeline\\Pipeline::carry():194}:195}(Object(Illuminate\\Http\\Request))
#22 /Volumes/Home/moohard/Kerjaan-Kepegawaian/apel-app/vendor/laravel/framework/src/Illuminate/Routing/Router.php(821): Illuminate\\Pipeline\\Pipeline->then(Object(Closure))
#23 /Volumes/Home/moohard/Kerjaan-Kepegawaian/apel-app/vendor/laravel/framework/src/Illuminate/Routing/Router.php(800): Illuminate\\Routing\\Router->runRouteWithinStack(Object(Illuminate\\Routing\\Route), Object(Illuminate\\Http\\Request))
#24 /Volumes/Home/moohard/Kerjaan-Kepegawaian/apel-app/vendor/laravel/framework/src/Illuminate/Routing/Router.php(764): Illuminate\\Routing\\Router->runRoute(Object(Illuminate\\Http\\Request), Object(Illuminate\\Routing\\Route))
#25 /Volumes/Home/moohard/Kerjaan-Kepegawaian/apel-app/vendor/laravel/framework/src/Illuminate/Routing/Router.php(753): Illuminate\\Routing\\Router->dispatchToRoute(Object(Illuminate\\Http\\Request))
#26 /Volumes/Home/moohard/Kerjaan-Kepegawaian/apel-app/vendor/laravel/framework/src/Illuminate/Foundation/Http/Kernel.php(200): Illuminate\\Routing\\Router->dispatch(Object(Illuminate\\Http\\Request))
#27 /Volumes/Home/moohard/Kerjaan-Kepegawaian/apel-app/vendor/laravel/framework/src/Illuminate/Pipeline/Pipeline.php(180): Illuminate\\Foundation\\Http\\Kernel->{closure:Illuminate\\Foundation\\Http\\Kernel::dispatchToRouter():197}(Object(Illuminate\\Http\\Request))
#28 /Volumes/Home/moohard/Kerjaan-Kepegawaian/apel-app/vendor/laravel/framework/src/Illuminate/Foundation/Http/Middleware/TransformsRequest.php(21): Illuminate\\Pipeline\\Pipeline->{closure:Illuminate\\Pipeline\\Pipeline::prepareDestination():178}(Object(Illuminate\\Http\\Request))
#29 /Volumes/Home/moohard/Kerjaan-Kepegawaian/apel-app/vendor/laravel/framework/src/Illuminate/Foundation/Http/Middleware/ConvertEmptyStringsToNull.php(31): Illuminate\\Foundation\\Http\\Middleware\\TransformsRequest->handle(Object(Illuminate\\Http\\Request), Object(Closure))
#30 /Volumes/Home/moohard/Kerjaan-Kepegawaian/apel-app/vendor/laravel/framework/src/Illuminate/Pipeline/Pipeline.php(219): Illuminate\\Foundation\\Http\\Middleware\\ConvertEmptyStringsToNull->handle(Object(Illuminate\\Http\\Request), Object(Closure))
#31 /Volumes/Home/moohard/Kerjaan-Kepegawaian/apel-app/vendor/laravel/framework/src/Illuminate/Foundation/Http/Middleware/TransformsRequest.php(21): Illuminate\\Pipeline\\Pipeline->{closure:{closure:Illuminate\\Pipeline\\Pipeline::carry():194}:195}(Object(Illuminate\\Http\\Request))
#32 /Volumes/Home/moohard/Kerjaan-Kepegawaian/apel-app/vendor/laravel/framework/src/Illuminate/Foundation/Http/Middleware/TrimStrings.php(51): Illuminate\\Foundation\\Http\\Middleware\\TransformsRequest->handle(Object(Illuminate\\Http\\Request), Object(Closure))
#33 /Volumes/Home/moohard/Kerjaan-Kepegawaian/apel-app/vendor/laravel/framework/src/Illuminate/Pipeline/Pipeline.php(219): Illuminate\\Foundation\\Http\\Middleware\\TrimStrings->handle(Object(Illuminate\\Http\\Request), Object(Closure))
#34 /Volumes/Home/moohard/Kerjaan-Kepegawaian/apel-app/vendor/laravel/framework/src/Illuminate/Http/Middleware/ValidatePostSize.php(27): Illuminate\\Pipeline\\Pipeline->{closure:{closure:Illuminate\\Pipeline\\Pipeline::carry():194}:195}(Object(Illuminate\\Http\\Request))
#35 /Volumes/Home/moohard/Kerjaan-Kepegawaian/apel-app/vendor/laravel/framework/src/Illuminate/Pipeline/Pipeline.php(219): Illuminate\\Http\\Middleware\\ValidatePostSize->handle(Object(Illuminate\\Http\\Request), Object(Closure))
#36 /Volumes/Home/moohard/Kerjaan-Kepegawaian/apel-app/vendor/laravel/framework/src/Illuminate/Foundation/Http/Middleware/PreventRequestsDuringMaintenance.php(109): Illuminate\\Pipeline\\Pipeline->{closure:{closure:Illuminate\\Pipeline\\Pipeline::carry():194}:195}(Object(Illuminate\\Http\\Request))
#37 /Volumes/Home/moohard/Kerjaan-Kepegawaian/apel-app/vendor/laravel/framework/src/Illuminate/Pipeline/Pipeline.php(219): Illuminate\\Foundation\\Http\\Middleware\\PreventRequestsDuringMaintenance->handle(Object(Illuminate\\Http\\Request), Object(Closure))
#38 /Volumes/Home/moohard/Kerjaan-Kepegawaian/apel-app/vendor/laravel/framework/src/Illuminate/Http/Middleware/HandleCors.php(48): Illuminate\\Pipeline\\Pipeline->{closure:{closure:Illuminate\\Pipeline\\Pipeline::carry():194}:195}(Object(Illuminate\\Http\\Request))
#39 /Volumes/Home/moohard/Kerjaan-Kepegawaian/apel-app/vendor/laravel/framework/src/Illuminate/Pipeline/Pipeline.php(219): Illuminate\\Http\\Middleware\\HandleCors->handle(Object(Illuminate\\Http\\Request), Object(Closure))
#40 /Volumes/Home/moohard/Kerjaan-Kepegawaian/apel-app/vendor/laravel/framework/src/Illuminate/Http/Middleware/TrustProxies.php(58): Illuminate\\Pipeline\\Pipeline->{closure:{closure:Illuminate\\Pipeline\\Pipeline::carry():194}:195}(Object(Illuminate\\Http\\Request))
#41 /Volumes/Home/moohard/Kerjaan-Kepegawaian/apel-app/vendor/laravel/framework/src/Illuminate/Pipeline/Pipeline.php(219): Illuminate\\Http\\Middleware\\TrustProxies->handle(Object(Illuminate\\Http\\Request), Object(Closure))
#42 /Volumes/Home/moohard/Kerjaan-Kepegawaian/apel-app/vendor/laravel/framework/src/Illuminate/Foundation/Http/Middleware/InvokeDeferredCallbacks.php(22): Illuminate\\Pipeline\\Pipeline->{closure:{closure:Illuminate\\Pipeline\\Pipeline::carry():194}:195}(Object(Illuminate\\Http\\Request))
#43 /Volumes/Home/moohard/Kerjaan-Kepegawaian/apel-app/vendor/laravel/framework/src/Illuminate/Pipeline/Pipeline.php(219): Illuminate\\Foundation\\Http\\Middleware\\InvokeDeferredCallbacks->handle(Object(Illuminate\\Http\\Request), Object(Closure))
#44 /Volumes/Home/moohard/Kerjaan-Kepegawaian/apel-app/vendor/laravel/framework/src/Illuminate/Http/Middleware/ValidatePathEncoding.php(26): Illuminate\\Pipeline\\Pipeline->{closure:{closure:Illuminate\\Pipeline\\Pipeline::carry():194}:195}(Object(Illuminate\\Http\\Request))
#45 /Volumes/Home/moohard/Kerjaan-Kepegawaian/apel-app/vendor/laravel/framework/src/Illuminate/Pipeline/Pipeline.php(219): Illuminate\\Http\\Middleware\\ValidatePathEncoding->handle(Object(Illuminate\\Http\\Request), Object(Closure))
#46 /Volumes/Home/moohard/Kerjaan-Kepegawaian/apel-app/vendor/laravel/framework/src/Illuminate/Pipeline/Pipeline.php(137): Illuminate\\Pipeline\\Pipeline->{closure:{closure:Illuminate\\Pipeline\\Pipeline::carry():194}:195}(Object(Illuminate\\Http\\Request))
#47 /Volumes/Home/moohard/Kerjaan-Kepegawaian/apel-app/vendor/laravel/framework/src/Illuminate/Foundation/Http/Kernel.php(175): Illuminate\\Pipeline\\Pipeline->then(Object(Closure))
#48 /Volumes/Home/moohard/Kerjaan-Kepegawaian/apel-app/vendor/laravel/framework/src/Illuminate/Foundation/Http/Kernel.php(144): Illuminate\\Foundation\\Http\\Kernel->sendRequestThroughRouter(Object(Illuminate\\Http\\Request))
#49 /Volumes/Home/moohard/Kerjaan-Kepegawaian/apel-app/vendor/laravel/framework/src/Illuminate/Foundation/Application.php(1220): Illuminate\\Foundation\\Http\\Kernel->handle(Object(Illuminate\\Http\\Request))
#50 /Volumes/Home/moohard/Kerjaan-Kepegawaian/apel-app/public/index.php(20): Illuminate\\Foundation\\Application->handleRequest(Object(Illuminate\\Http\\Request))
#51 /Volumes/Home/moohard/Kerjaan-Kepegawaian/apel-app/vendor/laravel/framework/src/Illuminate/Foundation/resources/server.php(23): require_once('/Volumes/Home/m...')
#52 {main}
"} 
[2026-01-12 05:59:27] local.INFO: updatePetugas called {"schedule_id":5,"assignments":[{"id":25,"role":"Pembina Apel","user_id":4},{"id":26,"role":"Pembaca Doa","user_id":6},{"id":27,"role":"Pembaca 8 Nilai MA","user_id":16},{"id":28,"role":"MC","user_id":24},{"id":29,"role":"Pemimpin Apel","user_id":28},{"id":30,"role":"Pembaca Lainnya","user_id":19}]} 
[2026-01-12 05:59:27] local.INFO: Validation passed {"validated":{"assignments":[{"id":25,"user_id":4,"role":"Pembina Apel"},{"id":26,"user_id":6,"role":"Pembaca Doa"},{"id":27,"user_id":16,"role":"Pembaca 8 Nilai MA"},{"id":28,"user_id":24,"role":"MC"},{"id":29,"user_id":28,"role":"Pemimpin Apel"},{"id":30,"user_id":19,"role":"Pembaca Lainnya"}]}} 
[2026-01-12 05:59:27] local.INFO: Assignment updated {"assignment_id":25,"user_id":4} 
[2026-01-12 05:59:27] local.INFO: Assignment updated {"assignment_id":26,"user_id":6} 
[2026-01-12 05:59:27] local.INFO: Assignment updated {"assignment_id":27,"user_id":16} 
[2026-01-12 05:59:27] local.INFO: Assignment updated {"assignment_id":28,"user_id":24} 
[2026-01-12 05:59:27] local.INFO: Assignment updated {"assignment_id":29,"user_id":28} 
[2026-01-12 05:59:27] local.INFO: Assignment updated {"assignment_id":30,"user_id":19} 
[2026-01-12 06:01:08] local.INFO: updatePetugas called {"schedule_id":5,"assignments":[{"id":25,"role":"Pembina Apel","user_id":4},{"id":26,"role":"Pembaca Doa","user_id":6},{"id":27,"role":"Pembaca 8 Nilai MA","user_id":16},{"id":28,"role":"MC","user_id":24},{"id":29,"role":"Pemimpin Apel","user_id":28},{"id":30,"role":"Pembaca Lainnya","user_id":19}]} 
[2026-01-12 06:01:08] local.INFO: Validation passed {"validated":{"assignments":[{"id":25,"user_id":4,"role":"Pembina Apel"},{"id":26,"user_id":6,"role":"Pembaca Doa"},{"id":27,"user_id":16,"role":"Pembaca 8 Nilai MA"},{"id":28,"user_id":24,"role":"MC"},{"id":29,"user_id":28,"role":"Pemimpin Apel"},{"id":30,"user_id":19,"role":"Pembaca Lainnya"}]}} 
[2026-01-12 06:01:08] local.INFO: Assignment updated {"assignment_id":25,"user_id":4} 
[2026-01-12 06:01:08] local.INFO: Assignment updated {"assignment_id":26,"user_id":6} 
[2026-01-12 06:01:08] local.INFO: Assignment updated {"assignment_id":27,"user_id":16} 
[2026-01-12 06:01:08] local.INFO: Assignment updated {"assignment_id":28,"user_id":24} 
[2026-01-12 06:01:08] local.INFO: Assignment updated {"assignment_id":29,"user_id":28} 
[2026-01-12 06:01:08] local.INFO: Assignment updated {"assignment_id":30,"user_id":19} 
[2026-01-12 06:01:08] local.INFO: updatePetugas called {"schedule_id":5,"assignments":[{"id":25,"role":"Pembina Apel","user_id":4},{"id":26,"role":"Pembaca Doa","user_id":6},{"id":27,"role":"Pembaca 8 Nilai MA","user_id":16},{"id":28,"role":"MC","user_id":24},{"id":29,"role":"Pemimpin Apel","user_id":28},{"id":30,"role":"Pembaca Lainnya","user_id":19}]} 
[2026-01-12 06:01:08] local.INFO: Validation passed {"validated":{"assignments":[{"id":25,"user_id":4,"role":"Pembina Apel"},{"id":26,"user_id":6,"role":"Pembaca Doa"},{"id":27,"user_id":16,"role":"Pembaca 8 Nilai MA"},{"id":28,"user_id":24,"role":"MC"},{"id":29,"user_id":28,"role":"Pemimpin Apel"},{"id":30,"user_id":19,"role":"Pembaca Lainnya"}]}} 
[2026-01-12 06:01:08] local.INFO: Assignment updated {"assignment_id":25,"user_id":4} 
[2026-01-12 06:01:08] local.INFO: Assignment updated {"assignment_id":26,"user_id":6} 
[2026-01-12 06:01:08] local.INFO: Assignment updated {"assignment_id":27,"user_id":16} 
[2026-01-12 06:01:08] local.INFO: Assignment updated {"assignment_id":28,"user_id":24} 
[2026-01-12 06:01:08] local.INFO: Assignment updated {"assignment_id":29,"user_id":28} 
[2026-01-12 06:01:08] local.INFO: Assignment updated {"assignment_id":30,"user_id":19} 
[2026-01-12 06:01:08] local.INFO: updatePetugas called {"schedule_id":5,"assignments":[{"id":25,"role":"Pembina Apel","user_id":4},{"id":26,"role":"Pembaca Doa","user_id":6},{"id":27,"role":"Pembaca 8 Nilai MA","user_id":16},{"id":28,"role":"MC","user_id":24},{"id":29,"role":"Pemimpin Apel","user_id":28},{"id":30,"role":"Pembaca Lainnya","user_id":19}]} 
[2026-01-12 06:01:08] local.INFO: Validation passed {"validated":{"assignments":[{"id":25,"user_id":4,"role":"Pembina Apel"},{"id":26,"user_id":6,"role":"Pembaca Doa"},{"id":27,"user_id":16,"role":"Pembaca 8 Nilai MA"},{"id":28,"user_id":24,"role":"MC"},{"id":29,"user_id":28,"role":"Pemimpin Apel"},{"id":30,"user_id":19,"role":"Pembaca Lainnya"}]}} 
[2026-01-12 06:01:08] local.INFO: Assignment updated {"assignment_id":25,"user_id":4} 
[2026-01-12 06:01:08] local.INFO: Assignment updated {"assignment_id":26,"user_id":6} 
[2026-01-12 06:01:08] local.INFO: Assignment updated {"assignment_id":27,"user_id":16} 
[2026-01-12 06:01:08] local.INFO: Assignment updated {"assignment_id":28,"user_id":24} 
[2026-01-12 06:01:08] local.INFO: Assignment updated {"assignment_id":29,"user_id":28} 
[2026-01-12 06:01:08] local.INFO: Assignment updated {"assignment_id":30,"user_id":19} 
